[0.011s] Invoking command in '/home/user/Desktop/ur_pick/ros2_ws/build/onrobot_driver': AMENT_PREFIX_PATH=/home/user/Desktop/ur_pick/ros2_ws/install/onrobot_description:${AMENT_PREFIX_PATH} CMAKE_PREFIX_PATH=/home/user/Desktop/ur_pick/ros2_ws/install/onrobot_description:/opt/ros/humble /usr/bin/cmake /home/user/Desktop/ur_pick/ros2_ws/src/onrobot_driver -DAMENT_CMAKE_SYMLINK_INSTALL=1 -DCMAKE_INSTALL_PREFIX=/home/user/Desktop/ur_pick/ros2_ws/install/onrobot_driver
[0.083s] -- The C compiler identification is GNU 12.3.0
[0.154s] -- The CXX compiler identification is GNU 12.3.0
[0.163s] -- Detecting C compiler ABI info
[0.254s] -- Detecting C compiler ABI info - done
[0.266s] -- Check for working C compiler: /usr/bin/cc - skipped
[0.267s] -- Detecting C compile features
[0.267s] -- Detecting C compile features - done
[0.270s] -- Detecting CXX compiler ABI info
[0.381s] -- Detecting CXX compiler ABI info - done
[0.392s] -- Check for working CXX compiler: /usr/bin/c++ - skipped
[0.392s] -- Detecting CXX compile features
[0.393s] -- Detecting CXX compile features - done
[0.396s] -- Found ament_cmake: 1.3.14 (/opt/ros/humble/share/ament_cmake/cmake)
[0.552s] -- Found Python3: /usr/bin/python3 (found version "3.10.12") found components: Interpreter 
[0.610s] -- Override CMake install command with custom implementation using symlinks instead of copying resources
[0.645s] -- Found controller_manager: 2.53.1 (/opt/ros/humble/share/controller_manager/cmake)
[0.717s] -- Found rosidl_generator_c: 3.1.8 (/opt/ros/humble/share/rosidl_generator_c/cmake)
[0.724s] -- Found rosidl_adapter: 3.1.8 (/opt/ros/humble/share/rosidl_adapter/cmake)
[0.738s] -- Found rosidl_generator_cpp: 3.1.8 (/opt/ros/humble/share/rosidl_generator_cpp/cmake)
[0.756s] -- Using all available rosidl_typesupport_c: rosidl_typesupport_fastrtps_c;rosidl_typesupport_introspection_c
[0.782s] -- Using all available rosidl_typesupport_cpp: rosidl_typesupport_fastrtps_cpp;rosidl_typesupport_introspection_cpp
[1.038s] -- Found rmw_implementation_cmake: 6.1.2 (/opt/ros/humble/share/rmw_implementation_cmake/cmake)
[1.043s] -- Found rmw_fastrtps_cpp: 6.2.10 (/opt/ros/humble/share/rmw_fastrtps_cpp/cmake)
[1.077s] -- Found TinyXML2 via Config file: TinyXML2_DIR-NOTFOUND
[1.178s] -- Found OpenSSL: /usr/lib/x86_64-linux-gnu/libcrypto.so (found version "3.0.2")  
[1.184s] -- Found TinyXML2 via Config file: TinyXML2_DIR-NOTFOUND
[1.200s] -- Found FastRTPS: /opt/ros/humble/include  
[1.203s] -- Found TinyXML2 via Config file: TinyXML2_DIR-NOTFOUND
[1.212s] -- Found TinyXML2 via Config file: TinyXML2_DIR-NOTFOUND
[1.222s] -- Using RMW implementation 'rmw_fastrtps_cpp' as default
[1.235s] -- Looking for pthread.h
[1.345s] -- Looking for pthread.h - found
[1.345s] -- Performing Test CMAKE_HAVE_LIBC_PTHREAD
[1.460s] -- Performing Test CMAKE_HAVE_LIBC_PTHREAD - Success
[1.461s] -- Found Threads: TRUE  
[1.568s] -- Found rclpy: 3.3.21 (/opt/ros/humble/share/rclpy/cmake)
[1.570s] -- Found std_srvs: 4.9.1 (/opt/ros/humble/share/std_srvs/cmake)
[1.585s] -- Found tf2_geometry_msgs: 0.25.20 (/opt/ros/humble/share/tf2_geometry_msgs/cmake)
[1.607s] -- Found eigen3_cmake_module: 0.1.1 (/opt/ros/humble/share/eigen3_cmake_module/cmake)
[1.609s] -- Found Eigen3: TRUE (found version "3.4.0") 
[1.609s] -- Ensuring Eigen3 include directory is part of orocos-kdl CMake target
[1.683s] -- Enabling Modbus Serial
[1.683s] -- Enabling Modbus Serial
[1.761s] -- Configuring done
[1.786s] -- Generating done
[1.793s] -- Build files have been written to: /home/user/Desktop/ur_pick/ros2_ws/build/onrobot_driver
[1.805s] Invoked command in '/home/user/Desktop/ur_pick/ros2_ws/build/onrobot_driver' returned '0': AMENT_PREFIX_PATH=/home/user/Desktop/ur_pick/ros2_ws/install/onrobot_description:${AMENT_PREFIX_PATH} CMAKE_PREFIX_PATH=/home/user/Desktop/ur_pick/ros2_ws/install/onrobot_description:/opt/ros/humble /usr/bin/cmake /home/user/Desktop/ur_pick/ros2_ws/src/onrobot_driver -DAMENT_CMAKE_SYMLINK_INSTALL=1 -DCMAKE_INSTALL_PREFIX=/home/user/Desktop/ur_pick/ros2_ws/install/onrobot_driver
[1.807s] Invoking command in '/home/user/Desktop/ur_pick/ros2_ws/build/onrobot_driver': AMENT_PREFIX_PATH=/home/user/Desktop/ur_pick/ros2_ws/install/onrobot_description:${AMENT_PREFIX_PATH} CMAKE_PREFIX_PATH=/home/user/Desktop/ur_pick/ros2_ws/install/onrobot_description:/opt/ros/humble /usr/bin/cmake --build /home/user/Desktop/ur_pick/ros2_ws/build/onrobot_driver -- -j15 -l15
[1.877s] [  7%] Building CXX object include/onrobot_driver/Modbus/src/CMakeFiles/Modbus_Core.dir/modbusException.cpp.o
[1.879s] [ 14%] Building CXX object include/onrobot_driver/Modbus/src/CMakeFiles/Modbus_Core.dir/modbusResponse.cpp.o
[1.879s] [ 21%] Building CXX object include/onrobot_driver/Modbus/src/CMakeFiles/Modbus_Core.dir/crc.cpp.o
[1.880s] [ 28%] Building CXX object include/onrobot_driver/Modbus/src/CMakeFiles/Modbus_Core.dir/modbusRequest.cpp.o
[2.536s] [ 35%] Linking CXX static library libModbus_Core.a
[2.603s] [ 35%] Built target Modbus_Core
[2.634s] [ 50%] Building CXX object include/onrobot_driver/Modbus/src/TCP/CMakeFiles/Modbus_TCP.dir/connection.cpp.o
[2.634s] [ 50%] Building CXX object include/onrobot_driver/Modbus/src/Serial/CMakeFiles/Modbus_Serial.dir/connection.cpp.o
[2.634s] [ 57%] Building CXX object include/onrobot_driver/Modbus/src/TCP/CMakeFiles/Modbus_TCP.dir/server.cpp.o
[3.194s] [ 64%] Linking CXX static library libModbus_TCP.a
[3.224s] [ 71%] Linking CXX static library libModbus_Serial.a
[3.247s] [ 71%] Built target Modbus_TCP
[3.277s] [ 71%] Built target Modbus_Serial
[3.305s] [ 78%] Linking CXX static library libModbus.a
[3.348s] [ 78%] Built target Modbus
[3.374s] [ 85%] Building CXX object CMakeFiles/onrobot_driver_plugin.dir/src/rg_hardware_interface.cpp.o
[3.378s] [ 92%] Building CXX object CMakeFiles/onrobot_driver_plugin.dir/src/RG.cpp.o
[6.705s] [100%] Linking CXX shared library libonrobot_driver_plugin.so
[6.960s] [100%] Built target onrobot_driver_plugin
[6.974s] Invoked command in '/home/user/Desktop/ur_pick/ros2_ws/build/onrobot_driver' returned '0': AMENT_PREFIX_PATH=/home/user/Desktop/ur_pick/ros2_ws/install/onrobot_description:${AMENT_PREFIX_PATH} CMAKE_PREFIX_PATH=/home/user/Desktop/ur_pick/ros2_ws/install/onrobot_description:/opt/ros/humble /usr/bin/cmake --build /home/user/Desktop/ur_pick/ros2_ws/build/onrobot_driver -- -j15 -l15
[6.976s] Invoking command in '/home/user/Desktop/ur_pick/ros2_ws/build/onrobot_driver': AMENT_PREFIX_PATH=/home/user/Desktop/ur_pick/ros2_ws/install/onrobot_description:${AMENT_PREFIX_PATH} CMAKE_PREFIX_PATH=/home/user/Desktop/ur_pick/ros2_ws/install/onrobot_description:/opt/ros/humble /usr/bin/cmake --install /home/user/Desktop/ur_pick/ros2_ws/build/onrobot_driver
[6.989s] -- Install configuration: ""
[6.989s] -- Execute custom install script
[6.989s] -- Symlinking: /home/user/Desktop/ur_pick/ros2_ws/install/onrobot_driver/share/onrobot_driver//rg_hardware_interface.xml
[7.005s] -- Symlinking: /home/user/Desktop/ur_pick/ros2_ws/install/onrobot_driver/lib/libonrobot_driver_plugin.so
[7.026s] -- Symlinking: /home/user/Desktop/ur_pick/ros2_ws/install/onrobot_driver/include/onrobot_driver/IModbusConnection.hpp
[7.040s] -- Symlinking: /home/user/Desktop/ur_pick/ros2_ws/install/onrobot_driver/include/onrobot_driver/Modbus/.clang-format
[7.053s] -- Symlinking: /home/user/Desktop/ur_pick/ros2_ws/install/onrobot_driver/include/onrobot_driver/Modbus/.git
[7.067s] -- Symlinking: /home/user/Desktop/ur_pick/ros2_ws/install/onrobot_driver/include/onrobot_driver/Modbus/.github/workflows/clang-format.yml
[7.081s] -- Symlinking: /home/user/Desktop/ur_pick/ros2_ws/install/onrobot_driver/include/onrobot_driver/Modbus/.github/workflows/cmake-multi-platform.yml
[7.096s] -- Symlinking: /home/user/Desktop/ur_pick/ros2_ws/install/onrobot_driver/include/onrobot_driver/Modbus/.gitignore
[7.110s] -- Symlinking: /home/user/Desktop/ur_pick/ros2_ws/install/onrobot_driver/include/onrobot_driver/Modbus/.gitmodules
[7.120s] -- Symlinking: /home/user/Desktop/ur_pick/ros2_ws/install/onrobot_driver/include/onrobot_driver/Modbus/CMakeLists.txt
[7.129s] -- Symlinking: /home/user/Desktop/ur_pick/ros2_ws/install/onrobot_driver/include/onrobot_driver/Modbus/Doxyfile
[7.138s] -- Symlinking: /home/user/Desktop/ur_pick/ros2_ws/install/onrobot_driver/include/onrobot_driver/Modbus/LICENSE
[7.153s] -- Symlinking: /home/user/Desktop/ur_pick/ros2_ws/install/onrobot_driver/include/onrobot_driver/Modbus/README.md
[7.167s] -- Symlinking: /home/user/Desktop/ur_pick/ros2_ws/install/onrobot_driver/include/onrobot_driver/Modbus/docs/html/Serial_2connection_8hpp_source.html
[7.181s] -- Symlinking: /home/user/Desktop/ur_pick/ros2_ws/install/onrobot_driver/include/onrobot_driver/Modbus/docs/html/TCP_2connection_8hpp_source.html
[7.195s] -- Symlinking: /home/user/Desktop/ur_pick/ros2_ws/install/onrobot_driver/include/onrobot_driver/Modbus/docs/html/annotated.html
[7.210s] -- Symlinking: /home/user/Desktop/ur_pick/ros2_ws/install/onrobot_driver/include/onrobot_driver/Modbus/docs/html/bc_s.png
[7.224s] -- Symlinking: /home/user/Desktop/ur_pick/ros2_ws/install/onrobot_driver/include/onrobot_driver/Modbus/docs/html/bc_sd.png
[7.232s] -- Symlinking: /home/user/Desktop/ur_pick/ros2_ws/install/onrobot_driver/include/onrobot_driver/Modbus/docs/html/bdwn.png
[7.246s] -- Symlinking: /home/user/Desktop/ur_pick/ros2_ws/install/onrobot_driver/include/onrobot_driver/Modbus/docs/html/classMB_1_1ModbusCell-members.html
[7.255s] -- Symlinking: /home/user/Desktop/ur_pick/ros2_ws/install/onrobot_driver/include/onrobot_driver/Modbus/docs/html/classMB_1_1ModbusCell.html
[7.265s] -- Symlinking: /home/user/Desktop/ur_pick/ros2_ws/install/onrobot_driver/include/onrobot_driver/Modbus/docs/html/classMB_1_1ModbusException-members.html
[7.274s] -- Symlinking: /home/user/Desktop/ur_pick/ros2_ws/install/onrobot_driver/include/onrobot_driver/Modbus/docs/html/classMB_1_1ModbusException.html
[7.288s] -- Symlinking: /home/user/Desktop/ur_pick/ros2_ws/install/onrobot_driver/include/onrobot_driver/Modbus/docs/html/classMB_1_1ModbusException.png
[7.297s] -- Symlinking: /home/user/Desktop/ur_pick/ros2_ws/install/onrobot_driver/include/onrobot_driver/Modbus/docs/html/classMB_1_1ModbusRequest-members.html
[7.306s] -- Symlinking: /home/user/Desktop/ur_pick/ros2_ws/install/onrobot_driver/include/onrobot_driver/Modbus/docs/html/classMB_1_1ModbusRequest.html
[7.315s] -- Symlinking: /home/user/Desktop/ur_pick/ros2_ws/install/onrobot_driver/include/onrobot_driver/Modbus/docs/html/classMB_1_1ModbusResponse-members.html
[7.329s] -- Symlinking: /home/user/Desktop/ur_pick/ros2_ws/install/onrobot_driver/include/onrobot_driver/Modbus/docs/html/classMB_1_1ModbusResponse.html
[7.337s] -- Symlinking: /home/user/Desktop/ur_pick/ros2_ws/install/onrobot_driver/include/onrobot_driver/Modbus/docs/html/classMB_1_1Serial_1_1Connection-members.html
[7.352s] -- Symlinking: /home/user/Desktop/ur_pick/ros2_ws/install/onrobot_driver/include/onrobot_driver/Modbus/docs/html/classMB_1_1Serial_1_1Connection.html
[7.361s] -- Symlinking: /home/user/Desktop/ur_pick/ros2_ws/install/onrobot_driver/include/onrobot_driver/Modbus/docs/html/classMB_1_1TCP_1_1Connection-members.html
[7.376s] -- Symlinking: /home/user/Desktop/ur_pick/ros2_ws/install/onrobot_driver/include/onrobot_driver/Modbus/docs/html/classMB_1_1TCP_1_1Connection.html
[7.385s] -- Symlinking: /home/user/Desktop/ur_pick/ros2_ws/install/onrobot_driver/include/onrobot_driver/Modbus/docs/html/classMB_1_1TCP_1_1Server-members.html
[7.394s] -- Symlinking: /home/user/Desktop/ur_pick/ros2_ws/install/onrobot_driver/include/onrobot_driver/Modbus/docs/html/classMB_1_1TCP_1_1Server.html
[7.407s] -- Symlinking: /home/user/Desktop/ur_pick/ros2_ws/install/onrobot_driver/include/onrobot_driver/Modbus/docs/html/classes.html
[7.417s] -- Symlinking: /home/user/Desktop/ur_pick/ros2_ws/install/onrobot_driver/include/onrobot_driver/Modbus/docs/html/clipboard.js
[7.426s] -- Symlinking: /home/user/Desktop/ur_pick/ros2_ws/install/onrobot_driver/include/onrobot_driver/Modbus/docs/html/closed.png
[7.435s] -- Symlinking: /home/user/Desktop/ur_pick/ros2_ws/install/onrobot_driver/include/onrobot_driver/Modbus/docs/html/cookie.js
[7.444s] -- Symlinking: /home/user/Desktop/ur_pick/ros2_ws/install/onrobot_driver/include/onrobot_driver/Modbus/docs/html/crc_8hpp_source.html
[7.458s] -- Symlinking: /home/user/Desktop/ur_pick/ros2_ws/install/onrobot_driver/include/onrobot_driver/Modbus/docs/html/deprecated.html
[7.468s] -- Symlinking: /home/user/Desktop/ur_pick/ros2_ws/install/onrobot_driver/include/onrobot_driver/Modbus/docs/html/dir_5c4711b76244cf820e6fc766a3eae98f.html
[7.476s] -- Symlinking: /home/user/Desktop/ur_pick/ros2_ws/install/onrobot_driver/include/onrobot_driver/Modbus/docs/html/dir_68267d1309a1af8e8297ef4c3efbcdba.html
[7.490s] -- Symlinking: /home/user/Desktop/ur_pick/ros2_ws/install/onrobot_driver/include/onrobot_driver/Modbus/docs/html/dir_89deb882b528f943e97271a20701dad4.html
[7.499s] -- Symlinking: /home/user/Desktop/ur_pick/ros2_ws/install/onrobot_driver/include/onrobot_driver/Modbus/docs/html/dir_bce4fe468017adc58bf81882531ea016.html
[7.507s] -- Symlinking: /home/user/Desktop/ur_pick/ros2_ws/install/onrobot_driver/include/onrobot_driver/Modbus/docs/html/dir_d44c64559bbebec7f509842c48db8b23.html
[7.523s] -- Symlinking: /home/user/Desktop/ur_pick/ros2_ws/install/onrobot_driver/include/onrobot_driver/Modbus/docs/html/dir_f8aebf652183de33714d471cbd098255.html
[7.533s] -- Symlinking: /home/user/Desktop/ur_pick/ros2_ws/install/onrobot_driver/include/onrobot_driver/Modbus/docs/html/dir_fa17a7b3bf7c731ce009520520ae23a8.html
[7.547s] -- Symlinking: /home/user/Desktop/ur_pick/ros2_ws/install/onrobot_driver/include/onrobot_driver/Modbus/docs/html/doc.png
[7.560s] -- Symlinking: /home/user/Desktop/ur_pick/ros2_ws/install/onrobot_driver/include/onrobot_driver/Modbus/docs/html/doc.svg
[7.569s] -- Symlinking: /home/user/Desktop/ur_pick/ros2_ws/install/onrobot_driver/include/onrobot_driver/Modbus/docs/html/docd.svg
[7.585s] -- Symlinking: /home/user/Desktop/ur_pick/ros2_ws/install/onrobot_driver/include/onrobot_driver/Modbus/docs/html/doxygen.css
[7.598s] -- Symlinking: /home/user/Desktop/ur_pick/ros2_ws/install/onrobot_driver/include/onrobot_driver/Modbus/docs/html/doxygen.svg
[7.607s] -- Symlinking: /home/user/Desktop/ur_pick/ros2_ws/install/onrobot_driver/include/onrobot_driver/Modbus/docs/html/doxygen_crawl.html
[7.616s] -- Symlinking: /home/user/Desktop/ur_pick/ros2_ws/install/onrobot_driver/include/onrobot_driver/Modbus/docs/html/dynsections.js
[7.630s] -- Symlinking: /home/user/Desktop/ur_pick/ros2_ws/install/onrobot_driver/include/onrobot_driver/Modbus/docs/html/files.html
[7.639s] -- Symlinking: /home/user/Desktop/ur_pick/ros2_ws/install/onrobot_driver/include/onrobot_driver/Modbus/docs/html/folderclosed.png
[7.647s] -- Symlinking: /home/user/Desktop/ur_pick/ros2_ws/install/onrobot_driver/include/onrobot_driver/Modbus/docs/html/folderclosed.svg
[7.661s] -- Symlinking: /home/user/Desktop/ur_pick/ros2_ws/install/onrobot_driver/include/onrobot_driver/Modbus/docs/html/folderclosedd.svg
[7.670s] -- Symlinking: /home/user/Desktop/ur_pick/ros2_ws/install/onrobot_driver/include/onrobot_driver/Modbus/docs/html/folderopen.png
[7.679s] -- Symlinking: /home/user/Desktop/ur_pick/ros2_ws/install/onrobot_driver/include/onrobot_driver/Modbus/docs/html/folderopen.svg
[7.693s] -- Symlinking: /home/user/Desktop/ur_pick/ros2_ws/install/onrobot_driver/include/onrobot_driver/Modbus/docs/html/folderopend.svg
[7.701s] -- Symlinking: /home/user/Desktop/ur_pick/ros2_ws/install/onrobot_driver/include/onrobot_driver/Modbus/docs/html/functions.html
[7.710s] -- Symlinking: /home/user/Desktop/ur_pick/ros2_ws/install/onrobot_driver/include/onrobot_driver/Modbus/docs/html/functions_func.html
[7.718s] -- Symlinking: /home/user/Desktop/ur_pick/ros2_ws/install/onrobot_driver/include/onrobot_driver/Modbus/docs/html/group__MB.html
[7.730s] -- Symlinking: /home/user/Desktop/ur_pick/ros2_ws/install/onrobot_driver/include/onrobot_driver/Modbus/docs/html/hierarchy.html
[7.739s] -- Symlinking: /home/user/Desktop/ur_pick/ros2_ws/install/onrobot_driver/include/onrobot_driver/Modbus/docs/html/index.html
[7.751s] -- Symlinking: /home/user/Desktop/ur_pick/ros2_ws/install/onrobot_driver/include/onrobot_driver/Modbus/docs/html/jquery.js
[7.759s] -- Symlinking: /home/user/Desktop/ur_pick/ros2_ws/install/onrobot_driver/include/onrobot_driver/Modbus/docs/html/menu.js
[7.767s] -- Symlinking: /home/user/Desktop/ur_pick/ros2_ws/install/onrobot_driver/include/onrobot_driver/Modbus/docs/html/menudata.js
[7.781s] -- Symlinking: /home/user/Desktop/ur_pick/ros2_ws/install/onrobot_driver/include/onrobot_driver/Modbus/docs/html/minus.svg
[7.789s] -- Symlinking: /home/user/Desktop/ur_pick/ros2_ws/install/onrobot_driver/include/onrobot_driver/Modbus/docs/html/minusd.svg
[7.798s] -- Symlinking: /home/user/Desktop/ur_pick/ros2_ws/install/onrobot_driver/include/onrobot_driver/Modbus/docs/html/modbusCell_8hpp_source.html
[7.807s] -- Symlinking: /home/user/Desktop/ur_pick/ros2_ws/install/onrobot_driver/include/onrobot_driver/Modbus/docs/html/modbusException_8hpp_source.html
[7.815s] -- Symlinking: /home/user/Desktop/ur_pick/ros2_ws/install/onrobot_driver/include/onrobot_driver/Modbus/docs/html/modbusRequest_8hpp_source.html
[7.829s] -- Symlinking: /home/user/Desktop/ur_pick/ros2_ws/install/onrobot_driver/include/onrobot_driver/Modbus/docs/html/modbusResponse_8hpp_source.html
[7.837s] -- Symlinking: /home/user/Desktop/ur_pick/ros2_ws/install/onrobot_driver/include/onrobot_driver/Modbus/docs/html/modbusUtils_8hpp_source.html
[7.852s] -- Symlinking: /home/user/Desktop/ur_pick/ros2_ws/install/onrobot_driver/include/onrobot_driver/Modbus/docs/html/modules.html
[7.865s] -- Symlinking: /home/user/Desktop/ur_pick/ros2_ws/install/onrobot_driver/include/onrobot_driver/Modbus/docs/html/namespaceMB.html
[7.879s] -- Symlinking: /home/user/Desktop/ur_pick/ros2_ws/install/onrobot_driver/include/onrobot_driver/Modbus/docs/html/namespaceMB_1_1CRC.html
[7.889s] -- Symlinking: /home/user/Desktop/ur_pick/ros2_ws/install/onrobot_driver/include/onrobot_driver/Modbus/docs/html/namespaceMB_1_1utils.html
[7.902s] -- Symlinking: /home/user/Desktop/ur_pick/ros2_ws/install/onrobot_driver/include/onrobot_driver/Modbus/docs/html/namespacemembers.html
[7.916s] -- Symlinking: /home/user/Desktop/ur_pick/ros2_ws/install/onrobot_driver/include/onrobot_driver/Modbus/docs/html/namespacemembers_enum.html
[7.929s] -- Symlinking: /home/user/Desktop/ur_pick/ros2_ws/install/onrobot_driver/include/onrobot_driver/Modbus/docs/html/namespacemembers_func.html
[7.944s] -- Symlinking: /home/user/Desktop/ur_pick/ros2_ws/install/onrobot_driver/include/onrobot_driver/Modbus/docs/html/namespaces.html
[7.952s] -- Symlinking: /home/user/Desktop/ur_pick/ros2_ws/install/onrobot_driver/include/onrobot_driver/Modbus/docs/html/nav_f.png
[7.962s] -- Symlinking: /home/user/Desktop/ur_pick/ros2_ws/install/onrobot_driver/include/onrobot_driver/Modbus/docs/html/nav_fd.png
[7.975s] -- Symlinking: /home/user/Desktop/ur_pick/ros2_ws/install/onrobot_driver/include/onrobot_driver/Modbus/docs/html/nav_g.png
[7.989s] -- Symlinking: /home/user/Desktop/ur_pick/ros2_ws/install/onrobot_driver/include/onrobot_driver/Modbus/docs/html/nav_h.png
[7.997s] -- Symlinking: /home/user/Desktop/ur_pick/ros2_ws/install/onrobot_driver/include/onrobot_driver/Modbus/docs/html/nav_hd.png
[8.010s] -- Symlinking: /home/user/Desktop/ur_pick/ros2_ws/install/onrobot_driver/include/onrobot_driver/Modbus/docs/html/open.png
[8.019s] -- Symlinking: /home/user/Desktop/ur_pick/ros2_ws/install/onrobot_driver/include/onrobot_driver/Modbus/docs/html/pages.html
[8.028s] -- Symlinking: /home/user/Desktop/ur_pick/ros2_ws/install/onrobot_driver/include/onrobot_driver/Modbus/docs/html/plus.svg
[8.043s] -- Symlinking: /home/user/Desktop/ur_pick/ros2_ws/install/onrobot_driver/include/onrobot_driver/Modbus/docs/html/plusd.svg
[8.052s] -- Symlinking: /home/user/Desktop/ur_pick/ros2_ws/install/onrobot_driver/include/onrobot_driver/Modbus/docs/html/search/all_0.html
[8.061s] -- Symlinking: /home/user/Desktop/ur_pick/ros2_ws/install/onrobot_driver/include/onrobot_driver/Modbus/docs/html/search/all_0.js
[8.073s] -- Symlinking: /home/user/Desktop/ur_pick/ros2_ws/install/onrobot_driver/include/onrobot_driver/Modbus/docs/html/search/all_1.html
[8.082s] -- Symlinking: /home/user/Desktop/ur_pick/ros2_ws/install/onrobot_driver/include/onrobot_driver/Modbus/docs/html/search/all_1.js
[8.091s] -- Symlinking: /home/user/Desktop/ur_pick/ros2_ws/install/onrobot_driver/include/onrobot_driver/Modbus/docs/html/search/all_10.js
[8.102s] -- Symlinking: /home/user/Desktop/ur_pick/ros2_ws/install/onrobot_driver/include/onrobot_driver/Modbus/docs/html/search/all_11.js
[8.111s] -- Symlinking: /home/user/Desktop/ur_pick/ros2_ws/install/onrobot_driver/include/onrobot_driver/Modbus/docs/html/search/all_2.html
[8.119s] -- Symlinking: /home/user/Desktop/ur_pick/ros2_ws/install/onrobot_driver/include/onrobot_driver/Modbus/docs/html/search/all_2.js
[8.127s] -- Symlinking: /home/user/Desktop/ur_pick/ros2_ws/install/onrobot_driver/include/onrobot_driver/Modbus/docs/html/search/all_3.html
[8.139s] -- Symlinking: /home/user/Desktop/ur_pick/ros2_ws/install/onrobot_driver/include/onrobot_driver/Modbus/docs/html/search/all_3.js
[8.148s] -- Symlinking: /home/user/Desktop/ur_pick/ros2_ws/install/onrobot_driver/include/onrobot_driver/Modbus/docs/html/search/all_4.html
[8.163s] -- Symlinking: /home/user/Desktop/ur_pick/ros2_ws/install/onrobot_driver/include/onrobot_driver/Modbus/docs/html/search/all_4.js
[8.176s] -- Symlinking: /home/user/Desktop/ur_pick/ros2_ws/install/onrobot_driver/include/onrobot_driver/Modbus/docs/html/search/all_5.html
[8.190s] -- Symlinking: /home/user/Desktop/ur_pick/ros2_ws/install/onrobot_driver/include/onrobot_driver/Modbus/docs/html/search/all_5.js
[8.204s] -- Symlinking: /home/user/Desktop/ur_pick/ros2_ws/install/onrobot_driver/include/onrobot_driver/Modbus/docs/html/search/all_6.html
[8.218s] -- Symlinking: /home/user/Desktop/ur_pick/ros2_ws/install/onrobot_driver/include/onrobot_driver/Modbus/docs/html/search/all_6.js
[8.227s] -- Symlinking: /home/user/Desktop/ur_pick/ros2_ws/install/onrobot_driver/include/onrobot_driver/Modbus/docs/html/search/all_7.html
[8.239s] -- Symlinking: /home/user/Desktop/ur_pick/ros2_ws/install/onrobot_driver/include/onrobot_driver/Modbus/docs/html/search/all_7.js
[8.255s] -- Symlinking: /home/user/Desktop/ur_pick/ros2_ws/install/onrobot_driver/include/onrobot_driver/Modbus/docs/html/search/all_8.html
[8.267s] -- Symlinking: /home/user/Desktop/ur_pick/ros2_ws/install/onrobot_driver/include/onrobot_driver/Modbus/docs/html/search/all_8.js
[8.279s] -- Symlinking: /home/user/Desktop/ur_pick/ros2_ws/install/onrobot_driver/include/onrobot_driver/Modbus/docs/html/search/all_9.html
[8.294s] -- Symlinking: /home/user/Desktop/ur_pick/ros2_ws/install/onrobot_driver/include/onrobot_driver/Modbus/docs/html/search/all_9.js
[8.307s] -- Symlinking: /home/user/Desktop/ur_pick/ros2_ws/install/onrobot_driver/include/onrobot_driver/Modbus/docs/html/search/all_a.js
[8.317s] -- Symlinking: /home/user/Desktop/ur_pick/ros2_ws/install/onrobot_driver/include/onrobot_driver/Modbus/docs/html/search/all_b.js
[8.326s] -- Symlinking: /home/user/Desktop/ur_pick/ros2_ws/install/onrobot_driver/include/onrobot_driver/Modbus/docs/html/search/all_c.js
[8.340s] -- Symlinking: /home/user/Desktop/ur_pick/ros2_ws/install/onrobot_driver/include/onrobot_driver/Modbus/docs/html/search/all_d.js
[8.354s] -- Symlinking: /home/user/Desktop/ur_pick/ros2_ws/install/onrobot_driver/include/onrobot_driver/Modbus/docs/html/search/all_e.js
[8.369s] -- Symlinking: /home/user/Desktop/ur_pick/ros2_ws/install/onrobot_driver/include/onrobot_driver/Modbus/docs/html/search/all_f.js
[8.382s] -- Symlinking: /home/user/Desktop/ur_pick/ros2_ws/install/onrobot_driver/include/onrobot_driver/Modbus/docs/html/search/classes_0.html
[8.396s] -- Symlinking: /home/user/Desktop/ur_pick/ros2_ws/install/onrobot_driver/include/onrobot_driver/Modbus/docs/html/search/classes_0.js
[8.407s] -- Symlinking: /home/user/Desktop/ur_pick/ros2_ws/install/onrobot_driver/include/onrobot_driver/Modbus/docs/html/search/classes_1.html
[8.416s] -- Symlinking: /home/user/Desktop/ur_pick/ros2_ws/install/onrobot_driver/include/onrobot_driver/Modbus/docs/html/search/classes_1.js
[8.430s] -- Symlinking: /home/user/Desktop/ur_pick/ros2_ws/install/onrobot_driver/include/onrobot_driver/Modbus/docs/html/search/classes_2.html
[8.442s] -- Symlinking: /home/user/Desktop/ur_pick/ros2_ws/install/onrobot_driver/include/onrobot_driver/Modbus/docs/html/search/classes_2.js
[8.454s] -- Symlinking: /home/user/Desktop/ur_pick/ros2_ws/install/onrobot_driver/include/onrobot_driver/Modbus/docs/html/search/close.svg
[8.467s] -- Symlinking: /home/user/Desktop/ur_pick/ros2_ws/install/onrobot_driver/include/onrobot_driver/Modbus/docs/html/search/enums_0.html
[8.480s] -- Symlinking: /home/user/Desktop/ur_pick/ros2_ws/install/onrobot_driver/include/onrobot_driver/Modbus/docs/html/search/enums_0.js
[8.496s] -- Symlinking: /home/user/Desktop/ur_pick/ros2_ws/install/onrobot_driver/include/onrobot_driver/Modbus/docs/html/search/functions_0.html
[8.504s] -- Symlinking: /home/user/Desktop/ur_pick/ros2_ws/install/onrobot_driver/include/onrobot_driver/Modbus/docs/html/search/functions_0.js
[8.517s] -- Symlinking: /home/user/Desktop/ur_pick/ros2_ws/install/onrobot_driver/include/onrobot_driver/Modbus/docs/html/search/functions_1.html
[8.526s] -- Symlinking: /home/user/Desktop/ur_pick/ros2_ws/install/onrobot_driver/include/onrobot_driver/Modbus/docs/html/search/functions_1.js
[8.540s] -- Symlinking: /home/user/Desktop/ur_pick/ros2_ws/install/onrobot_driver/include/onrobot_driver/Modbus/docs/html/search/functions_2.html
[8.553s] -- Symlinking: /home/user/Desktop/ur_pick/ros2_ws/install/onrobot_driver/include/onrobot_driver/Modbus/docs/html/search/functions_2.js
[8.567s] -- Symlinking: /home/user/Desktop/ur_pick/ros2_ws/install/onrobot_driver/include/onrobot_driver/Modbus/docs/html/search/functions_3.html
[8.581s] -- Symlinking: /home/user/Desktop/ur_pick/ros2_ws/install/onrobot_driver/include/onrobot_driver/Modbus/docs/html/search/functions_3.js
[8.592s] -- Symlinking: /home/user/Desktop/ur_pick/ros2_ws/install/onrobot_driver/include/onrobot_driver/Modbus/docs/html/search/functions_4.html
[8.600s] -- Symlinking: /home/user/Desktop/ur_pick/ros2_ws/install/onrobot_driver/include/onrobot_driver/Modbus/docs/html/search/functions_4.js
[8.614s] -- Symlinking: /home/user/Desktop/ur_pick/ros2_ws/install/onrobot_driver/include/onrobot_driver/Modbus/docs/html/search/functions_5.html
[8.623s] -- Symlinking: /home/user/Desktop/ur_pick/ros2_ws/install/onrobot_driver/include/onrobot_driver/Modbus/docs/html/search/functions_5.js
[8.636s] -- Symlinking: /home/user/Desktop/ur_pick/ros2_ws/install/onrobot_driver/include/onrobot_driver/Modbus/docs/html/search/functions_6.html
[8.650s] -- Symlinking: /home/user/Desktop/ur_pick/ros2_ws/install/onrobot_driver/include/onrobot_driver/Modbus/docs/html/search/functions_6.js
[8.659s] -- Symlinking: /home/user/Desktop/ur_pick/ros2_ws/install/onrobot_driver/include/onrobot_driver/Modbus/docs/html/search/functions_7.html
[8.673s] -- Symlinking: /home/user/Desktop/ur_pick/ros2_ws/install/onrobot_driver/include/onrobot_driver/Modbus/docs/html/search/functions_7.js
[8.687s] -- Symlinking: /home/user/Desktop/ur_pick/ros2_ws/install/onrobot_driver/include/onrobot_driver/Modbus/docs/html/search/functions_8.html
[8.695s] -- Symlinking: /home/user/Desktop/ur_pick/ros2_ws/install/onrobot_driver/include/onrobot_driver/Modbus/docs/html/search/functions_8.js
[8.710s] -- Symlinking: /home/user/Desktop/ur_pick/ros2_ws/install/onrobot_driver/include/onrobot_driver/Modbus/docs/html/search/functions_9.html
[8.725s] -- Symlinking: /home/user/Desktop/ur_pick/ros2_ws/install/onrobot_driver/include/onrobot_driver/Modbus/docs/html/search/functions_9.js
[8.737s] -- Symlinking: /home/user/Desktop/ur_pick/ros2_ws/install/onrobot_driver/include/onrobot_driver/Modbus/docs/html/search/functions_a.js
[8.749s] -- Symlinking: /home/user/Desktop/ur_pick/ros2_ws/install/onrobot_driver/include/onrobot_driver/Modbus/docs/html/search/mag.svg
[8.759s] -- Symlinking: /home/user/Desktop/ur_pick/ros2_ws/install/onrobot_driver/include/onrobot_driver/Modbus/docs/html/search/mag_d.svg
[8.769s] -- Symlinking: /home/user/Desktop/ur_pick/ros2_ws/install/onrobot_driver/include/onrobot_driver/Modbus/docs/html/search/mag_sel.svg
[8.783s] -- Symlinking: /home/user/Desktop/ur_pick/ros2_ws/install/onrobot_driver/include/onrobot_driver/Modbus/docs/html/search/mag_seld.svg
[8.793s] -- Symlinking: /home/user/Desktop/ur_pick/ros2_ws/install/onrobot_driver/include/onrobot_driver/Modbus/docs/html/search/namespaces_0.html
[8.807s] -- Symlinking: /home/user/Desktop/ur_pick/ros2_ws/install/onrobot_driver/include/onrobot_driver/Modbus/docs/html/search/namespaces_0.js
[8.822s] -- Symlinking: /home/user/Desktop/ur_pick/ros2_ws/install/onrobot_driver/include/onrobot_driver/Modbus/docs/html/search/nomatches.html
[8.832s] -- Symlinking: /home/user/Desktop/ur_pick/ros2_ws/install/onrobot_driver/include/onrobot_driver/Modbus/docs/html/search/pages_0.js
[8.846s] -- Symlinking: /home/user/Desktop/ur_pick/ros2_ws/install/onrobot_driver/include/onrobot_driver/Modbus/docs/html/search/pages_1.js
[8.860s] -- Symlinking: /home/user/Desktop/ur_pick/ros2_ws/install/onrobot_driver/include/onrobot_driver/Modbus/docs/html/search/pages_2.js
[8.874s] -- Symlinking: /home/user/Desktop/ur_pick/ros2_ws/install/onrobot_driver/include/onrobot_driver/Modbus/docs/html/search/pages_3.js
[8.888s] -- Symlinking: /home/user/Desktop/ur_pick/ros2_ws/install/onrobot_driver/include/onrobot_driver/Modbus/docs/html/search/search.css
[8.897s] -- Symlinking: /home/user/Desktop/ur_pick/ros2_ws/install/onrobot_driver/include/onrobot_driver/Modbus/docs/html/search/search.js
[8.910s] -- Symlinking: /home/user/Desktop/ur_pick/ros2_ws/install/onrobot_driver/include/onrobot_driver/Modbus/docs/html/search/search_l.png
[8.924s] -- Symlinking: /home/user/Desktop/ur_pick/ros2_ws/install/onrobot_driver/include/onrobot_driver/Modbus/docs/html/search/search_m.png
[8.933s] -- Symlinking: /home/user/Desktop/ur_pick/ros2_ws/install/onrobot_driver/include/onrobot_driver/Modbus/docs/html/search/search_r.png
[8.948s] -- Symlinking: /home/user/Desktop/ur_pick/ros2_ws/install/onrobot_driver/include/onrobot_driver/Modbus/docs/html/search/searchdata.js
[8.961s] -- Symlinking: /home/user/Desktop/ur_pick/ros2_ws/install/onrobot_driver/include/onrobot_driver/Modbus/docs/html/server_8hpp_source.html
[8.971s] -- Symlinking: /home/user/Desktop/ur_pick/ros2_ws/install/onrobot_driver/include/onrobot_driver/Modbus/docs/html/splitbar.png
[8.984s] -- Symlinking: /home/user/Desktop/ur_pick/ros2_ws/install/onrobot_driver/include/onrobot_driver/Modbus/docs/html/splitbard.png
[8.997s] -- Symlinking: /home/user/Desktop/ur_pick/ros2_ws/install/onrobot_driver/include/onrobot_driver/Modbus/docs/html/sync_off.png
[9.012s] -- Symlinking: /home/user/Desktop/ur_pick/ros2_ws/install/onrobot_driver/include/onrobot_driver/Modbus/docs/html/sync_on.png
[9.021s] -- Symlinking: /home/user/Desktop/ur_pick/ros2_ws/install/onrobot_driver/include/onrobot_driver/Modbus/docs/html/tab_a.png
[9.036s] -- Symlinking: /home/user/Desktop/ur_pick/ros2_ws/install/onrobot_driver/include/onrobot_driver/Modbus/docs/html/tab_ad.png
[9.051s] -- Symlinking: /home/user/Desktop/ur_pick/ros2_ws/install/onrobot_driver/include/onrobot_driver/Modbus/docs/html/tab_b.png
[9.064s] -- Symlinking: /home/user/Desktop/ur_pick/ros2_ws/install/onrobot_driver/include/onrobot_driver/Modbus/docs/html/tab_bd.png
[9.079s] -- Symlinking: /home/user/Desktop/ur_pick/ros2_ws/install/onrobot_driver/include/onrobot_driver/Modbus/docs/html/tab_h.png
[9.092s] -- Symlinking: /home/user/Desktop/ur_pick/ros2_ws/install/onrobot_driver/include/onrobot_driver/Modbus/docs/html/tab_hd.png
[9.107s] -- Symlinking: /home/user/Desktop/ur_pick/ros2_ws/install/onrobot_driver/include/onrobot_driver/Modbus/docs/html/tab_s.png
[9.121s] -- Symlinking: /home/user/Desktop/ur_pick/ros2_ws/install/onrobot_driver/include/onrobot_driver/Modbus/docs/html/tab_sd.png
[9.130s] -- Symlinking: /home/user/Desktop/ur_pick/ros2_ws/install/onrobot_driver/include/onrobot_driver/Modbus/docs/html/tabs.css
[9.140s] -- Symlinking: /home/user/Desktop/ur_pick/ros2_ws/install/onrobot_driver/include/onrobot_driver/Modbus/example/main.cpp
[9.153s] -- Symlinking: /home/user/Desktop/ur_pick/ros2_ws/install/onrobot_driver/include/onrobot_driver/Modbus/include/MB/Serial/connection.hpp
[9.168s] -- Symlinking: /home/user/Desktop/ur_pick/ros2_ws/install/onrobot_driver/include/onrobot_driver/Modbus/include/MB/TCP/connection.hpp
[9.181s] -- Symlinking: /home/user/Desktop/ur_pick/ros2_ws/install/onrobot_driver/include/onrobot_driver/Modbus/include/MB/TCP/server.hpp
[9.196s] -- Symlinking: /home/user/Desktop/ur_pick/ros2_ws/install/onrobot_driver/include/onrobot_driver/Modbus/include/MB/crc.hpp
[9.209s] -- Symlinking: /home/user/Desktop/ur_pick/ros2_ws/install/onrobot_driver/include/onrobot_driver/Modbus/include/MB/modbusCell.hpp
[9.223s] -- Symlinking: /home/user/Desktop/ur_pick/ros2_ws/install/onrobot_driver/include/onrobot_driver/Modbus/include/MB/modbusException.hpp
[9.237s] -- Symlinking: /home/user/Desktop/ur_pick/ros2_ws/install/onrobot_driver/include/onrobot_driver/Modbus/include/MB/modbusRequest.hpp
[9.246s] -- Symlinking: /home/user/Desktop/ur_pick/ros2_ws/install/onrobot_driver/include/onrobot_driver/Modbus/include/MB/modbusResponse.hpp
[9.258s] -- Symlinking: /home/user/Desktop/ur_pick/ros2_ws/install/onrobot_driver/include/onrobot_driver/Modbus/include/MB/modbusUtils.hpp
[9.266s] -- Symlinking: /home/user/Desktop/ur_pick/ros2_ws/install/onrobot_driver/include/onrobot_driver/Modbus/reformat-all.sh
[9.275s] -- Symlinking: /home/user/Desktop/ur_pick/ros2_ws/install/onrobot_driver/include/onrobot_driver/Modbus/shell.nix
[9.287s] -- Symlinking: /home/user/Desktop/ur_pick/ros2_ws/install/onrobot_driver/include/onrobot_driver/Modbus/src/CMakeLists.txt
[9.298s] -- Symlinking: /home/user/Desktop/ur_pick/ros2_ws/install/onrobot_driver/include/onrobot_driver/Modbus/src/Serial/CMakeLists.txt
[9.306s] -- Symlinking: /home/user/Desktop/ur_pick/ros2_ws/install/onrobot_driver/include/onrobot_driver/Modbus/src/Serial/connection.cpp
[9.318s] -- Symlinking: /home/user/Desktop/ur_pick/ros2_ws/install/onrobot_driver/include/onrobot_driver/Modbus/src/TCP/CMakeLists.txt
[9.332s] -- Symlinking: /home/user/Desktop/ur_pick/ros2_ws/install/onrobot_driver/include/onrobot_driver/Modbus/src/TCP/connection.cpp
[9.344s] -- Symlinking: /home/user/Desktop/ur_pick/ros2_ws/install/onrobot_driver/include/onrobot_driver/Modbus/src/TCP/server.cpp
[9.359s] -- Symlinking: /home/user/Desktop/ur_pick/ros2_ws/install/onrobot_driver/include/onrobot_driver/Modbus/src/crc.cpp
[9.372s] -- Symlinking: /home/user/Desktop/ur_pick/ros2_ws/install/onrobot_driver/include/onrobot_driver/Modbus/src/modbusException.cpp
[9.381s] -- Symlinking: /home/user/Desktop/ur_pick/ros2_ws/install/onrobot_driver/include/onrobot_driver/Modbus/src/modbusRequest.cpp
[9.397s] -- Symlinking: /home/user/Desktop/ur_pick/ros2_ws/install/onrobot_driver/include/onrobot_driver/Modbus/src/modbusResponse.cpp
[9.411s] -- Symlinking: /home/user/Desktop/ur_pick/ros2_ws/install/onrobot_driver/include/onrobot_driver/Modbus/tests/CMakeLists.txt
[9.427s] -- Symlinking: /home/user/Desktop/ur_pick/ros2_ws/install/onrobot_driver/include/onrobot_driver/Modbus/tests/MB/ModbusCellTests.cpp
[9.440s] -- Symlinking: /home/user/Desktop/ur_pick/ros2_ws/install/onrobot_driver/include/onrobot_driver/Modbus/tests/MB/ModbusExceptionTests.cpp
[9.448s] -- Symlinking: /home/user/Desktop/ur_pick/ros2_ws/install/onrobot_driver/include/onrobot_driver/Modbus/tests/MB/ModbusFunctionalTests.cpp
[9.457s] -- Symlinking: /home/user/Desktop/ur_pick/ros2_ws/install/onrobot_driver/include/onrobot_driver/Modbus/tests/MB/ModbusRequestTests.cpp
[9.472s] -- Symlinking: /home/user/Desktop/ur_pick/ros2_ws/install/onrobot_driver/include/onrobot_driver/Modbus/tests/MB/ModbusResponseTests.cpp
[9.482s] -- Symlinking: /home/user/Desktop/ur_pick/ros2_ws/install/onrobot_driver/include/onrobot_driver/Modbus/tests/googletest/.clang-format
[9.495s] -- Symlinking: /home/user/Desktop/ur_pick/ros2_ws/install/onrobot_driver/include/onrobot_driver/Modbus/tests/googletest/.git
[9.510s] -- Symlinking: /home/user/Desktop/ur_pick/ros2_ws/install/onrobot_driver/include/onrobot_driver/Modbus/tests/googletest/.github/ISSUE_TEMPLATE/00-bug_report.md
[9.524s] -- Symlinking: /home/user/Desktop/ur_pick/ros2_ws/install/onrobot_driver/include/onrobot_driver/Modbus/tests/googletest/.github/ISSUE_TEMPLATE/10-feature_request.md
[9.539s] -- Symlinking: /home/user/Desktop/ur_pick/ros2_ws/install/onrobot_driver/include/onrobot_driver/Modbus/tests/googletest/.github/ISSUE_TEMPLATE/config.yml
[9.553s] -- Symlinking: /home/user/Desktop/ur_pick/ros2_ws/install/onrobot_driver/include/onrobot_driver/Modbus/tests/googletest/.github/workflows/gtest-ci.yml
[9.566s] -- Symlinking: /home/user/Desktop/ur_pick/ros2_ws/install/onrobot_driver/include/onrobot_driver/Modbus/tests/googletest/.gitignore
[9.580s] -- Symlinking: /home/user/Desktop/ur_pick/ros2_ws/install/onrobot_driver/include/onrobot_driver/Modbus/tests/googletest/BUILD.bazel
[9.593s] -- Symlinking: /home/user/Desktop/ur_pick/ros2_ws/install/onrobot_driver/include/onrobot_driver/Modbus/tests/googletest/CMakeLists.txt
[9.608s] -- Symlinking: /home/user/Desktop/ur_pick/ros2_ws/install/onrobot_driver/include/onrobot_driver/Modbus/tests/googletest/CONTRIBUTING.md
[9.620s] -- Symlinking: /home/user/Desktop/ur_pick/ros2_ws/install/onrobot_driver/include/onrobot_driver/Modbus/tests/googletest/CONTRIBUTORS
[9.635s] -- Symlinking: /home/user/Desktop/ur_pick/ros2_ws/install/onrobot_driver/include/onrobot_driver/Modbus/tests/googletest/LICENSE
[9.649s] -- Symlinking: /home/user/Desktop/ur_pick/ros2_ws/install/onrobot_driver/include/onrobot_driver/Modbus/tests/googletest/README.md
[9.658s] -- Symlinking: /home/user/Desktop/ur_pick/ros2_ws/install/onrobot_driver/include/onrobot_driver/Modbus/tests/googletest/WORKSPACE
[9.673s] -- Symlinking: /home/user/Desktop/ur_pick/ros2_ws/install/onrobot_driver/include/onrobot_driver/Modbus/tests/googletest/ci/linux-presubmit.sh
[9.688s] -- Symlinking: /home/user/Desktop/ur_pick/ros2_ws/install/onrobot_driver/include/onrobot_driver/Modbus/tests/googletest/ci/macos-presubmit.sh
[9.703s] -- Symlinking: /home/user/Desktop/ur_pick/ros2_ws/install/onrobot_driver/include/onrobot_driver/Modbus/tests/googletest/docs/_config.yml
[9.717s] -- Symlinking: /home/user/Desktop/ur_pick/ros2_ws/install/onrobot_driver/include/onrobot_driver/Modbus/tests/googletest/docs/_data/navigation.yml
[9.732s] -- Symlinking: /home/user/Desktop/ur_pick/ros2_ws/install/onrobot_driver/include/onrobot_driver/Modbus/tests/googletest/docs/_layouts/default.html
[9.745s] -- Symlinking: /home/user/Desktop/ur_pick/ros2_ws/install/onrobot_driver/include/onrobot_driver/Modbus/tests/googletest/docs/_sass/main.scss
[9.759s] -- Symlinking: /home/user/Desktop/ur_pick/ros2_ws/install/onrobot_driver/include/onrobot_driver/Modbus/tests/googletest/docs/advanced.md
[9.772s] -- Symlinking: /home/user/Desktop/ur_pick/ros2_ws/install/onrobot_driver/include/onrobot_driver/Modbus/tests/googletest/docs/assets/css/style.scss
[9.787s] -- Symlinking: /home/user/Desktop/ur_pick/ros2_ws/install/onrobot_driver/include/onrobot_driver/Modbus/tests/googletest/docs/community_created_documentation.md
[9.800s] -- Symlinking: /home/user/Desktop/ur_pick/ros2_ws/install/onrobot_driver/include/onrobot_driver/Modbus/tests/googletest/docs/faq.md
[9.812s] -- Symlinking: /home/user/Desktop/ur_pick/ros2_ws/install/onrobot_driver/include/onrobot_driver/Modbus/tests/googletest/docs/gmock_cheat_sheet.md
[9.826s] -- Symlinking: /home/user/Desktop/ur_pick/ros2_ws/install/onrobot_driver/include/onrobot_driver/Modbus/tests/googletest/docs/gmock_cook_book.md
[9.836s] -- Symlinking: /home/user/Desktop/ur_pick/ros2_ws/install/onrobot_driver/include/onrobot_driver/Modbus/tests/googletest/docs/gmock_faq.md
[9.849s] -- Symlinking: /home/user/Desktop/ur_pick/ros2_ws/install/onrobot_driver/include/onrobot_driver/Modbus/tests/googletest/docs/gmock_for_dummies.md
[9.860s] -- Symlinking: /home/user/Desktop/ur_pick/ros2_ws/install/onrobot_driver/include/onrobot_driver/Modbus/tests/googletest/docs/index.md
[9.874s] -- Symlinking: /home/user/Desktop/ur_pick/ros2_ws/install/onrobot_driver/include/onrobot_driver/Modbus/tests/googletest/docs/pkgconfig.md
[9.885s] -- Symlinking: /home/user/Desktop/ur_pick/ros2_ws/install/onrobot_driver/include/onrobot_driver/Modbus/tests/googletest/docs/platforms.md
[9.895s] -- Symlinking: /home/user/Desktop/ur_pick/ros2_ws/install/onrobot_driver/include/onrobot_driver/Modbus/tests/googletest/docs/primer.md
[9.908s] -- Symlinking: /home/user/Desktop/ur_pick/ros2_ws/install/onrobot_driver/include/onrobot_driver/Modbus/tests/googletest/docs/quickstart-bazel.md
[9.921s] -- Symlinking: /home/user/Desktop/ur_pick/ros2_ws/install/onrobot_driver/include/onrobot_driver/Modbus/tests/googletest/docs/quickstart-cmake.md
[9.933s] -- Symlinking: /home/user/Desktop/ur_pick/ros2_ws/install/onrobot_driver/include/onrobot_driver/Modbus/tests/googletest/docs/reference/actions.md
[9.945s] -- Symlinking: /home/user/Desktop/ur_pick/ros2_ws/install/onrobot_driver/include/onrobot_driver/Modbus/tests/googletest/docs/reference/assertions.md
[9.960s] -- Symlinking: /home/user/Desktop/ur_pick/ros2_ws/install/onrobot_driver/include/onrobot_driver/Modbus/tests/googletest/docs/reference/matchers.md
[9.968s] -- Symlinking: /home/user/Desktop/ur_pick/ros2_ws/install/onrobot_driver/include/onrobot_driver/Modbus/tests/googletest/docs/reference/mocking.md
[9.980s] -- Symlinking: /home/user/Desktop/ur_pick/ros2_ws/install/onrobot_driver/include/onrobot_driver/Modbus/tests/googletest/docs/reference/testing.md
[9.992s] -- Symlinking: /home/user/Desktop/ur_pick/ros2_ws/install/onrobot_driver/include/onrobot_driver/Modbus/tests/googletest/docs/samples.md
[10.005s] -- Symlinking: /home/user/Desktop/ur_pick/ros2_ws/install/onrobot_driver/include/onrobot_driver/Modbus/tests/googletest/googlemock/CMakeLists.txt
[10.014s] -- Symlinking: /home/user/Desktop/ur_pick/ros2_ws/install/onrobot_driver/include/onrobot_driver/Modbus/tests/googletest/googlemock/README.md
[10.029s] -- Symlinking: /home/user/Desktop/ur_pick/ros2_ws/install/onrobot_driver/include/onrobot_driver/Modbus/tests/googletest/googlemock/cmake/gmock.pc.in
[10.044s] -- Symlinking: /home/user/Desktop/ur_pick/ros2_ws/install/onrobot_driver/include/onrobot_driver/Modbus/tests/googletest/googlemock/cmake/gmock_main.pc.in
[10.053s] -- Symlinking: /home/user/Desktop/ur_pick/ros2_ws/install/onrobot_driver/include/onrobot_driver/Modbus/tests/googletest/googlemock/docs/README.md
[10.066s] -- Symlinking: /home/user/Desktop/ur_pick/ros2_ws/install/onrobot_driver/include/onrobot_driver/Modbus/tests/googletest/googlemock/include/gmock/gmock-actions.h
[10.074s] -- Symlinking: /home/user/Desktop/ur_pick/ros2_ws/install/onrobot_driver/include/onrobot_driver/Modbus/tests/googletest/googlemock/include/gmock/gmock-cardinalities.h
[10.087s] -- Symlinking: /home/user/Desktop/ur_pick/ros2_ws/install/onrobot_driver/include/onrobot_driver/Modbus/tests/googletest/googlemock/include/gmock/gmock-function-mocker.h
[10.101s] -- Symlinking: /home/user/Desktop/ur_pick/ros2_ws/install/onrobot_driver/include/onrobot_driver/Modbus/tests/googletest/googlemock/include/gmock/gmock-matchers.h
[10.114s] -- Symlinking: /home/user/Desktop/ur_pick/ros2_ws/install/onrobot_driver/include/onrobot_driver/Modbus/tests/googletest/googlemock/include/gmock/gmock-more-actions.h
[10.128s] -- Symlinking: /home/user/Desktop/ur_pick/ros2_ws/install/onrobot_driver/include/onrobot_driver/Modbus/tests/googletest/googlemock/include/gmock/gmock-more-matchers.h
[10.142s] -- Symlinking: /home/user/Desktop/ur_pick/ros2_ws/install/onrobot_driver/include/onrobot_driver/Modbus/tests/googletest/googlemock/include/gmock/gmock-nice-strict.h
[10.156s] -- Symlinking: /home/user/Desktop/ur_pick/ros2_ws/install/onrobot_driver/include/onrobot_driver/Modbus/tests/googletest/googlemock/include/gmock/gmock-spec-builders.h
[10.170s] -- Symlinking: /home/user/Desktop/ur_pick/ros2_ws/install/onrobot_driver/include/onrobot_driver/Modbus/tests/googletest/googlemock/include/gmock/gmock.h
[10.184s] -- Symlinking: /home/user/Desktop/ur_pick/ros2_ws/install/onrobot_driver/include/onrobot_driver/Modbus/tests/googletest/googlemock/include/gmock/internal/custom/README.md
[10.198s] -- Symlinking: /home/user/Desktop/ur_pick/ros2_ws/install/onrobot_driver/include/onrobot_driver/Modbus/tests/googletest/googlemock/include/gmock/internal/custom/gmock-generated-actions.h
[10.212s] -- Symlinking: /home/user/Desktop/ur_pick/ros2_ws/install/onrobot_driver/include/onrobot_driver/Modbus/tests/googletest/googlemock/include/gmock/internal/custom/gmock-matchers.h
[10.226s] -- Symlinking: /home/user/Desktop/ur_pick/ros2_ws/install/onrobot_driver/include/onrobot_driver/Modbus/tests/googletest/googlemock/include/gmock/internal/custom/gmock-port.h
[10.241s] -- Symlinking: /home/user/Desktop/ur_pick/ros2_ws/install/onrobot_driver/include/onrobot_driver/Modbus/tests/googletest/googlemock/include/gmock/internal/gmock-internal-utils.h
[10.254s] -- Symlinking: /home/user/Desktop/ur_pick/ros2_ws/install/onrobot_driver/include/onrobot_driver/Modbus/tests/googletest/googlemock/include/gmock/internal/gmock-port.h
[10.269s] -- Symlinking: /home/user/Desktop/ur_pick/ros2_ws/install/onrobot_driver/include/onrobot_driver/Modbus/tests/googletest/googlemock/include/gmock/internal/gmock-pp.h
[10.278s] -- Symlinking: /home/user/Desktop/ur_pick/ros2_ws/install/onrobot_driver/include/onrobot_driver/Modbus/tests/googletest/googlemock/src/gmock-all.cc
[10.291s] -- Symlinking: /home/user/Desktop/ur_pick/ros2_ws/install/onrobot_driver/include/onrobot_driver/Modbus/tests/googletest/googlemock/src/gmock-cardinalities.cc
[10.305s] -- Symlinking: /home/user/Desktop/ur_pick/ros2_ws/install/onrobot_driver/include/onrobot_driver/Modbus/tests/googletest/googlemock/src/gmock-internal-utils.cc
[10.317s] -- Symlinking: /home/user/Desktop/ur_pick/ros2_ws/install/onrobot_driver/include/onrobot_driver/Modbus/tests/googletest/googlemock/src/gmock-matchers.cc
[10.329s] -- Symlinking: /home/user/Desktop/ur_pick/ros2_ws/install/onrobot_driver/include/onrobot_driver/Modbus/tests/googletest/googlemock/src/gmock-spec-builders.cc
[10.342s] -- Symlinking: /home/user/Desktop/ur_pick/ros2_ws/install/onrobot_driver/include/onrobot_driver/Modbus/tests/googletest/googlemock/src/gmock.cc
[10.356s] -- Symlinking: /home/user/Desktop/ur_pick/ros2_ws/install/onrobot_driver/include/onrobot_driver/Modbus/tests/googletest/googlemock/src/gmock_main.cc
[10.371s] -- Symlinking: /home/user/Desktop/ur_pick/ros2_ws/install/onrobot_driver/include/onrobot_driver/Modbus/tests/googletest/googlemock/test/BUILD.bazel
[10.385s] -- Symlinking: /home/user/Desktop/ur_pick/ros2_ws/install/onrobot_driver/include/onrobot_driver/Modbus/tests/googletest/googlemock/test/gmock-actions_test.cc
[10.393s] -- Symlinking: /home/user/Desktop/ur_pick/ros2_ws/install/onrobot_driver/include/onrobot_driver/Modbus/tests/googletest/googlemock/test/gmock-cardinalities_test.cc
[10.406s] -- Symlinking: /home/user/Desktop/ur_pick/ros2_ws/install/onrobot_driver/include/onrobot_driver/Modbus/tests/googletest/googlemock/test/gmock-function-mocker_test.cc
[10.415s] -- Symlinking: /home/user/Desktop/ur_pick/ros2_ws/install/onrobot_driver/include/onrobot_driver/Modbus/tests/googletest/googlemock/test/gmock-internal-utils_test.cc
[10.425s] -- Symlinking: /home/user/Desktop/ur_pick/ros2_ws/install/onrobot_driver/include/onrobot_driver/Modbus/tests/googletest/googlemock/test/gmock-matchers-arithmetic_test.cc
[10.438s] -- Symlinking: /home/user/Desktop/ur_pick/ros2_ws/install/onrobot_driver/include/onrobot_driver/Modbus/tests/googletest/googlemock/test/gmock-matchers-comparisons_test.cc
[10.447s] -- Symlinking: /home/user/Desktop/ur_pick/ros2_ws/install/onrobot_driver/include/onrobot_driver/Modbus/tests/googletest/googlemock/test/gmock-matchers-containers_test.cc
[10.460s] -- Symlinking: /home/user/Desktop/ur_pick/ros2_ws/install/onrobot_driver/include/onrobot_driver/Modbus/tests/googletest/googlemock/test/gmock-matchers-misc_test.cc
[10.474s] -- Symlinking: /home/user/Desktop/ur_pick/ros2_ws/install/onrobot_driver/include/onrobot_driver/Modbus/tests/googletest/googlemock/test/gmock-matchers_test.h
[10.489s] -- Symlinking: /home/user/Desktop/ur_pick/ros2_ws/install/onrobot_driver/include/onrobot_driver/Modbus/tests/googletest/googlemock/test/gmock-more-actions_test.cc
[10.503s] -- Symlinking: /home/user/Desktop/ur_pick/ros2_ws/install/onrobot_driver/include/onrobot_driver/Modbus/tests/googletest/googlemock/test/gmock-nice-strict_test.cc
[10.513s] -- Symlinking: /home/user/Desktop/ur_pick/ros2_ws/install/onrobot_driver/include/onrobot_driver/Modbus/tests/googletest/googlemock/test/gmock-port_test.cc
[10.527s] -- Symlinking: /home/user/Desktop/ur_pick/ros2_ws/install/onrobot_driver/include/onrobot_driver/Modbus/tests/googletest/googlemock/test/gmock-pp-string_test.cc
[10.535s] -- Symlinking: /home/user/Desktop/ur_pick/ros2_ws/install/onrobot_driver/include/onrobot_driver/Modbus/tests/googletest/googlemock/test/gmock-pp_test.cc
[10.549s] -- Symlinking: /home/user/Desktop/ur_pick/ros2_ws/install/onrobot_driver/include/onrobot_driver/Modbus/tests/googletest/googlemock/test/gmock-spec-builders_test.cc
[10.565s] -- Symlinking: /home/user/Desktop/ur_pick/ros2_ws/install/onrobot_driver/include/onrobot_driver/Modbus/tests/googletest/googlemock/test/gmock_all_test.cc
[10.575s] -- Symlinking: /home/user/Desktop/ur_pick/ros2_ws/install/onrobot_driver/include/onrobot_driver/Modbus/tests/googletest/googlemock/test/gmock_ex_test.cc
[10.586s] -- Symlinking: /home/user/Desktop/ur_pick/ros2_ws/install/onrobot_driver/include/onrobot_driver/Modbus/tests/googletest/googlemock/test/gmock_leak_test.py
[10.599s] -- Symlinking: /home/user/Desktop/ur_pick/ros2_ws/install/onrobot_driver/include/onrobot_driver/Modbus/tests/googletest/googlemock/test/gmock_leak_test_.cc
[10.612s] -- Symlinking: /home/user/Desktop/ur_pick/ros2_ws/install/onrobot_driver/include/onrobot_driver/Modbus/tests/googletest/googlemock/test/gmock_link2_test.cc
[10.620s] -- Symlinking: /home/user/Desktop/ur_pick/ros2_ws/install/onrobot_driver/include/onrobot_driver/Modbus/tests/googletest/googlemock/test/gmock_link_test.cc
[10.634s] -- Symlinking: /home/user/Desktop/ur_pick/ros2_ws/install/onrobot_driver/include/onrobot_driver/Modbus/tests/googletest/googlemock/test/gmock_link_test.h
[10.643s] -- Symlinking: /home/user/Desktop/ur_pick/ros2_ws/install/onrobot_driver/include/onrobot_driver/Modbus/tests/googletest/googlemock/test/gmock_output_test.py
[10.655s] -- Symlinking: /home/user/Desktop/ur_pick/ros2_ws/install/onrobot_driver/include/onrobot_driver/Modbus/tests/googletest/googlemock/test/gmock_output_test_.cc
[10.666s] -- Symlinking: /home/user/Desktop/ur_pick/ros2_ws/install/onrobot_driver/include/onrobot_driver/Modbus/tests/googletest/googlemock/test/gmock_output_test_golden.txt
[10.678s] -- Symlinking: /home/user/Desktop/ur_pick/ros2_ws/install/onrobot_driver/include/onrobot_driver/Modbus/tests/googletest/googlemock/test/gmock_stress_test.cc
[10.686s] -- Symlinking: /home/user/Desktop/ur_pick/ros2_ws/install/onrobot_driver/include/onrobot_driver/Modbus/tests/googletest/googlemock/test/gmock_test.cc
[10.696s] -- Symlinking: /home/user/Desktop/ur_pick/ros2_ws/install/onrobot_driver/include/onrobot_driver/Modbus/tests/googletest/googlemock/test/gmock_test_utils.py
[10.710s] -- Symlinking: /home/user/Desktop/ur_pick/ros2_ws/install/onrobot_driver/include/onrobot_driver/Modbus/tests/googletest/googletest/CMakeLists.txt
[10.719s] -- Symlinking: /home/user/Desktop/ur_pick/ros2_ws/install/onrobot_driver/include/onrobot_driver/Modbus/tests/googletest/googletest/README.md
[10.728s] -- Symlinking: /home/user/Desktop/ur_pick/ros2_ws/install/onrobot_driver/include/onrobot_driver/Modbus/tests/googletest/googletest/cmake/Config.cmake.in
[10.740s] -- Symlinking: /home/user/Desktop/ur_pick/ros2_ws/install/onrobot_driver/include/onrobot_driver/Modbus/tests/googletest/googletest/cmake/gtest.pc.in
[10.748s] -- Symlinking: /home/user/Desktop/ur_pick/ros2_ws/install/onrobot_driver/include/onrobot_driver/Modbus/tests/googletest/googletest/cmake/gtest_main.pc.in
[10.758s] -- Symlinking: /home/user/Desktop/ur_pick/ros2_ws/install/onrobot_driver/include/onrobot_driver/Modbus/tests/googletest/googletest/cmake/internal_utils.cmake
[10.769s] -- Symlinking: /home/user/Desktop/ur_pick/ros2_ws/install/onrobot_driver/include/onrobot_driver/Modbus/tests/googletest/googletest/cmake/libgtest.la.in
[10.778s] -- Symlinking: /home/user/Desktop/ur_pick/ros2_ws/install/onrobot_driver/include/onrobot_driver/Modbus/tests/googletest/googletest/docs/README.md
[10.788s] -- Symlinking: /home/user/Desktop/ur_pick/ros2_ws/install/onrobot_driver/include/onrobot_driver/Modbus/tests/googletest/googletest/include/gtest/gtest-assertion-result.h
[10.797s] -- Symlinking: /home/user/Desktop/ur_pick/ros2_ws/install/onrobot_driver/include/onrobot_driver/Modbus/tests/googletest/googletest/include/gtest/gtest-death-test.h
[10.807s] -- Symlinking: /home/user/Desktop/ur_pick/ros2_ws/install/onrobot_driver/include/onrobot_driver/Modbus/tests/googletest/googletest/include/gtest/gtest-matchers.h
[10.819s] -- Symlinking: /home/user/Desktop/ur_pick/ros2_ws/install/onrobot_driver/include/onrobot_driver/Modbus/tests/googletest/googletest/include/gtest/gtest-message.h
[10.829s] -- Symlinking: /home/user/Desktop/ur_pick/ros2_ws/install/onrobot_driver/include/onrobot_driver/Modbus/tests/googletest/googletest/include/gtest/gtest-param-test.h
[10.838s] -- Symlinking: /home/user/Desktop/ur_pick/ros2_ws/install/onrobot_driver/include/onrobot_driver/Modbus/tests/googletest/googletest/include/gtest/gtest-printers.h
[10.847s] -- Symlinking: /home/user/Desktop/ur_pick/ros2_ws/install/onrobot_driver/include/onrobot_driver/Modbus/tests/googletest/googletest/include/gtest/gtest-spi.h
[10.861s] -- Symlinking: /home/user/Desktop/ur_pick/ros2_ws/install/onrobot_driver/include/onrobot_driver/Modbus/tests/googletest/googletest/include/gtest/gtest-test-part.h
[10.870s] -- Symlinking: /home/user/Desktop/ur_pick/ros2_ws/install/onrobot_driver/include/onrobot_driver/Modbus/tests/googletest/googletest/include/gtest/gtest-typed-test.h
[10.880s] -- Symlinking: /home/user/Desktop/ur_pick/ros2_ws/install/onrobot_driver/include/onrobot_driver/Modbus/tests/googletest/googletest/include/gtest/gtest.h
[10.889s] -- Symlinking: /home/user/Desktop/ur_pick/ros2_ws/install/onrobot_driver/include/onrobot_driver/Modbus/tests/googletest/googletest/include/gtest/gtest_pred_impl.h
[10.903s] -- Symlinking: /home/user/Desktop/ur_pick/ros2_ws/install/onrobot_driver/include/onrobot_driver/Modbus/tests/googletest/googletest/include/gtest/gtest_prod.h
[10.917s] -- Symlinking: /home/user/Desktop/ur_pick/ros2_ws/install/onrobot_driver/include/onrobot_driver/Modbus/tests/googletest/googletest/include/gtest/internal/custom/README.md
[10.925s] -- Symlinking: /home/user/Desktop/ur_pick/ros2_ws/install/onrobot_driver/include/onrobot_driver/Modbus/tests/googletest/googletest/include/gtest/internal/custom/gtest-port.h
[10.939s] -- Symlinking: /home/user/Desktop/ur_pick/ros2_ws/install/onrobot_driver/include/onrobot_driver/Modbus/tests/googletest/googletest/include/gtest/internal/custom/gtest-printers.h
[10.951s] -- Symlinking: /home/user/Desktop/ur_pick/ros2_ws/install/onrobot_driver/include/onrobot_driver/Modbus/tests/googletest/googletest/include/gtest/internal/custom/gtest.h
[10.962s] -- Symlinking: /home/user/Desktop/ur_pick/ros2_ws/install/onrobot_driver/include/onrobot_driver/Modbus/tests/googletest/googletest/include/gtest/internal/gtest-death-test-internal.h
[10.975s] -- Symlinking: /home/user/Desktop/ur_pick/ros2_ws/install/onrobot_driver/include/onrobot_driver/Modbus/tests/googletest/googletest/include/gtest/internal/gtest-filepath.h
[10.989s] -- Symlinking: /home/user/Desktop/ur_pick/ros2_ws/install/onrobot_driver/include/onrobot_driver/Modbus/tests/googletest/googletest/include/gtest/internal/gtest-internal.h
[11.002s] -- Symlinking: /home/user/Desktop/ur_pick/ros2_ws/install/onrobot_driver/include/onrobot_driver/Modbus/tests/googletest/googletest/include/gtest/internal/gtest-param-util.h
[11.015s] -- Symlinking: /home/user/Desktop/ur_pick/ros2_ws/install/onrobot_driver/include/onrobot_driver/Modbus/tests/googletest/googletest/include/gtest/internal/gtest-port-arch.h
[11.026s] -- Symlinking: /home/user/Desktop/ur_pick/ros2_ws/install/onrobot_driver/include/onrobot_driver/Modbus/tests/googletest/googletest/include/gtest/internal/gtest-port.h
[11.037s] -- Symlinking: /home/user/Desktop/ur_pick/ros2_ws/install/onrobot_driver/include/onrobot_driver/Modbus/tests/googletest/googletest/include/gtest/internal/gtest-string.h
[11.045s] -- Symlinking: /home/user/Desktop/ur_pick/ros2_ws/install/onrobot_driver/include/onrobot_driver/Modbus/tests/googletest/googletest/include/gtest/internal/gtest-type-util.h
[11.058s] -- Symlinking: /home/user/Desktop/ur_pick/ros2_ws/install/onrobot_driver/include/onrobot_driver/Modbus/tests/googletest/googletest/samples/prime_tables.h
[11.071s] -- Symlinking: /home/user/Desktop/ur_pick/ros2_ws/install/onrobot_driver/include/onrobot_driver/Modbus/tests/googletest/googletest/samples/sample1.cc
[11.082s] -- Symlinking: /home/user/Desktop/ur_pick/ros2_ws/install/onrobot_driver/include/onrobot_driver/Modbus/tests/googletest/googletest/samples/sample1.h
[11.095s] -- Symlinking: /home/user/Desktop/ur_pick/ros2_ws/install/onrobot_driver/include/onrobot_driver/Modbus/tests/googletest/googletest/samples/sample10_unittest.cc
[11.108s] -- Symlinking: /home/user/Desktop/ur_pick/ros2_ws/install/onrobot_driver/include/onrobot_driver/Modbus/tests/googletest/googletest/samples/sample1_unittest.cc
[11.117s] -- Symlinking: /home/user/Desktop/ur_pick/ros2_ws/install/onrobot_driver/include/onrobot_driver/Modbus/tests/googletest/googletest/samples/sample2.cc
[11.129s] -- Symlinking: /home/user/Desktop/ur_pick/ros2_ws/install/onrobot_driver/include/onrobot_driver/Modbus/tests/googletest/googletest/samples/sample2.h
[11.143s] -- Symlinking: /home/user/Desktop/ur_pick/ros2_ws/install/onrobot_driver/include/onrobot_driver/Modbus/tests/googletest/googletest/samples/sample2_unittest.cc
[11.155s] -- Symlinking: /home/user/Desktop/ur_pick/ros2_ws/install/onrobot_driver/include/onrobot_driver/Modbus/tests/googletest/googletest/samples/sample3-inl.h
[11.169s] -- Symlinking: /home/user/Desktop/ur_pick/ros2_ws/install/onrobot_driver/include/onrobot_driver/Modbus/tests/googletest/googletest/samples/sample3_unittest.cc
[11.177s] -- Symlinking: /home/user/Desktop/ur_pick/ros2_ws/install/onrobot_driver/include/onrobot_driver/Modbus/tests/googletest/googletest/samples/sample4.cc
[11.189s] -- Symlinking: /home/user/Desktop/ur_pick/ros2_ws/install/onrobot_driver/include/onrobot_driver/Modbus/tests/googletest/googletest/samples/sample4.h
[11.204s] -- Symlinking: /home/user/Desktop/ur_pick/ros2_ws/install/onrobot_driver/include/onrobot_driver/Modbus/tests/googletest/googletest/samples/sample4_unittest.cc
[11.217s] -- Symlinking: /home/user/Desktop/ur_pick/ros2_ws/install/onrobot_driver/include/onrobot_driver/Modbus/tests/googletest/googletest/samples/sample5_unittest.cc
[11.231s] -- Symlinking: /home/user/Desktop/ur_pick/ros2_ws/install/onrobot_driver/include/onrobot_driver/Modbus/tests/googletest/googletest/samples/sample6_unittest.cc
[11.244s] -- Symlinking: /home/user/Desktop/ur_pick/ros2_ws/install/onrobot_driver/include/onrobot_driver/Modbus/tests/googletest/googletest/samples/sample7_unittest.cc
[11.259s] -- Symlinking: /home/user/Desktop/ur_pick/ros2_ws/install/onrobot_driver/include/onrobot_driver/Modbus/tests/googletest/googletest/samples/sample8_unittest.cc
[11.273s] -- Symlinking: /home/user/Desktop/ur_pick/ros2_ws/install/onrobot_driver/include/onrobot_driver/Modbus/tests/googletest/googletest/samples/sample9_unittest.cc
[11.288s] -- Symlinking: /home/user/Desktop/ur_pick/ros2_ws/install/onrobot_driver/include/onrobot_driver/Modbus/tests/googletest/googletest/src/gtest-all.cc
[11.301s] -- Symlinking: /home/user/Desktop/ur_pick/ros2_ws/install/onrobot_driver/include/onrobot_driver/Modbus/tests/googletest/googletest/src/gtest-assertion-result.cc
[11.315s] -- Symlinking: /home/user/Desktop/ur_pick/ros2_ws/install/onrobot_driver/include/onrobot_driver/Modbus/tests/googletest/googletest/src/gtest-death-test.cc
[11.329s] -- Symlinking: /home/user/Desktop/ur_pick/ros2_ws/install/onrobot_driver/include/onrobot_driver/Modbus/tests/googletest/googletest/src/gtest-filepath.cc
[11.342s] -- Symlinking: /home/user/Desktop/ur_pick/ros2_ws/install/onrobot_driver/include/onrobot_driver/Modbus/tests/googletest/googletest/src/gtest-internal-inl.h
[11.356s] -- Symlinking: /home/user/Desktop/ur_pick/ros2_ws/install/onrobot_driver/include/onrobot_driver/Modbus/tests/googletest/googletest/src/gtest-matchers.cc
[11.371s] -- Symlinking: /home/user/Desktop/ur_pick/ros2_ws/install/onrobot_driver/include/onrobot_driver/Modbus/tests/googletest/googletest/src/gtest-port.cc
[11.384s] -- Symlinking: /home/user/Desktop/ur_pick/ros2_ws/install/onrobot_driver/include/onrobot_driver/Modbus/tests/googletest/googletest/src/gtest-printers.cc
[11.399s] -- Symlinking: /home/user/Desktop/ur_pick/ros2_ws/install/onrobot_driver/include/onrobot_driver/Modbus/tests/googletest/googletest/src/gtest-test-part.cc
[11.413s] -- Symlinking: /home/user/Desktop/ur_pick/ros2_ws/install/onrobot_driver/include/onrobot_driver/Modbus/tests/googletest/googletest/src/gtest-typed-test.cc
[11.426s] -- Symlinking: /home/user/Desktop/ur_pick/ros2_ws/install/onrobot_driver/include/onrobot_driver/Modbus/tests/googletest/googletest/src/gtest.cc
[11.440s] -- Symlinking: /home/user/Desktop/ur_pick/ros2_ws/install/onrobot_driver/include/onrobot_driver/Modbus/tests/googletest/googletest/src/gtest_main.cc
[11.450s] -- Symlinking: /home/user/Desktop/ur_pick/ros2_ws/install/onrobot_driver/include/onrobot_driver/Modbus/tests/googletest/googletest/test/BUILD.bazel
[11.461s] -- Symlinking: /home/user/Desktop/ur_pick/ros2_ws/install/onrobot_driver/include/onrobot_driver/Modbus/tests/googletest/googletest/test/googletest-break-on-failure-unittest.py
[11.470s] -- Symlinking: /home/user/Desktop/ur_pick/ros2_ws/install/onrobot_driver/include/onrobot_driver/Modbus/tests/googletest/googletest/test/googletest-break-on-failure-unittest_.cc
[11.479s] -- Symlinking: /home/user/Desktop/ur_pick/ros2_ws/install/onrobot_driver/include/onrobot_driver/Modbus/tests/googletest/googletest/test/googletest-catch-exceptions-test.py
[11.495s] -- Symlinking: /home/user/Desktop/ur_pick/ros2_ws/install/onrobot_driver/include/onrobot_driver/Modbus/tests/googletest/googletest/test/googletest-catch-exceptions-test_.cc
[11.505s] -- Symlinking: /home/user/Desktop/ur_pick/ros2_ws/install/onrobot_driver/include/onrobot_driver/Modbus/tests/googletest/googletest/test/googletest-color-test.py
[11.519s] -- Symlinking: /home/user/Desktop/ur_pick/ros2_ws/install/onrobot_driver/include/onrobot_driver/Modbus/tests/googletest/googletest/test/googletest-color-test_.cc
[11.529s] -- Symlinking: /home/user/Desktop/ur_pick/ros2_ws/install/onrobot_driver/include/onrobot_driver/Modbus/tests/googletest/googletest/test/googletest-death-test-test.cc
[11.542s] -- Symlinking: /home/user/Desktop/ur_pick/ros2_ws/install/onrobot_driver/include/onrobot_driver/Modbus/tests/googletest/googletest/test/googletest-death-test_ex_test.cc
[11.552s] -- Symlinking: /home/user/Desktop/ur_pick/ros2_ws/install/onrobot_driver/include/onrobot_driver/Modbus/tests/googletest/googletest/test/googletest-env-var-test.py
[11.567s] -- Symlinking: /home/user/Desktop/ur_pick/ros2_ws/install/onrobot_driver/include/onrobot_driver/Modbus/tests/googletest/googletest/test/googletest-env-var-test_.cc
[11.581s] -- Symlinking: /home/user/Desktop/ur_pick/ros2_ws/install/onrobot_driver/include/onrobot_driver/Modbus/tests/googletest/googletest/test/googletest-failfast-unittest.py
[11.591s] -- Symlinking: /home/user/Desktop/ur_pick/ros2_ws/install/onrobot_driver/include/onrobot_driver/Modbus/tests/googletest/googletest/test/googletest-failfast-unittest_.cc
[11.607s] -- Symlinking: /home/user/Desktop/ur_pick/ros2_ws/install/onrobot_driver/include/onrobot_driver/Modbus/tests/googletest/googletest/test/googletest-filepath-test.cc
[11.617s] -- Symlinking: /home/user/Desktop/ur_pick/ros2_ws/install/onrobot_driver/include/onrobot_driver/Modbus/tests/googletest/googletest/test/googletest-filter-unittest.py
[11.627s] -- Symlinking: /home/user/Desktop/ur_pick/ros2_ws/install/onrobot_driver/include/onrobot_driver/Modbus/tests/googletest/googletest/test/googletest-filter-unittest_.cc
[11.643s] -- Symlinking: /home/user/Desktop/ur_pick/ros2_ws/install/onrobot_driver/include/onrobot_driver/Modbus/tests/googletest/googletest/test/googletest-global-environment-unittest.py
[11.652s] -- Symlinking: /home/user/Desktop/ur_pick/ros2_ws/install/onrobot_driver/include/onrobot_driver/Modbus/tests/googletest/googletest/test/googletest-global-environment-unittest_.cc
[11.661s] -- Symlinking: /home/user/Desktop/ur_pick/ros2_ws/install/onrobot_driver/include/onrobot_driver/Modbus/tests/googletest/googletest/test/googletest-json-outfiles-test.py
[11.669s] -- Symlinking: /home/user/Desktop/ur_pick/ros2_ws/install/onrobot_driver/include/onrobot_driver/Modbus/tests/googletest/googletest/test/googletest-json-output-unittest.py
[11.679s] -- Symlinking: /home/user/Desktop/ur_pick/ros2_ws/install/onrobot_driver/include/onrobot_driver/Modbus/tests/googletest/googletest/test/googletest-list-tests-unittest.py
[11.688s] -- Symlinking: /home/user/Desktop/ur_pick/ros2_ws/install/onrobot_driver/include/onrobot_driver/Modbus/tests/googletest/googletest/test/googletest-list-tests-unittest_.cc
[11.701s] -- Symlinking: /home/user/Desktop/ur_pick/ros2_ws/install/onrobot_driver/include/onrobot_driver/Modbus/tests/googletest/googletest/test/googletest-listener-test.cc
[11.716s] -- Symlinking: /home/user/Desktop/ur_pick/ros2_ws/install/onrobot_driver/include/onrobot_driver/Modbus/tests/googletest/googletest/test/googletest-message-test.cc
[11.730s] -- Symlinking: /home/user/Desktop/ur_pick/ros2_ws/install/onrobot_driver/include/onrobot_driver/Modbus/tests/googletest/googletest/test/googletest-options-test.cc
[11.740s] -- Symlinking: /home/user/Desktop/ur_pick/ros2_ws/install/onrobot_driver/include/onrobot_driver/Modbus/tests/googletest/googletest/test/googletest-output-test-golden-lin.txt
[11.753s] -- Symlinking: /home/user/Desktop/ur_pick/ros2_ws/install/onrobot_driver/include/onrobot_driver/Modbus/tests/googletest/googletest/test/googletest-output-test.py
[11.763s] -- Symlinking: /home/user/Desktop/ur_pick/ros2_ws/install/onrobot_driver/include/onrobot_driver/Modbus/tests/googletest/googletest/test/googletest-output-test_.cc
[11.777s] -- Symlinking: /home/user/Desktop/ur_pick/ros2_ws/install/onrobot_driver/include/onrobot_driver/Modbus/tests/googletest/googletest/test/googletest-param-test-invalid-name1-test.py
[11.787s] -- Symlinking: /home/user/Desktop/ur_pick/ros2_ws/install/onrobot_driver/include/onrobot_driver/Modbus/tests/googletest/googletest/test/googletest-param-test-invalid-name1-test_.cc
[11.799s] -- Symlinking: /home/user/Desktop/ur_pick/ros2_ws/install/onrobot_driver/include/onrobot_driver/Modbus/tests/googletest/googletest/test/googletest-param-test-invalid-name2-test.py
[11.812s] -- Symlinking: /home/user/Desktop/ur_pick/ros2_ws/install/onrobot_driver/include/onrobot_driver/Modbus/tests/googletest/googletest/test/googletest-param-test-invalid-name2-test_.cc
[11.826s] -- Symlinking: /home/user/Desktop/ur_pick/ros2_ws/install/onrobot_driver/include/onrobot_driver/Modbus/tests/googletest/googletest/test/googletest-param-test-test.cc
[11.835s] -- Symlinking: /home/user/Desktop/ur_pick/ros2_ws/install/onrobot_driver/include/onrobot_driver/Modbus/tests/googletest/googletest/test/googletest-param-test-test.h
[11.848s] -- Symlinking: /home/user/Desktop/ur_pick/ros2_ws/install/onrobot_driver/include/onrobot_driver/Modbus/tests/googletest/googletest/test/googletest-param-test2-test.cc
[11.861s] -- Symlinking: /home/user/Desktop/ur_pick/ros2_ws/install/onrobot_driver/include/onrobot_driver/Modbus/tests/googletest/googletest/test/googletest-port-test.cc
[11.876s] -- Symlinking: /home/user/Desktop/ur_pick/ros2_ws/install/onrobot_driver/include/onrobot_driver/Modbus/tests/googletest/googletest/test/googletest-printers-test.cc
[11.889s] -- Symlinking: /home/user/Desktop/ur_pick/ros2_ws/install/onrobot_driver/include/onrobot_driver/Modbus/tests/googletest/googletest/test/googletest-setuptestsuite-test.py
[11.904s] -- Symlinking: /home/user/Desktop/ur_pick/ros2_ws/install/onrobot_driver/include/onrobot_driver/Modbus/tests/googletest/googletest/test/googletest-setuptestsuite-test_.cc
[11.914s] -- Symlinking: /home/user/Desktop/ur_pick/ros2_ws/install/onrobot_driver/include/onrobot_driver/Modbus/tests/googletest/googletest/test/googletest-shuffle-test.py
[11.927s] -- Symlinking: /home/user/Desktop/ur_pick/ros2_ws/install/onrobot_driver/include/onrobot_driver/Modbus/tests/googletest/googletest/test/googletest-shuffle-test_.cc
[11.936s] -- Symlinking: /home/user/Desktop/ur_pick/ros2_ws/install/onrobot_driver/include/onrobot_driver/Modbus/tests/googletest/googletest/test/googletest-test-part-test.cc
[11.950s] -- Symlinking: /home/user/Desktop/ur_pick/ros2_ws/install/onrobot_driver/include/onrobot_driver/Modbus/tests/googletest/googletest/test/googletest-throw-on-failure-test.py
[11.960s] -- Symlinking: /home/user/Desktop/ur_pick/ros2_ws/install/onrobot_driver/include/onrobot_driver/Modbus/tests/googletest/googletest/test/googletest-throw-on-failure-test_.cc
[11.974s] -- Symlinking: /home/user/Desktop/ur_pick/ros2_ws/install/onrobot_driver/include/onrobot_driver/Modbus/tests/googletest/googletest/test/googletest-uninitialized-test.py
[11.984s] -- Symlinking: /home/user/Desktop/ur_pick/ros2_ws/install/onrobot_driver/include/onrobot_driver/Modbus/tests/googletest/googletest/test/googletest-uninitialized-test_.cc
[11.998s] -- Symlinking: /home/user/Desktop/ur_pick/ros2_ws/install/onrobot_driver/include/onrobot_driver/Modbus/tests/googletest/googletest/test/gtest-typed-test2_test.cc
[12.007s] -- Symlinking: /home/user/Desktop/ur_pick/ros2_ws/install/onrobot_driver/include/onrobot_driver/Modbus/tests/googletest/googletest/test/gtest-typed-test_test.cc
[12.020s] -- Symlinking: /home/user/Desktop/ur_pick/ros2_ws/install/onrobot_driver/include/onrobot_driver/Modbus/tests/googletest/googletest/test/gtest-typed-test_test.h
[12.033s] -- Symlinking: /home/user/Desktop/ur_pick/ros2_ws/install/onrobot_driver/include/onrobot_driver/Modbus/tests/googletest/googletest/test/gtest-unittest-api_test.cc
[12.047s] -- Symlinking: /home/user/Desktop/ur_pick/ros2_ws/install/onrobot_driver/include/onrobot_driver/Modbus/tests/googletest/googletest/test/gtest_all_test.cc
[12.061s] -- Symlinking: /home/user/Desktop/ur_pick/ros2_ws/install/onrobot_driver/include/onrobot_driver/Modbus/tests/googletest/googletest/test/gtest_assert_by_exception_test.cc
[12.070s] -- Symlinking: /home/user/Desktop/ur_pick/ros2_ws/install/onrobot_driver/include/onrobot_driver/Modbus/tests/googletest/googletest/test/gtest_environment_test.cc
[12.084s] -- Symlinking: /home/user/Desktop/ur_pick/ros2_ws/install/onrobot_driver/include/onrobot_driver/Modbus/tests/googletest/googletest/test/gtest_help_test.py
[12.094s] -- Symlinking: /home/user/Desktop/ur_pick/ros2_ws/install/onrobot_driver/include/onrobot_driver/Modbus/tests/googletest/googletest/test/gtest_help_test_.cc
[12.109s] -- Symlinking: /home/user/Desktop/ur_pick/ros2_ws/install/onrobot_driver/include/onrobot_driver/Modbus/tests/googletest/googletest/test/gtest_json_test_utils.py
[12.124s] -- Symlinking: /home/user/Desktop/ur_pick/ros2_ws/install/onrobot_driver/include/onrobot_driver/Modbus/tests/googletest/googletest/test/gtest_list_output_unittest.py
[12.137s] -- Symlinking: /home/user/Desktop/ur_pick/ros2_ws/install/onrobot_driver/include/onrobot_driver/Modbus/tests/googletest/googletest/test/gtest_list_output_unittest_.cc
[12.152s] -- Symlinking: /home/user/Desktop/ur_pick/ros2_ws/install/onrobot_driver/include/onrobot_driver/Modbus/tests/googletest/googletest/test/gtest_main_unittest.cc
[12.164s] -- Symlinking: /home/user/Desktop/ur_pick/ros2_ws/install/onrobot_driver/include/onrobot_driver/Modbus/tests/googletest/googletest/test/gtest_no_test_unittest.cc
[12.179s] -- Symlinking: /home/user/Desktop/ur_pick/ros2_ws/install/onrobot_driver/include/onrobot_driver/Modbus/tests/googletest/googletest/test/gtest_pred_impl_unittest.cc
[12.192s] -- Symlinking: /home/user/Desktop/ur_pick/ros2_ws/install/onrobot_driver/include/onrobot_driver/Modbus/tests/googletest/googletest/test/gtest_premature_exit_test.cc
[12.207s] -- Symlinking: /home/user/Desktop/ur_pick/ros2_ws/install/onrobot_driver/include/onrobot_driver/Modbus/tests/googletest/googletest/test/gtest_prod_test.cc
[12.219s] -- Symlinking: /home/user/Desktop/ur_pick/ros2_ws/install/onrobot_driver/include/onrobot_driver/Modbus/tests/googletest/googletest/test/gtest_repeat_test.cc
[12.232s] -- Symlinking: /home/user/Desktop/ur_pick/ros2_ws/install/onrobot_driver/include/onrobot_driver/Modbus/tests/googletest/googletest/test/gtest_skip_check_output_test.py
[12.241s] -- Symlinking: /home/user/Desktop/ur_pick/ros2_ws/install/onrobot_driver/include/onrobot_driver/Modbus/tests/googletest/googletest/test/gtest_skip_environment_check_output_test.py
[12.255s] -- Symlinking: /home/user/Desktop/ur_pick/ros2_ws/install/onrobot_driver/include/onrobot_driver/Modbus/tests/googletest/googletest/test/gtest_skip_in_environment_setup_test.cc
[12.264s] -- Symlinking: /home/user/Desktop/ur_pick/ros2_ws/install/onrobot_driver/include/onrobot_driver/Modbus/tests/googletest/googletest/test/gtest_skip_test.cc
[12.279s] -- Symlinking: /home/user/Desktop/ur_pick/ros2_ws/install/onrobot_driver/include/onrobot_driver/Modbus/tests/googletest/googletest/test/gtest_sole_header_test.cc
[12.288s] -- Symlinking: /home/user/Desktop/ur_pick/ros2_ws/install/onrobot_driver/include/onrobot_driver/Modbus/tests/googletest/googletest/test/gtest_stress_test.cc
[12.302s] -- Symlinking: /home/user/Desktop/ur_pick/ros2_ws/install/onrobot_driver/include/onrobot_driver/Modbus/tests/googletest/googletest/test/gtest_test_macro_stack_footprint_test.cc
[12.317s] -- Symlinking: /home/user/Desktop/ur_pick/ros2_ws/install/onrobot_driver/include/onrobot_driver/Modbus/tests/googletest/googletest/test/gtest_test_utils.py
[12.330s] -- Symlinking: /home/user/Desktop/ur_pick/ros2_ws/install/onrobot_driver/include/onrobot_driver/Modbus/tests/googletest/googletest/test/gtest_testbridge_test.py
[12.345s] -- Symlinking: /home/user/Desktop/ur_pick/ros2_ws/install/onrobot_driver/include/onrobot_driver/Modbus/tests/googletest/googletest/test/gtest_testbridge_test_.cc
[12.359s] -- Symlinking: /home/user/Desktop/ur_pick/ros2_ws/install/onrobot_driver/include/onrobot_driver/Modbus/tests/googletest/googletest/test/gtest_throw_on_failure_ex_test.cc
[12.368s] -- Symlinking: /home/user/Desktop/ur_pick/ros2_ws/install/onrobot_driver/include/onrobot_driver/Modbus/tests/googletest/googletest/test/gtest_unittest.cc
[12.381s] -- Symlinking: /home/user/Desktop/ur_pick/ros2_ws/install/onrobot_driver/include/onrobot_driver/Modbus/tests/googletest/googletest/test/gtest_xml_outfile1_test_.cc
[12.391s] -- Symlinking: /home/user/Desktop/ur_pick/ros2_ws/install/onrobot_driver/include/onrobot_driver/Modbus/tests/googletest/googletest/test/gtest_xml_outfile2_test_.cc
[12.403s] -- Symlinking: /home/user/Desktop/ur_pick/ros2_ws/install/onrobot_driver/include/onrobot_driver/Modbus/tests/googletest/googletest/test/gtest_xml_outfiles_test.py
[12.412s] -- Symlinking: /home/user/Desktop/ur_pick/ros2_ws/install/onrobot_driver/include/onrobot_driver/Modbus/tests/googletest/googletest/test/gtest_xml_output_unittest.py
[12.425s] -- Symlinking: /home/user/Desktop/ur_pick/ros2_ws/install/onrobot_driver/include/onrobot_driver/Modbus/tests/googletest/googletest/test/gtest_xml_output_unittest_.cc
[12.438s] -- Symlinking: /home/user/Desktop/ur_pick/ros2_ws/install/onrobot_driver/include/onrobot_driver/Modbus/tests/googletest/googletest/test/gtest_xml_test_utils.py
[12.453s] -- Symlinking: /home/user/Desktop/ur_pick/ros2_ws/install/onrobot_driver/include/onrobot_driver/Modbus/tests/googletest/googletest/test/production.cc
[12.467s] -- Symlinking: /home/user/Desktop/ur_pick/ros2_ws/install/onrobot_driver/include/onrobot_driver/Modbus/tests/googletest/googletest/test/production.h
[12.478s] -- Symlinking: /home/user/Desktop/ur_pick/ros2_ws/install/onrobot_driver/include/onrobot_driver/Modbus/tests/main.cpp
[12.488s] -- Symlinking: /home/user/Desktop/ur_pick/ros2_ws/install/onrobot_driver/include/onrobot_driver/RG.hpp
[12.498s] -- Symlinking: /home/user/Desktop/ur_pick/ros2_ws/install/onrobot_driver/include/onrobot_driver/SerialConnectionWrapper.hpp
[12.508s] -- Symlinking: /home/user/Desktop/ur_pick/ros2_ws/install/onrobot_driver/include/onrobot_driver/TCPConnectionWrapper.hpp
[12.517s] -- Symlinking: /home/user/Desktop/ur_pick/ros2_ws/install/onrobot_driver/include/onrobot_driver/rg_hardware_interface.hpp
[12.532s] -- Symlinking: /home/user/Desktop/ur_pick/ros2_ws/install/onrobot_driver/share/onrobot_driver/environment/library_path.sh
[12.545s] -- Symlinking: /home/user/Desktop/ur_pick/ros2_ws/install/onrobot_driver/share/onrobot_driver/environment/library_path.dsv
[12.571s] -- Up-to-date symlink: /home/user/Desktop/ur_pick/ros2_ws/install/onrobot_driver/include/onrobot_driver/IModbusConnection.hpp
[12.571s] -- Up-to-date symlink: /home/user/Desktop/ur_pick/ros2_ws/install/onrobot_driver/include/onrobot_driver/Modbus/.clang-format
[12.571s] -- Up-to-date symlink: /home/user/Desktop/ur_pick/ros2_ws/install/onrobot_driver/include/onrobot_driver/Modbus/.git
[12.571s] -- Up-to-date symlink: /home/user/Desktop/ur_pick/ros2_ws/install/onrobot_driver/include/onrobot_driver/Modbus/.github/workflows/clang-format.yml
[12.571s] -- Up-to-date symlink: /home/user/Desktop/ur_pick/ros2_ws/install/onrobot_driver/include/onrobot_driver/Modbus/.github/workflows/cmake-multi-platform.yml
[12.572s] -- Up-to-date symlink: /home/user/Desktop/ur_pick/ros2_ws/install/onrobot_driver/include/onrobot_driver/Modbus/.gitignore
[12.572s] -- Up-to-date symlink: /home/user/Desktop/ur_pick/ros2_ws/install/onrobot_driver/include/onrobot_driver/Modbus/.gitmodules
[12.572s] -- Up-to-date symlink: /home/user/Desktop/ur_pick/ros2_ws/install/onrobot_driver/include/onrobot_driver/Modbus/CMakeLists.txt
[12.572s] -- Up-to-date symlink: /home/user/Desktop/ur_pick/ros2_ws/install/onrobot_driver/include/onrobot_driver/Modbus/Doxyfile
[12.572s] -- Up-to-date symlink: /home/user/Desktop/ur_pick/ros2_ws/install/onrobot_driver/include/onrobot_driver/Modbus/LICENSE
[12.572s] -- Up-to-date symlink: /home/user/Desktop/ur_pick/ros2_ws/install/onrobot_driver/include/onrobot_driver/Modbus/README.md
[12.572s] -- Up-to-date symlink: /home/user/Desktop/ur_pick/ros2_ws/install/onrobot_driver/include/onrobot_driver/Modbus/docs/html/Serial_2connection_8hpp_source.html
[12.572s] -- Up-to-date symlink: /home/user/Desktop/ur_pick/ros2_ws/install/onrobot_driver/include/onrobot_driver/Modbus/docs/html/TCP_2connection_8hpp_source.html
[12.572s] -- Up-to-date symlink: /home/user/Desktop/ur_pick/ros2_ws/install/onrobot_driver/include/onrobot_driver/Modbus/docs/html/annotated.html
[12.573s] -- Up-to-date symlink: /home/user/Desktop/ur_pick/ros2_ws/install/onrobot_driver/include/onrobot_driver/Modbus/docs/html/bc_s.png
[12.573s] -- Up-to-date symlink: /home/user/Desktop/ur_pick/ros2_ws/install/onrobot_driver/include/onrobot_driver/Modbus/docs/html/bc_sd.png
[12.573s] -- Up-to-date symlink: /home/user/Desktop/ur_pick/ros2_ws/install/onrobot_driver/include/onrobot_driver/Modbus/docs/html/bdwn.png
[12.573s] -- Up-to-date symlink: /home/user/Desktop/ur_pick/ros2_ws/install/onrobot_driver/include/onrobot_driver/Modbus/docs/html/classMB_1_1ModbusCell-members.html
[12.573s] -- Up-to-date symlink: /home/user/Desktop/ur_pick/ros2_ws/install/onrobot_driver/include/onrobot_driver/Modbus/docs/html/classMB_1_1ModbusCell.html
[12.573s] -- Up-to-date symlink: /home/user/Desktop/ur_pick/ros2_ws/install/onrobot_driver/include/onrobot_driver/Modbus/docs/html/classMB_1_1ModbusException-members.html
[12.574s] -- Up-to-date symlink: /home/user/Desktop/ur_pick/ros2_ws/install/onrobot_driver/include/onrobot_driver/Modbus/docs/html/classMB_1_1ModbusException.html
[12.574s] -- Up-to-date symlink: /home/user/Desktop/ur_pick/ros2_ws/install/onrobot_driver/include/onrobot_driver/Modbus/docs/html/classMB_1_1ModbusException.png
[12.574s] -- Up-to-date symlink: /home/user/Desktop/ur_pick/ros2_ws/install/onrobot_driver/include/onrobot_driver/Modbus/docs/html/classMB_1_1ModbusRequest-members.html
[12.574s] -- Up-to-date symlink: /home/user/Desktop/ur_pick/ros2_ws/install/onrobot_driver/include/onrobot_driver/Modbus/docs/html/classMB_1_1ModbusRequest.html
[12.574s] -- Up-to-date symlink: /home/user/Desktop/ur_pick/ros2_ws/install/onrobot_driver/include/onrobot_driver/Modbus/docs/html/classMB_1_1ModbusResponse-members.html
[12.574s] -- Up-to-date symlink: /home/user/Desktop/ur_pick/ros2_ws/install/onrobot_driver/include/onrobot_driver/Modbus/docs/html/classMB_1_1ModbusResponse.html
[12.574s] -- Up-to-date symlink: /home/user/Desktop/ur_pick/ros2_ws/install/onrobot_driver/include/onrobot_driver/Modbus/docs/html/classMB_1_1Serial_1_1Connection-members.html
[12.575s] -- Up-to-date symlink: /home/user/Desktop/ur_pick/ros2_ws/install/onrobot_driver/include/onrobot_driver/Modbus/docs/html/classMB_1_1Serial_1_1Connection.html
[12.575s] -- Up-to-date symlink: /home/user/Desktop/ur_pick/ros2_ws/install/onrobot_driver/include/onrobot_driver/Modbus/docs/html/classMB_1_1TCP_1_1Connection-members.html
[12.575s] -- Up-to-date symlink: /home/user/Desktop/ur_pick/ros2_ws/install/onrobot_driver/include/onrobot_driver/Modbus/docs/html/classMB_1_1TCP_1_1Connection.html
[12.575s] -- Up-to-date symlink: /home/user/Desktop/ur_pick/ros2_ws/install/onrobot_driver/include/onrobot_driver/Modbus/docs/html/classMB_1_1TCP_1_1Server-members.html
[12.575s] -- Up-to-date symlink: /home/user/Desktop/ur_pick/ros2_ws/install/onrobot_driver/include/onrobot_driver/Modbus/docs/html/classMB_1_1TCP_1_1Server.html
[12.575s] -- Up-to-date symlink: /home/user/Desktop/ur_pick/ros2_ws/install/onrobot_driver/include/onrobot_driver/Modbus/docs/html/classes.html
[12.575s] -- Up-to-date symlink: /home/user/Desktop/ur_pick/ros2_ws/install/onrobot_driver/include/onrobot_driver/Modbus/docs/html/clipboard.js
[12.575s] -- Up-to-date symlink: /home/user/Desktop/ur_pick/ros2_ws/install/onrobot_driver/include/onrobot_driver/Modbus/docs/html/closed.png
[12.575s] -- Up-to-date symlink: /home/user/Desktop/ur_pick/ros2_ws/install/onrobot_driver/include/onrobot_driver/Modbus/docs/html/cookie.js
[12.575s] -- Up-to-date symlink: /home/user/Desktop/ur_pick/ros2_ws/install/onrobot_driver/include/onrobot_driver/Modbus/docs/html/crc_8hpp_source.html
[12.576s] -- Up-to-date symlink: /home/user/Desktop/ur_pick/ros2_ws/install/onrobot_driver/include/onrobot_driver/Modbus/docs/html/deprecated.html
[12.576s] -- Up-to-date symlink: /home/user/Desktop/ur_pick/ros2_ws/install/onrobot_driver/include/onrobot_driver/Modbus/docs/html/dir_5c4711b76244cf820e6fc766a3eae98f.html
[12.576s] -- Up-to-date symlink: /home/user/Desktop/ur_pick/ros2_ws/install/onrobot_driver/include/onrobot_driver/Modbus/docs/html/dir_68267d1309a1af8e8297ef4c3efbcdba.html
[12.576s] -- Up-to-date symlink: /home/user/Desktop/ur_pick/ros2_ws/install/onrobot_driver/include/onrobot_driver/Modbus/docs/html/dir_89deb882b528f943e97271a20701dad4.html
[12.576s] -- Up-to-date symlink: /home/user/Desktop/ur_pick/ros2_ws/install/onrobot_driver/include/onrobot_driver/Modbus/docs/html/dir_bce4fe468017adc58bf81882531ea016.html
[12.576s] -- Up-to-date symlink: /home/user/Desktop/ur_pick/ros2_ws/install/onrobot_driver/include/onrobot_driver/Modbus/docs/html/dir_d44c64559bbebec7f509842c48db8b23.html
[12.576s] -- Up-to-date symlink: /home/user/Desktop/ur_pick/ros2_ws/install/onrobot_driver/include/onrobot_driver/Modbus/docs/html/dir_f8aebf652183de33714d471cbd098255.html
[12.576s] -- Up-to-date symlink: /home/user/Desktop/ur_pick/ros2_ws/install/onrobot_driver/include/onrobot_driver/Modbus/docs/html/dir_fa17a7b3bf7c731ce009520520ae23a8.html
[12.577s] -- Up-to-date symlink: /home/user/Desktop/ur_pick/ros2_ws/install/onrobot_driver/include/onrobot_driver/Modbus/docs/html/doc.png
[12.577s] -- Up-to-date symlink: /home/user/Desktop/ur_pick/ros2_ws/install/onrobot_driver/include/onrobot_driver/Modbus/docs/html/doc.svg
[12.577s] -- Up-to-date symlink: /home/user/Desktop/ur_pick/ros2_ws/install/onrobot_driver/include/onrobot_driver/Modbus/docs/html/docd.svg
[12.577s] -- Up-to-date symlink: /home/user/Desktop/ur_pick/ros2_ws/install/onrobot_driver/include/onrobot_driver/Modbus/docs/html/doxygen.css
[12.577s] -- Up-to-date symlink: /home/user/Desktop/ur_pick/ros2_ws/install/onrobot_driver/include/onrobot_driver/Modbus/docs/html/doxygen.svg
[12.577s] -- Up-to-date symlink: /home/user/Desktop/ur_pick/ros2_ws/install/onrobot_driver/include/onrobot_driver/Modbus/docs/html/doxygen_crawl.html
[12.578s] -- Up-to-date symlink: /home/user/Desktop/ur_pick/ros2_ws/install/onrobot_driver/include/onrobot_driver/Modbus/docs/html/dynsections.js
[12.578s] -- Up-to-date symlink: /home/user/Desktop/ur_pick/ros2_ws/install/onrobot_driver/include/onrobot_driver/Modbus/docs/html/files.html
[12.578s] -- Up-to-date symlink: /home/user/Desktop/ur_pick/ros2_ws/install/onrobot_driver/include/onrobot_driver/Modbus/docs/html/folderclosed.png
[12.578s] -- Up-to-date symlink: /home/user/Desktop/ur_pick/ros2_ws/install/onrobot_driver/include/onrobot_driver/Modbus/docs/html/folderclosed.svg
[12.578s] -- Up-to-date symlink: /home/user/Desktop/ur_pick/ros2_ws/install/onrobot_driver/include/onrobot_driver/Modbus/docs/html/folderclosedd.svg
[12.578s] -- Up-to-date symlink: /home/user/Desktop/ur_pick/ros2_ws/install/onrobot_driver/include/onrobot_driver/Modbus/docs/html/folderopen.png
[12.578s] -- Up-to-date symlink: /home/user/Desktop/ur_pick/ros2_ws/install/onrobot_driver/include/onrobot_driver/Modbus/docs/html/folderopen.svg
[12.579s] -- Up-to-date symlink: /home/user/Desktop/ur_pick/ros2_ws/install/onrobot_driver/include/onrobot_driver/Modbus/docs/html/folderopend.svg
[12.579s] -- Up-to-date symlink: /home/user/Desktop/ur_pick/ros2_ws/install/onrobot_driver/include/onrobot_driver/Modbus/docs/html/functions.html
[12.579s] -- Up-to-date symlink: /home/user/Desktop/ur_pick/ros2_ws/install/onrobot_driver/include/onrobot_driver/Modbus/docs/html/functions_func.html
[12.579s] -- Up-to-date symlink: /home/user/Desktop/ur_pick/ros2_ws/install/onrobot_driver/include/onrobot_driver/Modbus/docs/html/group__MB.html
[12.579s] -- Up-to-date symlink: /home/user/Desktop/ur_pick/ros2_ws/install/onrobot_driver/include/onrobot_driver/Modbus/docs/html/hierarchy.html
[12.579s] -- Up-to-date symlink: /home/user/Desktop/ur_pick/ros2_ws/install/onrobot_driver/include/onrobot_driver/Modbus/docs/html/index.html
[12.579s] -- Up-to-date symlink: /home/user/Desktop/ur_pick/ros2_ws/install/onrobot_driver/include/onrobot_driver/Modbus/docs/html/jquery.js
[12.579s] -- Up-to-date symlink: /home/user/Desktop/ur_pick/ros2_ws/install/onrobot_driver/include/onrobot_driver/Modbus/docs/html/menu.js
[12.580s] -- Up-to-date symlink: /home/user/Desktop/ur_pick/ros2_ws/install/onrobot_driver/include/onrobot_driver/Modbus/docs/html/menudata.js
[12.580s] -- Up-to-date symlink: /home/user/Desktop/ur_pick/ros2_ws/install/onrobot_driver/include/onrobot_driver/Modbus/docs/html/minus.svg
[12.580s] -- Up-to-date symlink: /home/user/Desktop/ur_pick/ros2_ws/install/onrobot_driver/include/onrobot_driver/Modbus/docs/html/minusd.svg
[12.580s] -- Up-to-date symlink: /home/user/Desktop/ur_pick/ros2_ws/install/onrobot_driver/include/onrobot_driver/Modbus/docs/html/modbusCell_8hpp_source.html
[12.580s] -- Up-to-date symlink: /home/user/Desktop/ur_pick/ros2_ws/install/onrobot_driver/include/onrobot_driver/Modbus/docs/html/modbusException_8hpp_source.html
[12.580s] -- Up-to-date symlink: /home/user/Desktop/ur_pick/ros2_ws/install/onrobot_driver/include/onrobot_driver/Modbus/docs/html/modbusRequest_8hpp_source.html
[12.580s] -- Up-to-date symlink: /home/user/Desktop/ur_pick/ros2_ws/install/onrobot_driver/include/onrobot_driver/Modbus/docs/html/modbusResponse_8hpp_source.html
[12.581s] -- Up-to-date symlink: /home/user/Desktop/ur_pick/ros2_ws/install/onrobot_driver/include/onrobot_driver/Modbus/docs/html/modbusUtils_8hpp_source.html
[12.581s] -- Up-to-date symlink: /home/user/Desktop/ur_pick/ros2_ws/install/onrobot_driver/include/onrobot_driver/Modbus/docs/html/modules.html
[12.581s] -- Up-to-date symlink: /home/user/Desktop/ur_pick/ros2_ws/install/onrobot_driver/include/onrobot_driver/Modbus/docs/html/namespaceMB.html
[12.581s] -- Up-to-date symlink: /home/user/Desktop/ur_pick/ros2_ws/install/onrobot_driver/include/onrobot_driver/Modbus/docs/html/namespaceMB_1_1CRC.html
[12.581s] -- Up-to-date symlink: /home/user/Desktop/ur_pick/ros2_ws/install/onrobot_driver/include/onrobot_driver/Modbus/docs/html/namespaceMB_1_1utils.html
[12.581s] -- Up-to-date symlink: /home/user/Desktop/ur_pick/ros2_ws/install/onrobot_driver/include/onrobot_driver/Modbus/docs/html/namespacemembers.html
[12.582s] -- Up-to-date symlink: /home/user/Desktop/ur_pick/ros2_ws/install/onrobot_driver/include/onrobot_driver/Modbus/docs/html/namespacemembers_enum.html
[12.582s] -- Up-to-date symlink: /home/user/Desktop/ur_pick/ros2_ws/install/onrobot_driver/include/onrobot_driver/Modbus/docs/html/namespacemembers_func.html
[12.582s] -- Up-to-date symlink: /home/user/Desktop/ur_pick/ros2_ws/install/onrobot_driver/include/onrobot_driver/Modbus/docs/html/namespaces.html
[12.582s] -- Up-to-date symlink: /home/user/Desktop/ur_pick/ros2_ws/install/onrobot_driver/include/onrobot_driver/Modbus/docs/html/nav_f.png
[12.582s] -- Up-to-date symlink: /home/user/Desktop/ur_pick/ros2_ws/install/onrobot_driver/include/onrobot_driver/Modbus/docs/html/nav_fd.png
[12.582s] -- Up-to-date symlink: /home/user/Desktop/ur_pick/ros2_ws/install/onrobot_driver/include/onrobot_driver/Modbus/docs/html/nav_g.png
[12.583s] -- Up-to-date symlink: /home/user/Desktop/ur_pick/ros2_ws/install/onrobot_driver/include/onrobot_driver/Modbus/docs/html/nav_h.png
[12.583s] -- Up-to-date symlink: /home/user/Desktop/ur_pick/ros2_ws/install/onrobot_driver/include/onrobot_driver/Modbus/docs/html/nav_hd.png
[12.583s] -- Up-to-date symlink: /home/user/Desktop/ur_pick/ros2_ws/install/onrobot_driver/include/onrobot_driver/Modbus/docs/html/open.png
[12.583s] -- Up-to-date symlink: /home/user/Desktop/ur_pick/ros2_ws/install/onrobot_driver/include/onrobot_driver/Modbus/docs/html/pages.html
[12.583s] -- Up-to-date symlink: /home/user/Desktop/ur_pick/ros2_ws/install/onrobot_driver/include/onrobot_driver/Modbus/docs/html/plus.svg
[12.583s] -- Up-to-date symlink: /home/user/Desktop/ur_pick/ros2_ws/install/onrobot_driver/include/onrobot_driver/Modbus/docs/html/plusd.svg
[12.583s] -- Up-to-date symlink: /home/user/Desktop/ur_pick/ros2_ws/install/onrobot_driver/include/onrobot_driver/Modbus/docs/html/search/all_0.html
[12.583s] -- Up-to-date symlink: /home/user/Desktop/ur_pick/ros2_ws/install/onrobot_driver/include/onrobot_driver/Modbus/docs/html/search/all_0.js
[12.584s] -- Up-to-date symlink: /home/user/Desktop/ur_pick/ros2_ws/install/onrobot_driver/include/onrobot_driver/Modbus/docs/html/search/all_1.html
[12.584s] -- Up-to-date symlink: /home/user/Desktop/ur_pick/ros2_ws/install/onrobot_driver/include/onrobot_driver/Modbus/docs/html/search/all_1.js
[12.584s] -- Up-to-date symlink: /home/user/Desktop/ur_pick/ros2_ws/install/onrobot_driver/include/onrobot_driver/Modbus/docs/html/search/all_10.js
[12.584s] -- Up-to-date symlink: /home/user/Desktop/ur_pick/ros2_ws/install/onrobot_driver/include/onrobot_driver/Modbus/docs/html/search/all_11.js
[12.584s] -- Up-to-date symlink: /home/user/Desktop/ur_pick/ros2_ws/install/onrobot_driver/include/onrobot_driver/Modbus/docs/html/search/all_2.html
[12.584s] -- Up-to-date symlink: /home/user/Desktop/ur_pick/ros2_ws/install/onrobot_driver/include/onrobot_driver/Modbus/docs/html/search/all_2.js
[12.584s] -- Up-to-date symlink: /home/user/Desktop/ur_pick/ros2_ws/install/onrobot_driver/include/onrobot_driver/Modbus/docs/html/search/all_3.html
[12.584s] -- Up-to-date symlink: /home/user/Desktop/ur_pick/ros2_ws/install/onrobot_driver/include/onrobot_driver/Modbus/docs/html/search/all_3.js
[12.584s] -- Up-to-date symlink: /home/user/Desktop/ur_pick/ros2_ws/install/onrobot_driver/include/onrobot_driver/Modbus/docs/html/search/all_4.html
[12.585s] -- Up-to-date symlink: /home/user/Desktop/ur_pick/ros2_ws/install/onrobot_driver/include/onrobot_driver/Modbus/docs/html/search/all_4.js
[12.585s] -- Up-to-date symlink: /home/user/Desktop/ur_pick/ros2_ws/install/onrobot_driver/include/onrobot_driver/Modbus/docs/html/search/all_5.html
[12.585s] -- Up-to-date symlink: /home/user/Desktop/ur_pick/ros2_ws/install/onrobot_driver/include/onrobot_driver/Modbus/docs/html/search/all_5.js
[12.585s] -- Up-to-date symlink: /home/user/Desktop/ur_pick/ros2_ws/install/onrobot_driver/include/onrobot_driver/Modbus/docs/html/search/all_6.html
[12.585s] -- Up-to-date symlink: /home/user/Desktop/ur_pick/ros2_ws/install/onrobot_driver/include/onrobot_driver/Modbus/docs/html/search/all_6.js
[12.585s] -- Up-to-date symlink: /home/user/Desktop/ur_pick/ros2_ws/install/onrobot_driver/include/onrobot_driver/Modbus/docs/html/search/all_7.html
[12.586s] -- Up-to-date symlink: /home/user/Desktop/ur_pick/ros2_ws/install/onrobot_driver/include/onrobot_driver/Modbus/docs/html/search/all_7.js
[12.586s] -- Up-to-date symlink: /home/user/Desktop/ur_pick/ros2_ws/install/onrobot_driver/include/onrobot_driver/Modbus/docs/html/search/all_8.html
[12.586s] -- Up-to-date symlink: /home/user/Desktop/ur_pick/ros2_ws/install/onrobot_driver/include/onrobot_driver/Modbus/docs/html/search/all_8.js
[12.586s] -- Up-to-date symlink: /home/user/Desktop/ur_pick/ros2_ws/install/onrobot_driver/include/onrobot_driver/Modbus/docs/html/search/all_9.html
[12.586s] -- Up-to-date symlink: /home/user/Desktop/ur_pick/ros2_ws/install/onrobot_driver/include/onrobot_driver/Modbus/docs/html/search/all_9.js
[12.586s] -- Up-to-date symlink: /home/user/Desktop/ur_pick/ros2_ws/install/onrobot_driver/include/onrobot_driver/Modbus/docs/html/search/all_a.js
[12.586s] -- Up-to-date symlink: /home/user/Desktop/ur_pick/ros2_ws/install/onrobot_driver/include/onrobot_driver/Modbus/docs/html/search/all_b.js
[12.586s] -- Up-to-date symlink: /home/user/Desktop/ur_pick/ros2_ws/install/onrobot_driver/include/onrobot_driver/Modbus/docs/html/search/all_c.js
[12.587s] -- Up-to-date symlink: /home/user/Desktop/ur_pick/ros2_ws/install/onrobot_driver/include/onrobot_driver/Modbus/docs/html/search/all_d.js
[12.587s] -- Up-to-date symlink: /home/user/Desktop/ur_pick/ros2_ws/install/onrobot_driver/include/onrobot_driver/Modbus/docs/html/search/all_e.js
[12.587s] -- Up-to-date symlink: /home/user/Desktop/ur_pick/ros2_ws/install/onrobot_driver/include/onrobot_driver/Modbus/docs/html/search/all_f.js
[12.587s] -- Up-to-date symlink: /home/user/Desktop/ur_pick/ros2_ws/install/onrobot_driver/include/onrobot_driver/Modbus/docs/html/search/classes_0.html
[12.587s] -- Up-to-date symlink: /home/user/Desktop/ur_pick/ros2_ws/install/onrobot_driver/include/onrobot_driver/Modbus/docs/html/search/classes_0.js
[12.587s] -- Up-to-date symlink: /home/user/Desktop/ur_pick/ros2_ws/install/onrobot_driver/include/onrobot_driver/Modbus/docs/html/search/classes_1.html
[12.587s] -- Up-to-date symlink: /home/user/Desktop/ur_pick/ros2_ws/install/onrobot_driver/include/onrobot_driver/Modbus/docs/html/search/classes_1.js
[12.588s] -- Up-to-date symlink: /home/user/Desktop/ur_pick/ros2_ws/install/onrobot_driver/include/onrobot_driver/Modbus/docs/html/search/classes_2.html
[12.588s] -- Up-to-date symlink: /home/user/Desktop/ur_pick/ros2_ws/install/onrobot_driver/include/onrobot_driver/Modbus/docs/html/search/classes_2.js
[12.588s] -- Up-to-date symlink: /home/user/Desktop/ur_pick/ros2_ws/install/onrobot_driver/include/onrobot_driver/Modbus/docs/html/search/close.svg
[12.588s] -- Up-to-date symlink: /home/user/Desktop/ur_pick/ros2_ws/install/onrobot_driver/include/onrobot_driver/Modbus/docs/html/search/enums_0.html
[12.588s] -- Up-to-date symlink: /home/user/Desktop/ur_pick/ros2_ws/install/onrobot_driver/include/onrobot_driver/Modbus/docs/html/search/enums_0.js
[12.588s] -- Up-to-date symlink: /home/user/Desktop/ur_pick/ros2_ws/install/onrobot_driver/include/onrobot_driver/Modbus/docs/html/search/functions_0.html
[12.588s] -- Up-to-date symlink: /home/user/Desktop/ur_pick/ros2_ws/install/onrobot_driver/include/onrobot_driver/Modbus/docs/html/search/functions_0.js
[12.589s] -- Up-to-date symlink: /home/user/Desktop/ur_pick/ros2_ws/install/onrobot_driver/include/onrobot_driver/Modbus/docs/html/search/functions_1.html
[12.589s] -- Up-to-date symlink: /home/user/Desktop/ur_pick/ros2_ws/install/onrobot_driver/include/onrobot_driver/Modbus/docs/html/search/functions_1.js
[12.589s] -- Up-to-date symlink: /home/user/Desktop/ur_pick/ros2_ws/install/onrobot_driver/include/onrobot_driver/Modbus/docs/html/search/functions_2.html
[12.589s] -- Up-to-date symlink: /home/user/Desktop/ur_pick/ros2_ws/install/onrobot_driver/include/onrobot_driver/Modbus/docs/html/search/functions_2.js
[12.589s] -- Up-to-date symlink: /home/user/Desktop/ur_pick/ros2_ws/install/onrobot_driver/include/onrobot_driver/Modbus/docs/html/search/functions_3.html
[12.589s] -- Up-to-date symlink: /home/user/Desktop/ur_pick/ros2_ws/install/onrobot_driver/include/onrobot_driver/Modbus/docs/html/search/functions_3.js
[12.589s] -- Up-to-date symlink: /home/user/Desktop/ur_pick/ros2_ws/install/onrobot_driver/include/onrobot_driver/Modbus/docs/html/search/functions_4.html
[12.590s] -- Up-to-date symlink: /home/user/Desktop/ur_pick/ros2_ws/install/onrobot_driver/include/onrobot_driver/Modbus/docs/html/search/functions_4.js
[12.590s] -- Up-to-date symlink: /home/user/Desktop/ur_pick/ros2_ws/install/onrobot_driver/include/onrobot_driver/Modbus/docs/html/search/functions_5.html
[12.591s] -- Up-to-date symlink: /home/user/Desktop/ur_pick/ros2_ws/install/onrobot_driver/include/onrobot_driver/Modbus/docs/html/search/functions_5.js
[12.591s] -- Up-to-date symlink: /home/user/Desktop/ur_pick/ros2_ws/install/onrobot_driver/include/onrobot_driver/Modbus/docs/html/search/functions_6.html
[12.591s] -- Up-to-date symlink: /home/user/Desktop/ur_pick/ros2_ws/install/onrobot_driver/include/onrobot_driver/Modbus/docs/html/search/functions_6.js
[12.591s] -- Up-to-date symlink: /home/user/Desktop/ur_pick/ros2_ws/install/onrobot_driver/include/onrobot_driver/Modbus/docs/html/search/functions_7.html
[12.591s] -- Up-to-date symlink: /home/user/Desktop/ur_pick/ros2_ws/install/onrobot_driver/include/onrobot_driver/Modbus/docs/html/search/functions_7.js
[12.591s] -- Up-to-date symlink: /home/user/Desktop/ur_pick/ros2_ws/install/onrobot_driver/include/onrobot_driver/Modbus/docs/html/search/functions_8.html
[12.591s] -- Up-to-date symlink: /home/user/Desktop/ur_pick/ros2_ws/install/onrobot_driver/include/onrobot_driver/Modbus/docs/html/search/functions_8.js
[12.591s] -- Up-to-date symlink: /home/user/Desktop/ur_pick/ros2_ws/install/onrobot_driver/include/onrobot_driver/Modbus/docs/html/search/functions_9.html
[12.592s] -- Up-to-date symlink: /home/user/Desktop/ur_pick/ros2_ws/install/onrobot_driver/include/onrobot_driver/Modbus/docs/html/search/functions_9.js
[12.592s] -- Up-to-date symlink: /home/user/Desktop/ur_pick/ros2_ws/install/onrobot_driver/include/onrobot_driver/Modbus/docs/html/search/functions_a.js
[12.592s] -- Up-to-date symlink: /home/user/Desktop/ur_pick/ros2_ws/install/onrobot_driver/include/onrobot_driver/Modbus/docs/html/search/mag.svg
[12.592s] -- Up-to-date symlink: /home/user/Desktop/ur_pick/ros2_ws/install/onrobot_driver/include/onrobot_driver/Modbus/docs/html/search/mag_d.svg
[12.592s] -- Up-to-date symlink: /home/user/Desktop/ur_pick/ros2_ws/install/onrobot_driver/include/onrobot_driver/Modbus/docs/html/search/mag_sel.svg
[12.592s] -- Up-to-date symlink: /home/user/Desktop/ur_pick/ros2_ws/install/onrobot_driver/include/onrobot_driver/Modbus/docs/html/search/mag_seld.svg
[12.592s] -- Up-to-date symlink: /home/user/Desktop/ur_pick/ros2_ws/install/onrobot_driver/include/onrobot_driver/Modbus/docs/html/search/namespaces_0.html
[12.593s] -- Up-to-date symlink: /home/user/Desktop/ur_pick/ros2_ws/install/onrobot_driver/include/onrobot_driver/Modbus/docs/html/search/namespaces_0.js
[12.593s] -- Up-to-date symlink: /home/user/Desktop/ur_pick/ros2_ws/install/onrobot_driver/include/onrobot_driver/Modbus/docs/html/search/nomatches.html
[12.593s] -- Up-to-date symlink: /home/user/Desktop/ur_pick/ros2_ws/install/onrobot_driver/include/onrobot_driver/Modbus/docs/html/search/pages_0.js
[12.593s] -- Up-to-date symlink: /home/user/Desktop/ur_pick/ros2_ws/install/onrobot_driver/include/onrobot_driver/Modbus/docs/html/search/pages_1.js
[12.593s] -- Up-to-date symlink: /home/user/Desktop/ur_pick/ros2_ws/install/onrobot_driver/include/onrobot_driver/Modbus/docs/html/search/pages_2.js
[12.593s] -- Up-to-date symlink: /home/user/Desktop/ur_pick/ros2_ws/install/onrobot_driver/include/onrobot_driver/Modbus/docs/html/search/pages_3.js
[12.593s] -- Up-to-date symlink: /home/user/Desktop/ur_pick/ros2_ws/install/onrobot_driver/include/onrobot_driver/Modbus/docs/html/search/search.css
[12.593s] -- Up-to-date symlink: /home/user/Desktop/ur_pick/ros2_ws/install/onrobot_driver/include/onrobot_driver/Modbus/docs/html/search/search.js
[12.594s] -- Up-to-date symlink: /home/user/Desktop/ur_pick/ros2_ws/install/onrobot_driver/include/onrobot_driver/Modbus/docs/html/search/search_l.png
[12.594s] -- Up-to-date symlink: /home/user/Desktop/ur_pick/ros2_ws/install/onrobot_driver/include/onrobot_driver/Modbus/docs/html/search/search_m.png
[12.594s] -- Up-to-date symlink: /home/user/Desktop/ur_pick/ros2_ws/install/onrobot_driver/include/onrobot_driver/Modbus/docs/html/search/search_r.png
[12.594s] -- Up-to-date symlink: /home/user/Desktop/ur_pick/ros2_ws/install/onrobot_driver/include/onrobot_driver/Modbus/docs/html/search/searchdata.js
[12.594s] -- Up-to-date symlink: /home/user/Desktop/ur_pick/ros2_ws/install/onrobot_driver/include/onrobot_driver/Modbus/docs/html/server_8hpp_source.html
[12.594s] -- Up-to-date symlink: /home/user/Desktop/ur_pick/ros2_ws/install/onrobot_driver/include/onrobot_driver/Modbus/docs/html/splitbar.png
[12.594s] -- Up-to-date symlink: /home/user/Desktop/ur_pick/ros2_ws/install/onrobot_driver/include/onrobot_driver/Modbus/docs/html/splitbard.png
[12.594s] -- Up-to-date symlink: /home/user/Desktop/ur_pick/ros2_ws/install/onrobot_driver/include/onrobot_driver/Modbus/docs/html/sync_off.png
[12.595s] -- Up-to-date symlink: /home/user/Desktop/ur_pick/ros2_ws/install/onrobot_driver/include/onrobot_driver/Modbus/docs/html/sync_on.png
[12.595s] -- Up-to-date symlink: /home/user/Desktop/ur_pick/ros2_ws/install/onrobot_driver/include/onrobot_driver/Modbus/docs/html/tab_a.png
[12.595s] -- Up-to-date symlink: /home/user/Desktop/ur_pick/ros2_ws/install/onrobot_driver/include/onrobot_driver/Modbus/docs/html/tab_ad.png
[12.595s] -- Up-to-date symlink: /home/user/Desktop/ur_pick/ros2_ws/install/onrobot_driver/include/onrobot_driver/Modbus/docs/html/tab_b.png
[12.595s] -- Up-to-date symlink: /home/user/Desktop/ur_pick/ros2_ws/install/onrobot_driver/include/onrobot_driver/Modbus/docs/html/tab_bd.png
[12.596s] -- Up-to-date symlink: /home/user/Desktop/ur_pick/ros2_ws/install/onrobot_driver/include/onrobot_driver/Modbus/docs/html/tab_h.png
[12.596s] -- Up-to-date symlink: /home/user/Desktop/ur_pick/ros2_ws/install/onrobot_driver/include/onrobot_driver/Modbus/docs/html/tab_hd.png
[12.596s] -- Up-to-date symlink: /home/user/Desktop/ur_pick/ros2_ws/install/onrobot_driver/include/onrobot_driver/Modbus/docs/html/tab_s.png
[12.596s] -- Up-to-date symlink: /home/user/Desktop/ur_pick/ros2_ws/install/onrobot_driver/include/onrobot_driver/Modbus/docs/html/tab_sd.png
[12.596s] -- Up-to-date symlink: /home/user/Desktop/ur_pick/ros2_ws/install/onrobot_driver/include/onrobot_driver/Modbus/docs/html/tabs.css
[12.596s] -- Up-to-date symlink: /home/user/Desktop/ur_pick/ros2_ws/install/onrobot_driver/include/onrobot_driver/Modbus/example/main.cpp
[12.596s] -- Up-to-date symlink: /home/user/Desktop/ur_pick/ros2_ws/install/onrobot_driver/include/onrobot_driver/Modbus/include/MB/Serial/connection.hpp
[12.596s] -- Up-to-date symlink: /home/user/Desktop/ur_pick/ros2_ws/install/onrobot_driver/include/onrobot_driver/Modbus/include/MB/TCP/connection.hpp
[12.596s] -- Up-to-date symlink: /home/user/Desktop/ur_pick/ros2_ws/install/onrobot_driver/include/onrobot_driver/Modbus/include/MB/TCP/server.hpp
[12.597s] -- Up-to-date symlink: /home/user/Desktop/ur_pick/ros2_ws/install/onrobot_driver/include/onrobot_driver/Modbus/include/MB/crc.hpp
[12.597s] -- Up-to-date symlink: /home/user/Desktop/ur_pick/ros2_ws/install/onrobot_driver/include/onrobot_driver/Modbus/include/MB/modbusCell.hpp
[12.597s] -- Up-to-date symlink: /home/user/Desktop/ur_pick/ros2_ws/install/onrobot_driver/include/onrobot_driver/Modbus/include/MB/modbusException.hpp
[12.597s] -- Up-to-date symlink: /home/user/Desktop/ur_pick/ros2_ws/install/onrobot_driver/include/onrobot_driver/Modbus/include/MB/modbusRequest.hpp
[12.597s] -- Up-to-date symlink: /home/user/Desktop/ur_pick/ros2_ws/install/onrobot_driver/include/onrobot_driver/Modbus/include/MB/modbusResponse.hpp
[12.598s] -- Up-to-date symlink: /home/user/Desktop/ur_pick/ros2_ws/install/onrobot_driver/include/onrobot_driver/Modbus/include/MB/modbusUtils.hpp
[12.598s] -- Up-to-date symlink: /home/user/Desktop/ur_pick/ros2_ws/install/onrobot_driver/include/onrobot_driver/Modbus/reformat-all.sh
[12.598s] -- Up-to-date symlink: /home/user/Desktop/ur_pick/ros2_ws/install/onrobot_driver/include/onrobot_driver/Modbus/shell.nix
[12.598s] -- Up-to-date symlink: /home/user/Desktop/ur_pick/ros2_ws/install/onrobot_driver/include/onrobot_driver/Modbus/src/CMakeLists.txt
[12.598s] -- Up-to-date symlink: /home/user/Desktop/ur_pick/ros2_ws/install/onrobot_driver/include/onrobot_driver/Modbus/src/Serial/CMakeLists.txt
[12.598s] -- Up-to-date symlink: /home/user/Desktop/ur_pick/ros2_ws/install/onrobot_driver/include/onrobot_driver/Modbus/src/Serial/connection.cpp
[12.598s] -- Up-to-date symlink: /home/user/Desktop/ur_pick/ros2_ws/install/onrobot_driver/include/onrobot_driver/Modbus/src/TCP/CMakeLists.txt
[12.598s] -- Up-to-date symlink: /home/user/Desktop/ur_pick/ros2_ws/install/onrobot_driver/include/onrobot_driver/Modbus/src/TCP/connection.cpp
[12.600s] -- Up-to-date symlink: /home/user/Desktop/ur_pick/ros2_ws/install/onrobot_driver/include/onrobot_driver/Modbus/src/TCP/server.cpp
[12.600s] -- Up-to-date symlink: /home/user/Desktop/ur_pick/ros2_ws/install/onrobot_driver/include/onrobot_driver/Modbus/src/crc.cpp
[12.600s] -- Up-to-date symlink: /home/user/Desktop/ur_pick/ros2_ws/install/onrobot_driver/include/onrobot_driver/Modbus/src/modbusException.cpp
[12.600s] -- Up-to-date symlink: /home/user/Desktop/ur_pick/ros2_ws/install/onrobot_driver/include/onrobot_driver/Modbus/src/modbusRequest.cpp
[12.600s] -- Up-to-date symlink: /home/user/Desktop/ur_pick/ros2_ws/install/onrobot_driver/include/onrobot_driver/Modbus/src/modbusResponse.cpp
[12.600s] -- Up-to-date symlink: /home/user/Desktop/ur_pick/ros2_ws/install/onrobot_driver/include/onrobot_driver/Modbus/tests/CMakeLists.txt
[12.600s] -- Up-to-date symlink: /home/user/Desktop/ur_pick/ros2_ws/install/onrobot_driver/include/onrobot_driver/Modbus/tests/MB/ModbusCellTests.cpp
[12.600s] -- Up-to-date symlink: /home/user/Desktop/ur_pick/ros2_ws/install/onrobot_driver/include/onrobot_driver/Modbus/tests/MB/ModbusExceptionTests.cpp
[12.600s] -- Up-to-date symlink: /home/user/Desktop/ur_pick/ros2_ws/install/onrobot_driver/include/onrobot_driver/Modbus/tests/MB/ModbusFunctionalTests.cpp
[12.600s] -- Up-to-date symlink: /home/user/Desktop/ur_pick/ros2_ws/install/onrobot_driver/include/onrobot_driver/Modbus/tests/MB/ModbusRequestTests.cpp
[12.601s] -- Up-to-date symlink: /home/user/Desktop/ur_pick/ros2_ws/install/onrobot_driver/include/onrobot_driver/Modbus/tests/MB/ModbusResponseTests.cpp
[12.601s] -- Up-to-date symlink: /home/user/Desktop/ur_pick/ros2_ws/install/onrobot_driver/include/onrobot_driver/Modbus/tests/googletest/.clang-format
[12.601s] -- Up-to-date symlink: /home/user/Desktop/ur_pick/ros2_ws/install/onrobot_driver/include/onrobot_driver/Modbus/tests/googletest/.git
[12.601s] -- Up-to-date symlink: /home/user/Desktop/ur_pick/ros2_ws/install/onrobot_driver/include/onrobot_driver/Modbus/tests/googletest/.github/ISSUE_TEMPLATE/00-bug_report.md
[12.601s] -- Up-to-date symlink: /home/user/Desktop/ur_pick/ros2_ws/install/onrobot_driver/include/onrobot_driver/Modbus/tests/googletest/.github/ISSUE_TEMPLATE/10-feature_request.md
[12.601s] -- Up-to-date symlink: /home/user/Desktop/ur_pick/ros2_ws/install/onrobot_driver/include/onrobot_driver/Modbus/tests/googletest/.github/ISSUE_TEMPLATE/config.yml
[12.601s] -- Up-to-date symlink: /home/user/Desktop/ur_pick/ros2_ws/install/onrobot_driver/include/onrobot_driver/Modbus/tests/googletest/.github/workflows/gtest-ci.yml
[12.601s] -- Up-to-date symlink: /home/user/Desktop/ur_pick/ros2_ws/install/onrobot_driver/include/onrobot_driver/Modbus/tests/googletest/.gitignore
[12.601s] -- Up-to-date symlink: /home/user/Desktop/ur_pick/ros2_ws/install/onrobot_driver/include/onrobot_driver/Modbus/tests/googletest/BUILD.bazel
[12.601s] -- Up-to-date symlink: /home/user/Desktop/ur_pick/ros2_ws/install/onrobot_driver/include/onrobot_driver/Modbus/tests/googletest/CMakeLists.txt
[12.602s] -- Up-to-date symlink: /home/user/Desktop/ur_pick/ros2_ws/install/onrobot_driver/include/onrobot_driver/Modbus/tests/googletest/CONTRIBUTING.md
[12.602s] -- Up-to-date symlink: /home/user/Desktop/ur_pick/ros2_ws/install/onrobot_driver/include/onrobot_driver/Modbus/tests/googletest/CONTRIBUTORS
[12.602s] -- Up-to-date symlink: /home/user/Desktop/ur_pick/ros2_ws/install/onrobot_driver/include/onrobot_driver/Modbus/tests/googletest/LICENSE
[12.602s] -- Up-to-date symlink: /home/user/Desktop/ur_pick/ros2_ws/install/onrobot_driver/include/onrobot_driver/Modbus/tests/googletest/README.md
[12.602s] -- Up-to-date symlink: /home/user/Desktop/ur_pick/ros2_ws/install/onrobot_driver/include/onrobot_driver/Modbus/tests/googletest/WORKSPACE
[12.602s] -- Up-to-date symlink: /home/user/Desktop/ur_pick/ros2_ws/install/onrobot_driver/include/onrobot_driver/Modbus/tests/googletest/ci/linux-presubmit.sh
[12.603s] -- Up-to-date symlink: /home/user/Desktop/ur_pick/ros2_ws/install/onrobot_driver/include/onrobot_driver/Modbus/tests/googletest/ci/macos-presubmit.sh
[12.603s] -- Up-to-date symlink: /home/user/Desktop/ur_pick/ros2_ws/install/onrobot_driver/include/onrobot_driver/Modbus/tests/googletest/docs/_config.yml
[12.603s] -- Up-to-date symlink: /home/user/Desktop/ur_pick/ros2_ws/install/onrobot_driver/include/onrobot_driver/Modbus/tests/googletest/docs/_data/navigation.yml
[12.603s] -- Up-to-date symlink: /home/user/Desktop/ur_pick/ros2_ws/install/onrobot_driver/include/onrobot_driver/Modbus/tests/googletest/docs/_layouts/default.html
[12.603s] -- Up-to-date symlink: /home/user/Desktop/ur_pick/ros2_ws/install/onrobot_driver/include/onrobot_driver/Modbus/tests/googletest/docs/_sass/main.scss
[12.603s] -- Up-to-date symlink: /home/user/Desktop/ur_pick/ros2_ws/install/onrobot_driver/include/onrobot_driver/Modbus/tests/googletest/docs/advanced.md
[12.603s] -- Up-to-date symlink: /home/user/Desktop/ur_pick/ros2_ws/install/onrobot_driver/include/onrobot_driver/Modbus/tests/googletest/docs/assets/css/style.scss
[12.603s] -- Up-to-date symlink: /home/user/Desktop/ur_pick/ros2_ws/install/onrobot_driver/include/onrobot_driver/Modbus/tests/googletest/docs/community_created_documentation.md
[12.604s] -- Up-to-date symlink: /home/user/Desktop/ur_pick/ros2_ws/install/onrobot_driver/include/onrobot_driver/Modbus/tests/googletest/docs/faq.md
[12.604s] -- Up-to-date symlink: /home/user/Desktop/ur_pick/ros2_ws/install/onrobot_driver/include/onrobot_driver/Modbus/tests/googletest/docs/gmock_cheat_sheet.md
[12.604s] -- Up-to-date symlink: /home/user/Desktop/ur_pick/ros2_ws/install/onrobot_driver/include/onrobot_driver/Modbus/tests/googletest/docs/gmock_cook_book.md
[12.604s] -- Up-to-date symlink: /home/user/Desktop/ur_pick/ros2_ws/install/onrobot_driver/include/onrobot_driver/Modbus/tests/googletest/docs/gmock_faq.md
[12.604s] -- Up-to-date symlink: /home/user/Desktop/ur_pick/ros2_ws/install/onrobot_driver/include/onrobot_driver/Modbus/tests/googletest/docs/gmock_for_dummies.md
[12.604s] -- Up-to-date symlink: /home/user/Desktop/ur_pick/ros2_ws/install/onrobot_driver/include/onrobot_driver/Modbus/tests/googletest/docs/index.md
[12.604s] -- Up-to-date symlink: /home/user/Desktop/ur_pick/ros2_ws/install/onrobot_driver/include/onrobot_driver/Modbus/tests/googletest/docs/pkgconfig.md
[12.604s] -- Up-to-date symlink: /home/user/Desktop/ur_pick/ros2_ws/install/onrobot_driver/include/onrobot_driver/Modbus/tests/googletest/docs/platforms.md
[12.605s] -- Up-to-date symlink: /home/user/Desktop/ur_pick/ros2_ws/install/onrobot_driver/include/onrobot_driver/Modbus/tests/googletest/docs/primer.md
[12.605s] -- Up-to-date symlink: /home/user/Desktop/ur_pick/ros2_ws/install/onrobot_driver/include/onrobot_driver/Modbus/tests/googletest/docs/quickstart-bazel.md
[12.605s] -- Up-to-date symlink: /home/user/Desktop/ur_pick/ros2_ws/install/onrobot_driver/include/onrobot_driver/Modbus/tests/googletest/docs/quickstart-cmake.md
[12.605s] -- Up-to-date symlink: /home/user/Desktop/ur_pick/ros2_ws/install/onrobot_driver/include/onrobot_driver/Modbus/tests/googletest/docs/reference/actions.md
[12.605s] -- Up-to-date symlink: /home/user/Desktop/ur_pick/ros2_ws/install/onrobot_driver/include/onrobot_driver/Modbus/tests/googletest/docs/reference/assertions.md
[12.605s] -- Up-to-date symlink: /home/user/Desktop/ur_pick/ros2_ws/install/onrobot_driver/include/onrobot_driver/Modbus/tests/googletest/docs/reference/matchers.md
[12.605s] -- Up-to-date symlink: /home/user/Desktop/ur_pick/ros2_ws/install/onrobot_driver/include/onrobot_driver/Modbus/tests/googletest/docs/reference/mocking.md
[12.605s] -- Up-to-date symlink: /home/user/Desktop/ur_pick/ros2_ws/install/onrobot_driver/include/onrobot_driver/Modbus/tests/googletest/docs/reference/testing.md
[12.606s] -- Up-to-date symlink: /home/user/Desktop/ur_pick/ros2_ws/install/onrobot_driver/include/onrobot_driver/Modbus/tests/googletest/docs/samples.md
[12.606s] -- Up-to-date symlink: /home/user/Desktop/ur_pick/ros2_ws/install/onrobot_driver/include/onrobot_driver/Modbus/tests/googletest/googlemock/CMakeLists.txt
[12.606s] -- Up-to-date symlink: /home/user/Desktop/ur_pick/ros2_ws/install/onrobot_driver/include/onrobot_driver/Modbus/tests/googletest/googlemock/README.md
[12.606s] -- Up-to-date symlink: /home/user/Desktop/ur_pick/ros2_ws/install/onrobot_driver/include/onrobot_driver/Modbus/tests/googletest/googlemock/cmake/gmock.pc.in
[12.606s] -- Up-to-date symlink: /home/user/Desktop/ur_pick/ros2_ws/install/onrobot_driver/include/onrobot_driver/Modbus/tests/googletest/googlemock/cmake/gmock_main.pc.in
[12.606s] -- Up-to-date symlink: /home/user/Desktop/ur_pick/ros2_ws/install/onrobot_driver/include/onrobot_driver/Modbus/tests/googletest/googlemock/docs/README.md
[12.607s] -- Up-to-date symlink: /home/user/Desktop/ur_pick/ros2_ws/install/onrobot_driver/include/onrobot_driver/Modbus/tests/googletest/googlemock/include/gmock/gmock-actions.h
[12.607s] -- Up-to-date symlink: /home/user/Desktop/ur_pick/ros2_ws/install/onrobot_driver/include/onrobot_driver/Modbus/tests/googletest/googlemock/include/gmock/gmock-cardinalities.h
[12.607s] -- Up-to-date symlink: /home/user/Desktop/ur_pick/ros2_ws/install/onrobot_driver/include/onrobot_driver/Modbus/tests/googletest/googlemock/include/gmock/gmock-function-mocker.h
[12.608s] -- Up-to-date symlink: /home/user/Desktop/ur_pick/ros2_ws/install/onrobot_driver/include/onrobot_driver/Modbus/tests/googletest/googlemock/include/gmock/gmock-matchers.h
[12.608s] -- Up-to-date symlink: /home/user/Desktop/ur_pick/ros2_ws/install/onrobot_driver/include/onrobot_driver/Modbus/tests/googletest/googlemock/include/gmock/gmock-more-actions.h
[12.608s] -- Up-to-date symlink: /home/user/Desktop/ur_pick/ros2_ws/install/onrobot_driver/include/onrobot_driver/Modbus/tests/googletest/googlemock/include/gmock/gmock-more-matchers.h
[12.608s] -- Up-to-date symlink: /home/user/Desktop/ur_pick/ros2_ws/install/onrobot_driver/include/onrobot_driver/Modbus/tests/googletest/googlemock/include/gmock/gmock-nice-strict.h
[12.608s] -- Up-to-date symlink: /home/user/Desktop/ur_pick/ros2_ws/install/onrobot_driver/include/onrobot_driver/Modbus/tests/googletest/googlemock/include/gmock/gmock-spec-builders.h
[12.608s] -- Up-to-date symlink: /home/user/Desktop/ur_pick/ros2_ws/install/onrobot_driver/include/onrobot_driver/Modbus/tests/googletest/googlemock/include/gmock/gmock.h
[12.608s] -- Up-to-date symlink: /home/user/Desktop/ur_pick/ros2_ws/install/onrobot_driver/include/onrobot_driver/Modbus/tests/googletest/googlemock/include/gmock/internal/custom/README.md
[12.608s] -- Up-to-date symlink: /home/user/Desktop/ur_pick/ros2_ws/install/onrobot_driver/include/onrobot_driver/Modbus/tests/googletest/googlemock/include/gmock/internal/custom/gmock-generated-actions.h
[12.609s] -- Up-to-date symlink: /home/user/Desktop/ur_pick/ros2_ws/install/onrobot_driver/include/onrobot_driver/Modbus/tests/googletest/googlemock/include/gmock/internal/custom/gmock-matchers.h
[12.609s] -- Up-to-date symlink: /home/user/Desktop/ur_pick/ros2_ws/install/onrobot_driver/include/onrobot_driver/Modbus/tests/googletest/googlemock/include/gmock/internal/custom/gmock-port.h
[12.609s] -- Up-to-date symlink: /home/user/Desktop/ur_pick/ros2_ws/install/onrobot_driver/include/onrobot_driver/Modbus/tests/googletest/googlemock/include/gmock/internal/gmock-internal-utils.h
[12.609s] -- Up-to-date symlink: /home/user/Desktop/ur_pick/ros2_ws/install/onrobot_driver/include/onrobot_driver/Modbus/tests/googletest/googlemock/include/gmock/internal/gmock-port.h
[12.609s] -- Up-to-date symlink: /home/user/Desktop/ur_pick/ros2_ws/install/onrobot_driver/include/onrobot_driver/Modbus/tests/googletest/googlemock/include/gmock/internal/gmock-pp.h
[12.609s] -- Up-to-date symlink: /home/user/Desktop/ur_pick/ros2_ws/install/onrobot_driver/include/onrobot_driver/Modbus/tests/googletest/googlemock/src/gmock-all.cc
[12.609s] -- Up-to-date symlink: /home/user/Desktop/ur_pick/ros2_ws/install/onrobot_driver/include/onrobot_driver/Modbus/tests/googletest/googlemock/src/gmock-cardinalities.cc
[12.609s] -- Up-to-date symlink: /home/user/Desktop/ur_pick/ros2_ws/install/onrobot_driver/include/onrobot_driver/Modbus/tests/googletest/googlemock/src/gmock-internal-utils.cc
[12.610s] -- Up-to-date symlink: /home/user/Desktop/ur_pick/ros2_ws/install/onrobot_driver/include/onrobot_driver/Modbus/tests/googletest/googlemock/src/gmock-matchers.cc
[12.610s] -- Up-to-date symlink: /home/user/Desktop/ur_pick/ros2_ws/install/onrobot_driver/include/onrobot_driver/Modbus/tests/googletest/googlemock/src/gmock-spec-builders.cc
[12.610s] -- Up-to-date symlink: /home/user/Desktop/ur_pick/ros2_ws/install/onrobot_driver/include/onrobot_driver/Modbus/tests/googletest/googlemock/src/gmock.cc
[12.610s] -- Up-to-date symlink: /home/user/Desktop/ur_pick/ros2_ws/install/onrobot_driver/include/onrobot_driver/Modbus/tests/googletest/googlemock/src/gmock_main.cc
[12.610s] -- Up-to-date symlink: /home/user/Desktop/ur_pick/ros2_ws/install/onrobot_driver/include/onrobot_driver/Modbus/tests/googletest/googlemock/test/BUILD.bazel
[12.611s] -- Up-to-date symlink: /home/user/Desktop/ur_pick/ros2_ws/install/onrobot_driver/include/onrobot_driver/Modbus/tests/googletest/googlemock/test/gmock-actions_test.cc
[12.611s] -- Up-to-date symlink: /home/user/Desktop/ur_pick/ros2_ws/install/onrobot_driver/include/onrobot_driver/Modbus/tests/googletest/googlemock/test/gmock-cardinalities_test.cc
[12.611s] -- Up-to-date symlink: /home/user/Desktop/ur_pick/ros2_ws/install/onrobot_driver/include/onrobot_driver/Modbus/tests/googletest/googlemock/test/gmock-function-mocker_test.cc
[12.611s] -- Up-to-date symlink: /home/user/Desktop/ur_pick/ros2_ws/install/onrobot_driver/include/onrobot_driver/Modbus/tests/googletest/googlemock/test/gmock-internal-utils_test.cc
[12.611s] -- Up-to-date symlink: /home/user/Desktop/ur_pick/ros2_ws/install/onrobot_driver/include/onrobot_driver/Modbus/tests/googletest/googlemock/test/gmock-matchers-arithmetic_test.cc
[12.612s] -- Up-to-date symlink: /home/user/Desktop/ur_pick/ros2_ws/install/onrobot_driver/include/onrobot_driver/Modbus/tests/googletest/googlemock/test/gmock-matchers-comparisons_test.cc
[12.612s] -- Up-to-date symlink: /home/user/Desktop/ur_pick/ros2_ws/install/onrobot_driver/include/onrobot_driver/Modbus/tests/googletest/googlemock/test/gmock-matchers-containers_test.cc
[12.612s] -- Up-to-date symlink: /home/user/Desktop/ur_pick/ros2_ws/install/onrobot_driver/include/onrobot_driver/Modbus/tests/googletest/googlemock/test/gmock-matchers-misc_test.cc
[12.612s] -- Up-to-date symlink: /home/user/Desktop/ur_pick/ros2_ws/install/onrobot_driver/include/onrobot_driver/Modbus/tests/googletest/googlemock/test/gmock-matchers_test.h
[12.612s] -- Up-to-date symlink: /home/user/Desktop/ur_pick/ros2_ws/install/onrobot_driver/include/onrobot_driver/Modbus/tests/googletest/googlemock/test/gmock-more-actions_test.cc
[12.612s] -- Up-to-date symlink: /home/user/Desktop/ur_pick/ros2_ws/install/onrobot_driver/include/onrobot_driver/Modbus/tests/googletest/googlemock/test/gmock-nice-strict_test.cc
[12.613s] -- Up-to-date symlink: /home/user/Desktop/ur_pick/ros2_ws/install/onrobot_driver/include/onrobot_driver/Modbus/tests/googletest/googlemock/test/gmock-port_test.cc
[12.613s] -- Up-to-date symlink: /home/user/Desktop/ur_pick/ros2_ws/install/onrobot_driver/include/onrobot_driver/Modbus/tests/googletest/googlemock/test/gmock-pp-string_test.cc
[12.613s] -- Up-to-date symlink: /home/user/Desktop/ur_pick/ros2_ws/install/onrobot_driver/include/onrobot_driver/Modbus/tests/googletest/googlemock/test/gmock-pp_test.cc
[12.613s] -- Up-to-date symlink: /home/user/Desktop/ur_pick/ros2_ws/install/onrobot_driver/include/onrobot_driver/Modbus/tests/googletest/googlemock/test/gmock-spec-builders_test.cc
[12.613s] -- Up-to-date symlink: /home/user/Desktop/ur_pick/ros2_ws/install/onrobot_driver/include/onrobot_driver/Modbus/tests/googletest/googlemock/test/gmock_all_test.cc
[12.613s] -- Up-to-date symlink: /home/user/Desktop/ur_pick/ros2_ws/install/onrobot_driver/include/onrobot_driver/Modbus/tests/googletest/googlemock/test/gmock_ex_test.cc
[12.613s] -- Up-to-date symlink: /home/user/Desktop/ur_pick/ros2_ws/install/onrobot_driver/include/onrobot_driver/Modbus/tests/googletest/googlemock/test/gmock_leak_test.py
[12.614s] -- Up-to-date symlink: /home/user/Desktop/ur_pick/ros2_ws/install/onrobot_driver/include/onrobot_driver/Modbus/tests/googletest/googlemock/test/gmock_leak_test_.cc
[12.614s] -- Up-to-date symlink: /home/user/Desktop/ur_pick/ros2_ws/install/onrobot_driver/include/onrobot_driver/Modbus/tests/googletest/googlemock/test/gmock_link2_test.cc
[12.614s] -- Up-to-date symlink: /home/user/Desktop/ur_pick/ros2_ws/install/onrobot_driver/include/onrobot_driver/Modbus/tests/googletest/googlemock/test/gmock_link_test.cc
[12.614s] -- Up-to-date symlink: /home/user/Desktop/ur_pick/ros2_ws/install/onrobot_driver/include/onrobot_driver/Modbus/tests/googletest/googlemock/test/gmock_link_test.h
[12.614s] -- Up-to-date symlink: /home/user/Desktop/ur_pick/ros2_ws/install/onrobot_driver/include/onrobot_driver/Modbus/tests/googletest/googlemock/test/gmock_output_test.py
[12.614s] -- Up-to-date symlink: /home/user/Desktop/ur_pick/ros2_ws/install/onrobot_driver/include/onrobot_driver/Modbus/tests/googletest/googlemock/test/gmock_output_test_.cc
[12.614s] -- Up-to-date symlink: /home/user/Desktop/ur_pick/ros2_ws/install/onrobot_driver/include/onrobot_driver/Modbus/tests/googletest/googlemock/test/gmock_output_test_golden.txt
[12.614s] -- Up-to-date symlink: /home/user/Desktop/ur_pick/ros2_ws/install/onrobot_driver/include/onrobot_driver/Modbus/tests/googletest/googlemock/test/gmock_stress_test.cc
[12.615s] -- Up-to-date symlink: /home/user/Desktop/ur_pick/ros2_ws/install/onrobot_driver/include/onrobot_driver/Modbus/tests/googletest/googlemock/test/gmock_test.cc
[12.615s] -- Up-to-date symlink: /home/user/Desktop/ur_pick/ros2_ws/install/onrobot_driver/include/onrobot_driver/Modbus/tests/googletest/googlemock/test/gmock_test_utils.py
[12.615s] -- Up-to-date symlink: /home/user/Desktop/ur_pick/ros2_ws/install/onrobot_driver/include/onrobot_driver/Modbus/tests/googletest/googletest/CMakeLists.txt
[12.615s] -- Up-to-date symlink: /home/user/Desktop/ur_pick/ros2_ws/install/onrobot_driver/include/onrobot_driver/Modbus/tests/googletest/googletest/README.md
[12.616s] -- Up-to-date symlink: /home/user/Desktop/ur_pick/ros2_ws/install/onrobot_driver/include/onrobot_driver/Modbus/tests/googletest/googletest/cmake/Config.cmake.in
[12.616s] -- Up-to-date symlink: /home/user/Desktop/ur_pick/ros2_ws/install/onrobot_driver/include/onrobot_driver/Modbus/tests/googletest/googletest/cmake/gtest.pc.in
[12.616s] -- Up-to-date symlink: /home/user/Desktop/ur_pick/ros2_ws/install/onrobot_driver/include/onrobot_driver/Modbus/tests/googletest/googletest/cmake/gtest_main.pc.in
[12.616s] -- Up-to-date symlink: /home/user/Desktop/ur_pick/ros2_ws/install/onrobot_driver/include/onrobot_driver/Modbus/tests/googletest/googletest/cmake/internal_utils.cmake
[12.616s] -- Up-to-date symlink: /home/user/Desktop/ur_pick/ros2_ws/install/onrobot_driver/include/onrobot_driver/Modbus/tests/googletest/googletest/cmake/libgtest.la.in
[12.617s] -- Up-to-date symlink: /home/user/Desktop/ur_pick/ros2_ws/install/onrobot_driver/include/onrobot_driver/Modbus/tests/googletest/googletest/docs/README.md
[12.617s] -- Up-to-date symlink: /home/user/Desktop/ur_pick/ros2_ws/install/onrobot_driver/include/onrobot_driver/Modbus/tests/googletest/googletest/include/gtest/gtest-assertion-result.h
[12.617s] -- Up-to-date symlink: /home/user/Desktop/ur_pick/ros2_ws/install/onrobot_driver/include/onrobot_driver/Modbus/tests/googletest/googletest/include/gtest/gtest-death-test.h
[12.617s] -- Up-to-date symlink: /home/user/Desktop/ur_pick/ros2_ws/install/onrobot_driver/include/onrobot_driver/Modbus/tests/googletest/googletest/include/gtest/gtest-matchers.h
[12.617s] -- Up-to-date symlink: /home/user/Desktop/ur_pick/ros2_ws/install/onrobot_driver/include/onrobot_driver/Modbus/tests/googletest/googletest/include/gtest/gtest-message.h
[12.617s] -- Up-to-date symlink: /home/user/Desktop/ur_pick/ros2_ws/install/onrobot_driver/include/onrobot_driver/Modbus/tests/googletest/googletest/include/gtest/gtest-param-test.h
[12.617s] -- Up-to-date symlink: /home/user/Desktop/ur_pick/ros2_ws/install/onrobot_driver/include/onrobot_driver/Modbus/tests/googletest/googletest/include/gtest/gtest-printers.h
[12.617s] -- Up-to-date symlink: /home/user/Desktop/ur_pick/ros2_ws/install/onrobot_driver/include/onrobot_driver/Modbus/tests/googletest/googletest/include/gtest/gtest-spi.h
[12.617s] -- Up-to-date symlink: /home/user/Desktop/ur_pick/ros2_ws/install/onrobot_driver/include/onrobot_driver/Modbus/tests/googletest/googletest/include/gtest/gtest-test-part.h
[12.618s] -- Up-to-date symlink: /home/user/Desktop/ur_pick/ros2_ws/install/onrobot_driver/include/onrobot_driver/Modbus/tests/googletest/googletest/include/gtest/gtest-typed-test.h
[12.618s] -- Up-to-date symlink: /home/user/Desktop/ur_pick/ros2_ws/install/onrobot_driver/include/onrobot_driver/Modbus/tests/googletest/googletest/include/gtest/gtest.h
[12.618s] -- Up-to-date symlink: /home/user/Desktop/ur_pick/ros2_ws/install/onrobot_driver/include/onrobot_driver/Modbus/tests/googletest/googletest/include/gtest/gtest_pred_impl.h
[12.618s] -- Up-to-date symlink: /home/user/Desktop/ur_pick/ros2_ws/install/onrobot_driver/include/onrobot_driver/Modbus/tests/googletest/googletest/include/gtest/gtest_prod.h
[12.618s] -- Up-to-date symlink: /home/user/Desktop/ur_pick/ros2_ws/install/onrobot_driver/include/onrobot_driver/Modbus/tests/googletest/googletest/include/gtest/internal/custom/README.md
[12.618s] -- Up-to-date symlink: /home/user/Desktop/ur_pick/ros2_ws/install/onrobot_driver/include/onrobot_driver/Modbus/tests/googletest/googletest/include/gtest/internal/custom/gtest-port.h
[12.618s] -- Up-to-date symlink: /home/user/Desktop/ur_pick/ros2_ws/install/onrobot_driver/include/onrobot_driver/Modbus/tests/googletest/googletest/include/gtest/internal/custom/gtest-printers.h
[12.619s] -- Up-to-date symlink: /home/user/Desktop/ur_pick/ros2_ws/install/onrobot_driver/include/onrobot_driver/Modbus/tests/googletest/googletest/include/gtest/internal/custom/gtest.h
[12.619s] -- Up-to-date symlink: /home/user/Desktop/ur_pick/ros2_ws/install/onrobot_driver/include/onrobot_driver/Modbus/tests/googletest/googletest/include/gtest/internal/gtest-death-test-internal.h
[12.619s] -- Up-to-date symlink: /home/user/Desktop/ur_pick/ros2_ws/install/onrobot_driver/include/onrobot_driver/Modbus/tests/googletest/googletest/include/gtest/internal/gtest-filepath.h
[12.619s] -- Up-to-date symlink: /home/user/Desktop/ur_pick/ros2_ws/install/onrobot_driver/include/onrobot_driver/Modbus/tests/googletest/googletest/include/gtest/internal/gtest-internal.h
[12.619s] -- Up-to-date symlink: /home/user/Desktop/ur_pick/ros2_ws/install/onrobot_driver/include/onrobot_driver/Modbus/tests/googletest/googletest/include/gtest/internal/gtest-param-util.h
[12.619s] -- Up-to-date symlink: /home/user/Desktop/ur_pick/ros2_ws/install/onrobot_driver/include/onrobot_driver/Modbus/tests/googletest/googletest/include/gtest/internal/gtest-port-arch.h
[12.620s] -- Up-to-date symlink: /home/user/Desktop/ur_pick/ros2_ws/install/onrobot_driver/include/onrobot_driver/Modbus/tests/googletest/googletest/include/gtest/internal/gtest-port.h
[12.620s] -- Up-to-date symlink: /home/user/Desktop/ur_pick/ros2_ws/install/onrobot_driver/include/onrobot_driver/Modbus/tests/googletest/googletest/include/gtest/internal/gtest-string.h
[12.620s] -- Up-to-date symlink: /home/user/Desktop/ur_pick/ros2_ws/install/onrobot_driver/include/onrobot_driver/Modbus/tests/googletest/googletest/include/gtest/internal/gtest-type-util.h
[12.620s] -- Up-to-date symlink: /home/user/Desktop/ur_pick/ros2_ws/install/onrobot_driver/include/onrobot_driver/Modbus/tests/googletest/googletest/samples/prime_tables.h
[12.620s] -- Up-to-date symlink: /home/user/Desktop/ur_pick/ros2_ws/install/onrobot_driver/include/onrobot_driver/Modbus/tests/googletest/googletest/samples/sample1.cc
[12.620s] -- Up-to-date symlink: /home/user/Desktop/ur_pick/ros2_ws/install/onrobot_driver/include/onrobot_driver/Modbus/tests/googletest/googletest/samples/sample1.h
[12.620s] -- Up-to-date symlink: /home/user/Desktop/ur_pick/ros2_ws/install/onrobot_driver/include/onrobot_driver/Modbus/tests/googletest/googletest/samples/sample10_unittest.cc
[12.621s] -- Up-to-date symlink: /home/user/Desktop/ur_pick/ros2_ws/install/onrobot_driver/include/onrobot_driver/Modbus/tests/googletest/googletest/samples/sample1_unittest.cc
[12.621s] -- Up-to-date symlink: /home/user/Desktop/ur_pick/ros2_ws/install/onrobot_driver/include/onrobot_driver/Modbus/tests/googletest/googletest/samples/sample2.cc
[12.621s] -- Up-to-date symlink: /home/user/Desktop/ur_pick/ros2_ws/install/onrobot_driver/include/onrobot_driver/Modbus/tests/googletest/googletest/samples/sample2.h
[12.621s] -- Up-to-date symlink: /home/user/Desktop/ur_pick/ros2_ws/install/onrobot_driver/include/onrobot_driver/Modbus/tests/googletest/googletest/samples/sample2_unittest.cc
[12.621s] -- Up-to-date symlink: /home/user/Desktop/ur_pick/ros2_ws/install/onrobot_driver/include/onrobot_driver/Modbus/tests/googletest/googletest/samples/sample3-inl.h
[12.621s] -- Up-to-date symlink: /home/user/Desktop/ur_pick/ros2_ws/install/onrobot_driver/include/onrobot_driver/Modbus/tests/googletest/googletest/samples/sample3_unittest.cc
[12.622s] -- Up-to-date symlink: /home/user/Desktop/ur_pick/ros2_ws/install/onrobot_driver/include/onrobot_driver/Modbus/tests/googletest/googletest/samples/sample4.cc
[12.622s] -- Up-to-date symlink: /home/user/Desktop/ur_pick/ros2_ws/install/onrobot_driver/include/onrobot_driver/Modbus/tests/googletest/googletest/samples/sample4.h
[12.622s] -- Up-to-date symlink: /home/user/Desktop/ur_pick/ros2_ws/install/onrobot_driver/include/onrobot_driver/Modbus/tests/googletest/googletest/samples/sample4_unittest.cc
[12.622s] -- Up-to-date symlink: /home/user/Desktop/ur_pick/ros2_ws/install/onrobot_driver/include/onrobot_driver/Modbus/tests/googletest/googletest/samples/sample5_unittest.cc
[12.622s] -- Up-to-date symlink: /home/user/Desktop/ur_pick/ros2_ws/install/onrobot_driver/include/onrobot_driver/Modbus/tests/googletest/googletest/samples/sample6_unittest.cc
[12.622s] -- Up-to-date symlink: /home/user/Desktop/ur_pick/ros2_ws/install/onrobot_driver/include/onrobot_driver/Modbus/tests/googletest/googletest/samples/sample7_unittest.cc
[12.622s] -- Up-to-date symlink: /home/user/Desktop/ur_pick/ros2_ws/install/onrobot_driver/include/onrobot_driver/Modbus/tests/googletest/googletest/samples/sample8_unittest.cc
[12.623s] -- Up-to-date symlink: /home/user/Desktop/ur_pick/ros2_ws/install/onrobot_driver/include/onrobot_driver/Modbus/tests/googletest/googletest/samples/sample9_unittest.cc
[12.623s] -- Up-to-date symlink: /home/user/Desktop/ur_pick/ros2_ws/install/onrobot_driver/include/onrobot_driver/Modbus/tests/googletest/googletest/src/gtest-all.cc
[12.623s] -- Up-to-date symlink: /home/user/Desktop/ur_pick/ros2_ws/install/onrobot_driver/include/onrobot_driver/Modbus/tests/googletest/googletest/src/gtest-assertion-result.cc
[12.623s] -- Up-to-date symlink: /home/user/Desktop/ur_pick/ros2_ws/install/onrobot_driver/include/onrobot_driver/Modbus/tests/googletest/googletest/src/gtest-death-test.cc
[12.623s] -- Up-to-date symlink: /home/user/Desktop/ur_pick/ros2_ws/install/onrobot_driver/include/onrobot_driver/Modbus/tests/googletest/googletest/src/gtest-filepath.cc
[12.623s] -- Up-to-date symlink: /home/user/Desktop/ur_pick/ros2_ws/install/onrobot_driver/include/onrobot_driver/Modbus/tests/googletest/googletest/src/gtest-internal-inl.h
[12.624s] -- Up-to-date symlink: /home/user/Desktop/ur_pick/ros2_ws/install/onrobot_driver/include/onrobot_driver/Modbus/tests/googletest/googletest/src/gtest-matchers.cc
[12.624s] -- Up-to-date symlink: /home/user/Desktop/ur_pick/ros2_ws/install/onrobot_driver/include/onrobot_driver/Modbus/tests/googletest/googletest/src/gtest-port.cc
[12.624s] -- Up-to-date symlink: /home/user/Desktop/ur_pick/ros2_ws/install/onrobot_driver/include/onrobot_driver/Modbus/tests/googletest/googletest/src/gtest-printers.cc
[12.624s] -- Up-to-date symlink: /home/user/Desktop/ur_pick/ros2_ws/install/onrobot_driver/include/onrobot_driver/Modbus/tests/googletest/googletest/src/gtest-test-part.cc
[12.624s] -- Up-to-date symlink: /home/user/Desktop/ur_pick/ros2_ws/install/onrobot_driver/include/onrobot_driver/Modbus/tests/googletest/googletest/src/gtest-typed-test.cc
[12.624s] -- Up-to-date symlink: /home/user/Desktop/ur_pick/ros2_ws/install/onrobot_driver/include/onrobot_driver/Modbus/tests/googletest/googletest/src/gtest.cc
[12.625s] -- Up-to-date symlink: /home/user/Desktop/ur_pick/ros2_ws/install/onrobot_driver/include/onrobot_driver/Modbus/tests/googletest/googletest/src/gtest_main.cc
[12.625s] -- Up-to-date symlink: /home/user/Desktop/ur_pick/ros2_ws/install/onrobot_driver/include/onrobot_driver/Modbus/tests/googletest/googletest/test/BUILD.bazel
[12.625s] -- Up-to-date symlink: /home/user/Desktop/ur_pick/ros2_ws/install/onrobot_driver/include/onrobot_driver/Modbus/tests/googletest/googletest/test/googletest-break-on-failure-unittest.py
[12.625s] -- Up-to-date symlink: /home/user/Desktop/ur_pick/ros2_ws/install/onrobot_driver/include/onrobot_driver/Modbus/tests/googletest/googletest/test/googletest-break-on-failure-unittest_.cc
[12.625s] -- Up-to-date symlink: /home/user/Desktop/ur_pick/ros2_ws/install/onrobot_driver/include/onrobot_driver/Modbus/tests/googletest/googletest/test/googletest-catch-exceptions-test.py
[12.625s] -- Up-to-date symlink: /home/user/Desktop/ur_pick/ros2_ws/install/onrobot_driver/include/onrobot_driver/Modbus/tests/googletest/googletest/test/googletest-catch-exceptions-test_.cc
[12.625s] -- Up-to-date symlink: /home/user/Desktop/ur_pick/ros2_ws/install/onrobot_driver/include/onrobot_driver/Modbus/tests/googletest/googletest/test/googletest-color-test.py
[12.625s] -- Up-to-date symlink: /home/user/Desktop/ur_pick/ros2_ws/install/onrobot_driver/include/onrobot_driver/Modbus/tests/googletest/googletest/test/googletest-color-test_.cc
[12.626s] -- Up-to-date symlink: /home/user/Desktop/ur_pick/ros2_ws/install/onrobot_driver/include/onrobot_driver/Modbus/tests/googletest/googletest/test/googletest-death-test-test.cc
[12.626s] -- Up-to-date symlink: /home/user/Desktop/ur_pick/ros2_ws/install/onrobot_driver/include/onrobot_driver/Modbus/tests/googletest/googletest/test/googletest-death-test_ex_test.cc
[12.626s] -- Up-to-date symlink: /home/user/Desktop/ur_pick/ros2_ws/install/onrobot_driver/include/onrobot_driver/Modbus/tests/googletest/googletest/test/googletest-env-var-test.py
[12.626s] -- Up-to-date symlink: /home/user/Desktop/ur_pick/ros2_ws/install/onrobot_driver/include/onrobot_driver/Modbus/tests/googletest/googletest/test/googletest-env-var-test_.cc
[12.626s] -- Up-to-date symlink: /home/user/Desktop/ur_pick/ros2_ws/install/onrobot_driver/include/onrobot_driver/Modbus/tests/googletest/googletest/test/googletest-failfast-unittest.py
[12.626s] -- Up-to-date symlink: /home/user/Desktop/ur_pick/ros2_ws/install/onrobot_driver/include/onrobot_driver/Modbus/tests/googletest/googletest/test/googletest-failfast-unittest_.cc
[12.627s] -- Up-to-date symlink: /home/user/Desktop/ur_pick/ros2_ws/install/onrobot_driver/include/onrobot_driver/Modbus/tests/googletest/googletest/test/googletest-filepath-test.cc
[12.627s] -- Up-to-date symlink: /home/user/Desktop/ur_pick/ros2_ws/install/onrobot_driver/include/onrobot_driver/Modbus/tests/googletest/googletest/test/googletest-filter-unittest.py
[12.627s] -- Up-to-date symlink: /home/user/Desktop/ur_pick/ros2_ws/install/onrobot_driver/include/onrobot_driver/Modbus/tests/googletest/googletest/test/googletest-filter-unittest_.cc
[12.627s] -- Up-to-date symlink: /home/user/Desktop/ur_pick/ros2_ws/install/onrobot_driver/include/onrobot_driver/Modbus/tests/googletest/googletest/test/googletest-global-environment-unittest.py
[12.627s] -- Up-to-date symlink: /home/user/Desktop/ur_pick/ros2_ws/install/onrobot_driver/include/onrobot_driver/Modbus/tests/googletest/googletest/test/googletest-global-environment-unittest_.cc
[12.627s] -- Up-to-date symlink: /home/user/Desktop/ur_pick/ros2_ws/install/onrobot_driver/include/onrobot_driver/Modbus/tests/googletest/googletest/test/googletest-json-outfiles-test.py
[12.628s] -- Up-to-date symlink: /home/user/Desktop/ur_pick/ros2_ws/install/onrobot_driver/include/onrobot_driver/Modbus/tests/googletest/googletest/test/googletest-json-output-unittest.py
[12.628s] -- Up-to-date symlink: /home/user/Desktop/ur_pick/ros2_ws/install/onrobot_driver/include/onrobot_driver/Modbus/tests/googletest/googletest/test/googletest-list-tests-unittest.py
[12.628s] -- Up-to-date symlink: /home/user/Desktop/ur_pick/ros2_ws/install/onrobot_driver/include/onrobot_driver/Modbus/tests/googletest/googletest/test/googletest-list-tests-unittest_.cc
[12.628s] -- Up-to-date symlink: /home/user/Desktop/ur_pick/ros2_ws/install/onrobot_driver/include/onrobot_driver/Modbus/tests/googletest/googletest/test/googletest-listener-test.cc
[12.628s] -- Up-to-date symlink: /home/user/Desktop/ur_pick/ros2_ws/install/onrobot_driver/include/onrobot_driver/Modbus/tests/googletest/googletest/test/googletest-message-test.cc
[12.628s] -- Up-to-date symlink: /home/user/Desktop/ur_pick/ros2_ws/install/onrobot_driver/include/onrobot_driver/Modbus/tests/googletest/googletest/test/googletest-options-test.cc
[12.628s] -- Up-to-date symlink: /home/user/Desktop/ur_pick/ros2_ws/install/onrobot_driver/include/onrobot_driver/Modbus/tests/googletest/googletest/test/googletest-output-test-golden-lin.txt
[12.629s] -- Up-to-date symlink: /home/user/Desktop/ur_pick/ros2_ws/install/onrobot_driver/include/onrobot_driver/Modbus/tests/googletest/googletest/test/googletest-output-test.py
[12.629s] -- Up-to-date symlink: /home/user/Desktop/ur_pick/ros2_ws/install/onrobot_driver/include/onrobot_driver/Modbus/tests/googletest/googletest/test/googletest-output-test_.cc
[12.629s] -- Up-to-date symlink: /home/user/Desktop/ur_pick/ros2_ws/install/onrobot_driver/include/onrobot_driver/Modbus/tests/googletest/googletest/test/googletest-param-test-invalid-name1-test.py
[12.629s] -- Up-to-date symlink: /home/user/Desktop/ur_pick/ros2_ws/install/onrobot_driver/include/onrobot_driver/Modbus/tests/googletest/googletest/test/googletest-param-test-invalid-name1-test_.cc
[12.629s] -- Up-to-date symlink: /home/user/Desktop/ur_pick/ros2_ws/install/onrobot_driver/include/onrobot_driver/Modbus/tests/googletest/googletest/test/googletest-param-test-invalid-name2-test.py
[12.629s] -- Up-to-date symlink: /home/user/Desktop/ur_pick/ros2_ws/install/onrobot_driver/include/onrobot_driver/Modbus/tests/googletest/googletest/test/googletest-param-test-invalid-name2-test_.cc
[12.629s] -- Up-to-date symlink: /home/user/Desktop/ur_pick/ros2_ws/install/onrobot_driver/include/onrobot_driver/Modbus/tests/googletest/googletest/test/googletest-param-test-test.cc
[12.630s] -- Up-to-date symlink: /home/user/Desktop/ur_pick/ros2_ws/install/onrobot_driver/include/onrobot_driver/Modbus/tests/googletest/googletest/test/googletest-param-test-test.h
[12.630s] -- Up-to-date symlink: /home/user/Desktop/ur_pick/ros2_ws/install/onrobot_driver/include/onrobot_driver/Modbus/tests/googletest/googletest/test/googletest-param-test2-test.cc
[12.630s] -- Up-to-date symlink: /home/user/Desktop/ur_pick/ros2_ws/install/onrobot_driver/include/onrobot_driver/Modbus/tests/googletest/googletest/test/googletest-port-test.cc
[12.630s] -- Up-to-date symlink: /home/user/Desktop/ur_pick/ros2_ws/install/onrobot_driver/include/onrobot_driver/Modbus/tests/googletest/googletest/test/googletest-printers-test.cc
[12.630s] -- Up-to-date symlink: /home/user/Desktop/ur_pick/ros2_ws/install/onrobot_driver/include/onrobot_driver/Modbus/tests/googletest/googletest/test/googletest-setuptestsuite-test.py
[12.630s] -- Up-to-date symlink: /home/user/Desktop/ur_pick/ros2_ws/install/onrobot_driver/include/onrobot_driver/Modbus/tests/googletest/googletest/test/googletest-setuptestsuite-test_.cc
[12.631s] -- Up-to-date symlink: /home/user/Desktop/ur_pick/ros2_ws/install/onrobot_driver/include/onrobot_driver/Modbus/tests/googletest/googletest/test/googletest-shuffle-test.py
[12.631s] -- Up-to-date symlink: /home/user/Desktop/ur_pick/ros2_ws/install/onrobot_driver/include/onrobot_driver/Modbus/tests/googletest/googletest/test/googletest-shuffle-test_.cc
[12.631s] -- Up-to-date symlink: /home/user/Desktop/ur_pick/ros2_ws/install/onrobot_driver/include/onrobot_driver/Modbus/tests/googletest/googletest/test/googletest-test-part-test.cc
[12.631s] -- Up-to-date symlink: /home/user/Desktop/ur_pick/ros2_ws/install/onrobot_driver/include/onrobot_driver/Modbus/tests/googletest/googletest/test/googletest-throw-on-failure-test.py
[12.631s] -- Up-to-date symlink: /home/user/Desktop/ur_pick/ros2_ws/install/onrobot_driver/include/onrobot_driver/Modbus/tests/googletest/googletest/test/googletest-throw-on-failure-test_.cc
[12.631s] -- Up-to-date symlink: /home/user/Desktop/ur_pick/ros2_ws/install/onrobot_driver/include/onrobot_driver/Modbus/tests/googletest/googletest/test/googletest-uninitialized-test.py
[12.631s] -- Up-to-date symlink: /home/user/Desktop/ur_pick/ros2_ws/install/onrobot_driver/include/onrobot_driver/Modbus/tests/googletest/googletest/test/googletest-uninitialized-test_.cc
[12.632s] -- Up-to-date symlink: /home/user/Desktop/ur_pick/ros2_ws/install/onrobot_driver/include/onrobot_driver/Modbus/tests/googletest/googletest/test/gtest-typed-test2_test.cc
[12.632s] -- Up-to-date symlink: /home/user/Desktop/ur_pick/ros2_ws/install/onrobot_driver/include/onrobot_driver/Modbus/tests/googletest/googletest/test/gtest-typed-test_test.cc
[12.632s] -- Up-to-date symlink: /home/user/Desktop/ur_pick/ros2_ws/install/onrobot_driver/include/onrobot_driver/Modbus/tests/googletest/googletest/test/gtest-typed-test_test.h
[12.632s] -- Up-to-date symlink: /home/user/Desktop/ur_pick/ros2_ws/install/onrobot_driver/include/onrobot_driver/Modbus/tests/googletest/googletest/test/gtest-unittest-api_test.cc
[12.632s] -- Up-to-date symlink: /home/user/Desktop/ur_pick/ros2_ws/install/onrobot_driver/include/onrobot_driver/Modbus/tests/googletest/googletest/test/gtest_all_test.cc
[12.633s] -- Up-to-date symlink: /home/user/Desktop/ur_pick/ros2_ws/install/onrobot_driver/include/onrobot_driver/Modbus/tests/googletest/googletest/test/gtest_assert_by_exception_test.cc
[12.633s] -- Up-to-date symlink: /home/user/Desktop/ur_pick/ros2_ws/install/onrobot_driver/include/onrobot_driver/Modbus/tests/googletest/googletest/test/gtest_environment_test.cc
[12.633s] -- Up-to-date symlink: /home/user/Desktop/ur_pick/ros2_ws/install/onrobot_driver/include/onrobot_driver/Modbus/tests/googletest/googletest/test/gtest_help_test.py
[12.633s] -- Up-to-date symlink: /home/user/Desktop/ur_pick/ros2_ws/install/onrobot_driver/include/onrobot_driver/Modbus/tests/googletest/googletest/test/gtest_help_test_.cc
[12.634s] -- Up-to-date symlink: /home/user/Desktop/ur_pick/ros2_ws/install/onrobot_driver/include/onrobot_driver/Modbus/tests/googletest/googletest/test/gtest_json_test_utils.py
[12.634s] -- Up-to-date symlink: /home/user/Desktop/ur_pick/ros2_ws/install/onrobot_driver/include/onrobot_driver/Modbus/tests/googletest/googletest/test/gtest_list_output_unittest.py
[12.634s] -- Up-to-date symlink: /home/user/Desktop/ur_pick/ros2_ws/install/onrobot_driver/include/onrobot_driver/Modbus/tests/googletest/googletest/test/gtest_list_output_unittest_.cc
[12.634s] -- Up-to-date symlink: /home/user/Desktop/ur_pick/ros2_ws/install/onrobot_driver/include/onrobot_driver/Modbus/tests/googletest/googletest/test/gtest_main_unittest.cc
[12.634s] -- Up-to-date symlink: /home/user/Desktop/ur_pick/ros2_ws/install/onrobot_driver/include/onrobot_driver/Modbus/tests/googletest/googletest/test/gtest_no_test_unittest.cc
[12.634s] -- Up-to-date symlink: /home/user/Desktop/ur_pick/ros2_ws/install/onrobot_driver/include/onrobot_driver/Modbus/tests/googletest/googletest/test/gtest_pred_impl_unittest.cc
[12.635s] -- Up-to-date symlink: /home/user/Desktop/ur_pick/ros2_ws/install/onrobot_driver/include/onrobot_driver/Modbus/tests/googletest/googletest/test/gtest_premature_exit_test.cc
[12.635s] -- Up-to-date symlink: /home/user/Desktop/ur_pick/ros2_ws/install/onrobot_driver/include/onrobot_driver/Modbus/tests/googletest/googletest/test/gtest_prod_test.cc
[12.635s] -- Up-to-date symlink: /home/user/Desktop/ur_pick/ros2_ws/install/onrobot_driver/include/onrobot_driver/Modbus/tests/googletest/googletest/test/gtest_repeat_test.cc
[12.635s] -- Up-to-date symlink: /home/user/Desktop/ur_pick/ros2_ws/install/onrobot_driver/include/onrobot_driver/Modbus/tests/googletest/googletest/test/gtest_skip_check_output_test.py
[12.635s] -- Up-to-date symlink: /home/user/Desktop/ur_pick/ros2_ws/install/onrobot_driver/include/onrobot_driver/Modbus/tests/googletest/googletest/test/gtest_skip_environment_check_output_test.py
[12.636s] -- Up-to-date symlink: /home/user/Desktop/ur_pick/ros2_ws/install/onrobot_driver/include/onrobot_driver/Modbus/tests/googletest/googletest/test/gtest_skip_in_environment_setup_test.cc
[12.636s] -- Up-to-date symlink: /home/user/Desktop/ur_pick/ros2_ws/install/onrobot_driver/include/onrobot_driver/Modbus/tests/googletest/googletest/test/gtest_skip_test.cc
[12.636s] -- Up-to-date symlink: /home/user/Desktop/ur_pick/ros2_ws/install/onrobot_driver/include/onrobot_driver/Modbus/tests/googletest/googletest/test/gtest_sole_header_test.cc
[12.636s] -- Up-to-date symlink: /home/user/Desktop/ur_pick/ros2_ws/install/onrobot_driver/include/onrobot_driver/Modbus/tests/googletest/googletest/test/gtest_stress_test.cc
[12.636s] -- Up-to-date symlink: /home/user/Desktop/ur_pick/ros2_ws/install/onrobot_driver/include/onrobot_driver/Modbus/tests/googletest/googletest/test/gtest_test_macro_stack_footprint_test.cc
[12.636s] -- Up-to-date symlink: /home/user/Desktop/ur_pick/ros2_ws/install/onrobot_driver/include/onrobot_driver/Modbus/tests/googletest/googletest/test/gtest_test_utils.py
[12.636s] -- Up-to-date symlink: /home/user/Desktop/ur_pick/ros2_ws/install/onrobot_driver/include/onrobot_driver/Modbus/tests/googletest/googletest/test/gtest_testbridge_test.py
[12.636s] -- Up-to-date symlink: /home/user/Desktop/ur_pick/ros2_ws/install/onrobot_driver/include/onrobot_driver/Modbus/tests/googletest/googletest/test/gtest_testbridge_test_.cc
[12.636s] -- Up-to-date symlink: /home/user/Desktop/ur_pick/ros2_ws/install/onrobot_driver/include/onrobot_driver/Modbus/tests/googletest/googletest/test/gtest_throw_on_failure_ex_test.cc
[12.636s] -- Up-to-date symlink: /home/user/Desktop/ur_pick/ros2_ws/install/onrobot_driver/include/onrobot_driver/Modbus/tests/googletest/googletest/test/gtest_unittest.cc
[12.637s] -- Up-to-date symlink: /home/user/Desktop/ur_pick/ros2_ws/install/onrobot_driver/include/onrobot_driver/Modbus/tests/googletest/googletest/test/gtest_xml_outfile1_test_.cc
[12.637s] -- Up-to-date symlink: /home/user/Desktop/ur_pick/ros2_ws/install/onrobot_driver/include/onrobot_driver/Modbus/tests/googletest/googletest/test/gtest_xml_outfile2_test_.cc
[12.637s] -- Up-to-date symlink: /home/user/Desktop/ur_pick/ros2_ws/install/onrobot_driver/include/onrobot_driver/Modbus/tests/googletest/googletest/test/gtest_xml_outfiles_test.py
[12.637s] -- Up-to-date symlink: /home/user/Desktop/ur_pick/ros2_ws/install/onrobot_driver/include/onrobot_driver/Modbus/tests/googletest/googletest/test/gtest_xml_output_unittest.py
[12.637s] -- Up-to-date symlink: /home/user/Desktop/ur_pick/ros2_ws/install/onrobot_driver/include/onrobot_driver/Modbus/tests/googletest/googletest/test/gtest_xml_output_unittest_.cc
[12.637s] -- Up-to-date symlink: /home/user/Desktop/ur_pick/ros2_ws/install/onrobot_driver/include/onrobot_driver/Modbus/tests/googletest/googletest/test/gtest_xml_test_utils.py
[12.637s] -- Up-to-date symlink: /home/user/Desktop/ur_pick/ros2_ws/install/onrobot_driver/include/onrobot_driver/Modbus/tests/googletest/googletest/test/production.cc
[12.638s] -- Up-to-date symlink: /home/user/Desktop/ur_pick/ros2_ws/install/onrobot_driver/include/onrobot_driver/Modbus/tests/googletest/googletest/test/production.h
[12.638s] -- Up-to-date symlink: /home/user/Desktop/ur_pick/ros2_ws/install/onrobot_driver/include/onrobot_driver/Modbus/tests/main.cpp
[12.638s] -- Up-to-date symlink: /home/user/Desktop/ur_pick/ros2_ws/install/onrobot_driver/include/onrobot_driver/RG.hpp
[12.638s] -- Up-to-date symlink: /home/user/Desktop/ur_pick/ros2_ws/install/onrobot_driver/include/onrobot_driver/SerialConnectionWrapper.hpp
[12.638s] -- Up-to-date symlink: /home/user/Desktop/ur_pick/ros2_ws/install/onrobot_driver/include/onrobot_driver/TCPConnectionWrapper.hpp
[12.638s] -- Up-to-date symlink: /home/user/Desktop/ur_pick/ros2_ws/install/onrobot_driver/include/onrobot_driver/rg_hardware_interface.hpp
[12.638s] -- Symlinking: /home/user/Desktop/ur_pick/ros2_ws/install/onrobot_driver/share/onrobot_driver/launch/onrobot_control.launch.py
[12.653s] -- Symlinking: /home/user/Desktop/ur_pick/ros2_ws/install/onrobot_driver/share/onrobot_driver/config/rg_controllers.yaml
[12.663s] -- Symlinking: /home/user/Desktop/ur_pick/ros2_ws/install/onrobot_driver/share/ament_index/resource_index/package_run_dependencies/onrobot_driver
[12.675s] -- Symlinking: /home/user/Desktop/ur_pick/ros2_ws/install/onrobot_driver/share/ament_index/resource_index/parent_prefix_path/onrobot_driver
[12.689s] -- Symlinking: /home/user/Desktop/ur_pick/ros2_ws/install/onrobot_driver/share/onrobot_driver/environment/ament_prefix_path.sh
[12.701s] -- Symlinking: /home/user/Desktop/ur_pick/ros2_ws/install/onrobot_driver/share/onrobot_driver/environment/ament_prefix_path.dsv
[12.713s] -- Symlinking: /home/user/Desktop/ur_pick/ros2_ws/install/onrobot_driver/share/onrobot_driver/environment/path.sh
[12.727s] -- Symlinking: /home/user/Desktop/ur_pick/ros2_ws/install/onrobot_driver/share/onrobot_driver/environment/path.dsv
[12.736s] -- Symlinking: /home/user/Desktop/ur_pick/ros2_ws/install/onrobot_driver/share/onrobot_driver/local_setup.bash
[12.748s] -- Symlinking: /home/user/Desktop/ur_pick/ros2_ws/install/onrobot_driver/share/onrobot_driver/local_setup.sh
[12.757s] -- Symlinking: /home/user/Desktop/ur_pick/ros2_ws/install/onrobot_driver/share/onrobot_driver/local_setup.zsh
[12.771s] -- Symlinking: /home/user/Desktop/ur_pick/ros2_ws/install/onrobot_driver/share/onrobot_driver/local_setup.dsv
[12.783s] -- Symlinking: /home/user/Desktop/ur_pick/ros2_ws/install/onrobot_driver/share/onrobot_driver/package.dsv
[12.797s] -- Symlinking: /home/user/Desktop/ur_pick/ros2_ws/install/onrobot_driver/share/ament_index/resource_index/packages/onrobot_driver
[12.810s] -- Symlinking: /home/user/Desktop/ur_pick/ros2_ws/install/onrobot_driver/share/ament_index/resource_index/hardware_interface__pluginlib__plugin/onrobot_driver
[12.823s] -- Symlinking: /home/user/Desktop/ur_pick/ros2_ws/install/onrobot_driver/share/onrobot_driver/cmake/ament_cmake_export_include_directories-extras.cmake
[12.832s] -- Symlinking: /home/user/Desktop/ur_pick/ros2_ws/install/onrobot_driver/share/onrobot_driver/cmake/ament_cmake_export_libraries-extras.cmake
[12.844s] -- Symlinking: /home/user/Desktop/ur_pick/ros2_ws/install/onrobot_driver/share/onrobot_driver/cmake/ament_cmake_export_dependencies-extras.cmake
[12.853s] -- Symlinking: /home/user/Desktop/ur_pick/ros2_ws/install/onrobot_driver/share/onrobot_driver/cmake/onrobot_driverConfig.cmake
[12.866s] -- Symlinking: /home/user/Desktop/ur_pick/ros2_ws/install/onrobot_driver/share/onrobot_driver/cmake/onrobot_driverConfig-version.cmake
[12.875s] -- Symlinking: /home/user/Desktop/ur_pick/ros2_ws/install/onrobot_driver/share/onrobot_driver/package.xml
[12.892s] Invoked command in '/home/user/Desktop/ur_pick/ros2_ws/build/onrobot_driver' returned '0': AMENT_PREFIX_PATH=/home/user/Desktop/ur_pick/ros2_ws/install/onrobot_description:${AMENT_PREFIX_PATH} CMAKE_PREFIX_PATH=/home/user/Desktop/ur_pick/ros2_ws/install/onrobot_description:/opt/ros/humble /usr/bin/cmake --install /home/user/Desktop/ur_pick/ros2_ws/build/onrobot_driver
