[0.179s] DEBUG:colcon:Command line arguments: ['/usr/bin/colcon', 'build', '--symlink-install', '--event-handlers', 'console_cohesion+']
[0.179s] DEBUG:colcon:Parsed command line arguments: Namespace(log_base=None, log_level=None, verb_name='build', build_base='build', install_base='install', merge_install=False, symlink_install=True, test_result_base=None, continue_on_error=False, executor='parallel', parallel_workers=15, event_handlers=['console_cohesion+'], ignore_user_meta=False, metas=['./colcon.meta'], base_paths=['.'], packages_ignore=None, packages_ignore_regex=None, paths=None, packages_up_to=None, packages_up_to_regex=None, packages_above=None, packages_above_and_dependencies=None, packages_above_depth=None, packages_select_by_dep=None, packages_skip_by_dep=None, packages_skip_up_to=None, packages_select_build_failed=False, packages_skip_build_finished=False, packages_select_test_failures=False, packages_skip_test_passed=False, packages_select=None, packages_skip=None, packages_select_regex=None, packages_skip_regex=None, packages_start=None, packages_end=None, allow_overriding=[], cmake_args=None, cmake_target=None, cmake_target_skip_unavailable=False, cmake_clean_cache=False, cmake_clean_first=False, cmake_force_configure=False, ament_cmake_args=None, catkin_cmake_args=None, catkin_skip_building_tests=False, mixin_files=None, mixin=None, verb_parser=<colcon_mixin.mixin.mixin_argument.MixinArgumentDecorator object at 0x792b4ec5f3a0>, verb_extension=<colcon_core.verb.build.BuildVerb object at 0x792b4eda8400>, main=<bound method BuildVerb.main of <colcon_core.verb.build.BuildVerb object at 0x792b4eda8400>>, mixin_verb=('build',))
[0.375s] Level 1:colcon.colcon_core.package_discovery:discover_packages(colcon_meta) check parameters
[0.375s] Level 1:colcon.colcon_core.package_discovery:discover_packages(recursive) check parameters
[0.375s] Level 1:colcon.colcon_core.package_discovery:discover_packages(ignore) check parameters
[0.375s] Level 1:colcon.colcon_core.package_discovery:discover_packages(path) check parameters
[0.375s] Level 1:colcon.colcon_core.package_discovery:discover_packages(colcon_meta) discover
[0.375s] Level 1:colcon.colcon_core.package_discovery:discover_packages(recursive) discover
[0.375s] INFO:colcon.colcon_core.package_discovery:Crawling recursively for packages in '/home/user/Desktop/ur_pick/ros2_ws'
[0.375s] Level 1:colcon.colcon_core.package_identification:_identify(.) by extensions ['ignore', 'ignore_ament_install']
[0.375s] Level 1:colcon.colcon_core.package_identification:_identify(.) by extension 'ignore'
[0.375s] Level 1:colcon.colcon_core.package_identification:_identify(.) by extension 'ignore_ament_install'
[0.375s] Level 1:colcon.colcon_core.package_identification:_identify(.) by extensions ['colcon_pkg']
[0.375s] Level 1:colcon.colcon_core.package_identification:_identify(.) by extension 'colcon_pkg'
[0.375s] Level 1:colcon.colcon_core.package_identification:_identify(.) by extensions ['colcon_meta']
[0.375s] Level 1:colcon.colcon_core.package_identification:_identify(.) by extension 'colcon_meta'
[0.375s] Level 1:colcon.colcon_core.package_identification:_identify(.) by extensions ['ros']
[0.375s] Level 1:colcon.colcon_core.package_identification:_identify(.) by extension 'ros'
[0.384s] Level 1:colcon.colcon_core.package_identification:_identify(.) by extensions ['cmake', 'python']
[0.384s] Level 1:colcon.colcon_core.package_identification:_identify(.) by extension 'cmake'
[0.384s] Level 1:colcon.colcon_core.package_identification:_identify(.) by extension 'python'
[0.384s] Level 1:colcon.colcon_core.package_identification:_identify(.) by extensions ['python_setup_py']
[0.384s] Level 1:colcon.colcon_core.package_identification:_identify(.) by extension 'python_setup_py'
[0.384s] Level 1:colcon.colcon_core.package_identification:_identify(build) by extensions ['ignore', 'ignore_ament_install']
[0.384s] Level 1:colcon.colcon_core.package_identification:_identify(build) by extension 'ignore'
[0.384s] Level 1:colcon.colcon_core.package_identification:_identify(build) ignored
[0.384s] Level 1:colcon.colcon_core.package_identification:_identify(install) by extensions ['ignore', 'ignore_ament_install']
[0.384s] Level 1:colcon.colcon_core.package_identification:_identify(install) by extension 'ignore'
[0.384s] Level 1:colcon.colcon_core.package_identification:_identify(install) ignored
[0.384s] Level 1:colcon.colcon_core.package_identification:_identify(log) by extensions ['ignore', 'ignore_ament_install']
[0.384s] Level 1:colcon.colcon_core.package_identification:_identify(log) by extension 'ignore'
[0.384s] Level 1:colcon.colcon_core.package_identification:_identify(log) ignored
[0.384s] Level 1:colcon.colcon_core.package_identification:_identify(src) by extensions ['ignore', 'ignore_ament_install']
[0.384s] Level 1:colcon.colcon_core.package_identification:_identify(src) by extension 'ignore'
[0.384s] Level 1:colcon.colcon_core.package_identification:_identify(src) by extension 'ignore_ament_install'
[0.384s] Level 1:colcon.colcon_core.package_identification:_identify(src) by extensions ['colcon_pkg']
[0.384s] Level 1:colcon.colcon_core.package_identification:_identify(src) by extension 'colcon_pkg'
[0.384s] Level 1:colcon.colcon_core.package_identification:_identify(src) by extensions ['colcon_meta']
[0.385s] Level 1:colcon.colcon_core.package_identification:_identify(src) by extension 'colcon_meta'
[0.385s] Level 1:colcon.colcon_core.package_identification:_identify(src) by extensions ['ros']
[0.385s] Level 1:colcon.colcon_core.package_identification:_identify(src) by extension 'ros'
[0.385s] Level 1:colcon.colcon_core.package_identification:_identify(src) by extensions ['cmake', 'python']
[0.385s] Level 1:colcon.colcon_core.package_identification:_identify(src) by extension 'cmake'
[0.385s] Level 1:colcon.colcon_core.package_identification:_identify(src) by extension 'python'
[0.385s] Level 1:colcon.colcon_core.package_identification:_identify(src) by extensions ['python_setup_py']
[0.385s] Level 1:colcon.colcon_core.package_identification:_identify(src) by extension 'python_setup_py'
[0.385s] Level 1:colcon.colcon_core.package_identification:_identify(src/UR_OnRobot_ROS2) by extensions ['ignore', 'ignore_ament_install']
[0.385s] Level 1:colcon.colcon_core.package_identification:_identify(src/UR_OnRobot_ROS2) by extension 'ignore'
[0.385s] Level 1:colcon.colcon_core.package_identification:_identify(src/UR_OnRobot_ROS2) by extension 'ignore_ament_install'
[0.385s] Level 1:colcon.colcon_core.package_identification:_identify(src/UR_OnRobot_ROS2) by extensions ['colcon_pkg']
[0.385s] Level 1:colcon.colcon_core.package_identification:_identify(src/UR_OnRobot_ROS2) by extension 'colcon_pkg'
[0.385s] Level 1:colcon.colcon_core.package_identification:_identify(src/UR_OnRobot_ROS2) by extensions ['colcon_meta']
[0.385s] Level 1:colcon.colcon_core.package_identification:_identify(src/UR_OnRobot_ROS2) by extension 'colcon_meta'
[0.385s] Level 1:colcon.colcon_core.package_identification:_identify(src/UR_OnRobot_ROS2) by extensions ['ros']
[0.385s] Level 1:colcon.colcon_core.package_identification:_identify(src/UR_OnRobot_ROS2) by extension 'ros'
[0.385s] Level 1:colcon.colcon_core.package_identification:_identify(src/UR_OnRobot_ROS2) by extensions ['cmake', 'python']
[0.385s] Level 1:colcon.colcon_core.package_identification:_identify(src/UR_OnRobot_ROS2) by extension 'cmake'
[0.385s] Level 1:colcon.colcon_core.package_identification:_identify(src/UR_OnRobot_ROS2) by extension 'python'
[0.385s] Level 1:colcon.colcon_core.package_identification:_identify(src/UR_OnRobot_ROS2) by extensions ['python_setup_py']
[0.385s] Level 1:colcon.colcon_core.package_identification:_identify(src/UR_OnRobot_ROS2) by extension 'python_setup_py'
[0.385s] Level 1:colcon.colcon_core.package_identification:_identify(src/UR_OnRobot_ROS2/doc) by extensions ['ignore', 'ignore_ament_install']
[0.385s] Level 1:colcon.colcon_core.package_identification:_identify(src/UR_OnRobot_ROS2/doc) by extension 'ignore'
[0.385s] Level 1:colcon.colcon_core.package_identification:_identify(src/UR_OnRobot_ROS2/doc) by extension 'ignore_ament_install'
[0.386s] Level 1:colcon.colcon_core.package_identification:_identify(src/UR_OnRobot_ROS2/doc) by extensions ['colcon_pkg']
[0.386s] Level 1:colcon.colcon_core.package_identification:_identify(src/UR_OnRobot_ROS2/doc) by extension 'colcon_pkg'
[0.386s] Level 1:colcon.colcon_core.package_identification:_identify(src/UR_OnRobot_ROS2/doc) by extensions ['colcon_meta']
[0.386s] Level 1:colcon.colcon_core.package_identification:_identify(src/UR_OnRobot_ROS2/doc) by extension 'colcon_meta'
[0.386s] Level 1:colcon.colcon_core.package_identification:_identify(src/UR_OnRobot_ROS2/doc) by extensions ['ros']
[0.386s] Level 1:colcon.colcon_core.package_identification:_identify(src/UR_OnRobot_ROS2/doc) by extension 'ros'
[0.386s] Level 1:colcon.colcon_core.package_identification:_identify(src/UR_OnRobot_ROS2/doc) by extensions ['cmake', 'python']
[0.386s] Level 1:colcon.colcon_core.package_identification:_identify(src/UR_OnRobot_ROS2/doc) by extension 'cmake'
[0.386s] Level 1:colcon.colcon_core.package_identification:_identify(src/UR_OnRobot_ROS2/doc) by extension 'python'
[0.386s] Level 1:colcon.colcon_core.package_identification:_identify(src/UR_OnRobot_ROS2/doc) by extensions ['python_setup_py']
[0.386s] Level 1:colcon.colcon_core.package_identification:_identify(src/UR_OnRobot_ROS2/doc) by extension 'python_setup_py'
[0.386s] Level 1:colcon.colcon_core.package_identification:_identify(src/UR_OnRobot_ROS2/doc/images) by extensions ['ignore', 'ignore_ament_install']
[0.386s] Level 1:colcon.colcon_core.package_identification:_identify(src/UR_OnRobot_ROS2/doc/images) by extension 'ignore'
[0.386s] Level 1:colcon.colcon_core.package_identification:_identify(src/UR_OnRobot_ROS2/doc/images) by extension 'ignore_ament_install'
[0.386s] Level 1:colcon.colcon_core.package_identification:_identify(src/UR_OnRobot_ROS2/doc/images) by extensions ['colcon_pkg']
[0.386s] Level 1:colcon.colcon_core.package_identification:_identify(src/UR_OnRobot_ROS2/doc/images) by extension 'colcon_pkg'
[0.386s] Level 1:colcon.colcon_core.package_identification:_identify(src/UR_OnRobot_ROS2/doc/images) by extensions ['colcon_meta']
[0.386s] Level 1:colcon.colcon_core.package_identification:_identify(src/UR_OnRobot_ROS2/doc/images) by extension 'colcon_meta'
[0.386s] Level 1:colcon.colcon_core.package_identification:_identify(src/UR_OnRobot_ROS2/doc/images) by extensions ['ros']
[0.386s] Level 1:colcon.colcon_core.package_identification:_identify(src/UR_OnRobot_ROS2/doc/images) by extension 'ros'
[0.386s] Level 1:colcon.colcon_core.package_identification:_identify(src/UR_OnRobot_ROS2/doc/images) by extensions ['cmake', 'python']
[0.386s] Level 1:colcon.colcon_core.package_identification:_identify(src/UR_OnRobot_ROS2/doc/images) by extension 'cmake'
[0.386s] Level 1:colcon.colcon_core.package_identification:_identify(src/UR_OnRobot_ROS2/doc/images) by extension 'python'
[0.386s] Level 1:colcon.colcon_core.package_identification:_identify(src/UR_OnRobot_ROS2/doc/images) by extensions ['python_setup_py']
[0.386s] Level 1:colcon.colcon_core.package_identification:_identify(src/UR_OnRobot_ROS2/doc/images) by extension 'python_setup_py'
[0.386s] Level 1:colcon.colcon_core.package_identification:_identify(src/UR_OnRobot_ROS2/ur_onrobot_control) by extensions ['ignore', 'ignore_ament_install']
[0.387s] Level 1:colcon.colcon_core.package_identification:_identify(src/UR_OnRobot_ROS2/ur_onrobot_control) by extension 'ignore'
[0.387s] Level 1:colcon.colcon_core.package_identification:_identify(src/UR_OnRobot_ROS2/ur_onrobot_control) by extension 'ignore_ament_install'
[0.387s] Level 1:colcon.colcon_core.package_identification:_identify(src/UR_OnRobot_ROS2/ur_onrobot_control) by extensions ['colcon_pkg']
[0.387s] Level 1:colcon.colcon_core.package_identification:_identify(src/UR_OnRobot_ROS2/ur_onrobot_control) by extension 'colcon_pkg'
[0.387s] Level 1:colcon.colcon_core.package_identification:_identify(src/UR_OnRobot_ROS2/ur_onrobot_control) by extensions ['colcon_meta']
[0.387s] Level 1:colcon.colcon_core.package_identification:_identify(src/UR_OnRobot_ROS2/ur_onrobot_control) by extension 'colcon_meta'
[0.387s] Level 1:colcon.colcon_core.package_identification:_identify(src/UR_OnRobot_ROS2/ur_onrobot_control) by extensions ['ros']
[0.387s] Level 1:colcon.colcon_core.package_identification:_identify(src/UR_OnRobot_ROS2/ur_onrobot_control) by extension 'ros'
[0.389s] DEBUG:colcon.colcon_core.package_identification:Package 'src/UR_OnRobot_ROS2/ur_onrobot_control' with type 'ros.ament_cmake' and name 'ur_onrobot_control'
[0.389s] Level 1:colcon.colcon_core.package_identification:_identify(src/UR_OnRobot_ROS2/ur_onrobot_description) by extensions ['ignore', 'ignore_ament_install']
[0.389s] Level 1:colcon.colcon_core.package_identification:_identify(src/UR_OnRobot_ROS2/ur_onrobot_description) by extension 'ignore'
[0.389s] Level 1:colcon.colcon_core.package_identification:_identify(src/UR_OnRobot_ROS2/ur_onrobot_description) by extension 'ignore_ament_install'
[0.389s] Level 1:colcon.colcon_core.package_identification:_identify(src/UR_OnRobot_ROS2/ur_onrobot_description) by extensions ['colcon_pkg']
[0.389s] Level 1:colcon.colcon_core.package_identification:_identify(src/UR_OnRobot_ROS2/ur_onrobot_description) by extension 'colcon_pkg'
[0.389s] Level 1:colcon.colcon_core.package_identification:_identify(src/UR_OnRobot_ROS2/ur_onrobot_description) by extensions ['colcon_meta']
[0.389s] Level 1:colcon.colcon_core.package_identification:_identify(src/UR_OnRobot_ROS2/ur_onrobot_description) by extension 'colcon_meta'
[0.389s] Level 1:colcon.colcon_core.package_identification:_identify(src/UR_OnRobot_ROS2/ur_onrobot_description) by extensions ['ros']
[0.389s] Level 1:colcon.colcon_core.package_identification:_identify(src/UR_OnRobot_ROS2/ur_onrobot_description) by extension 'ros'
[0.390s] DEBUG:colcon.colcon_core.package_identification:Package 'src/UR_OnRobot_ROS2/ur_onrobot_description' with type 'ros.ament_cmake' and name 'ur_onrobot_description'
[0.390s] Level 1:colcon.colcon_core.package_identification:_identify(src/UR_OnRobot_ROS2/ur_onrobot_moveit_config) by extensions ['ignore', 'ignore_ament_install']
[0.390s] Level 1:colcon.colcon_core.package_identification:_identify(src/UR_OnRobot_ROS2/ur_onrobot_moveit_config) by extension 'ignore'
[0.390s] Level 1:colcon.colcon_core.package_identification:_identify(src/UR_OnRobot_ROS2/ur_onrobot_moveit_config) by extension 'ignore_ament_install'
[0.390s] Level 1:colcon.colcon_core.package_identification:_identify(src/UR_OnRobot_ROS2/ur_onrobot_moveit_config) by extensions ['colcon_pkg']
[0.390s] Level 1:colcon.colcon_core.package_identification:_identify(src/UR_OnRobot_ROS2/ur_onrobot_moveit_config) by extension 'colcon_pkg'
[0.390s] Level 1:colcon.colcon_core.package_identification:_identify(src/UR_OnRobot_ROS2/ur_onrobot_moveit_config) by extensions ['colcon_meta']
[0.390s] Level 1:colcon.colcon_core.package_identification:_identify(src/UR_OnRobot_ROS2/ur_onrobot_moveit_config) by extension 'colcon_meta'
[0.390s] Level 1:colcon.colcon_core.package_identification:_identify(src/UR_OnRobot_ROS2/ur_onrobot_moveit_config) by extensions ['ros']
[0.390s] Level 1:colcon.colcon_core.package_identification:_identify(src/UR_OnRobot_ROS2/ur_onrobot_moveit_config) by extension 'ros'
[0.391s] DEBUG:colcon.colcon_core.package_identification:Package 'src/UR_OnRobot_ROS2/ur_onrobot_moveit_config' with type 'ros.ament_cmake' and name 'ur_onrobot_moveit_config'
[0.391s] Level 1:colcon.colcon_core.package_identification:_identify(src/moveit2_tutorials_ur_onrobot) by extensions ['ignore', 'ignore_ament_install']
[0.391s] Level 1:colcon.colcon_core.package_identification:_identify(src/moveit2_tutorials_ur_onrobot) by extension 'ignore'
[0.391s] Level 1:colcon.colcon_core.package_identification:_identify(src/moveit2_tutorials_ur_onrobot) by extension 'ignore_ament_install'
[0.391s] Level 1:colcon.colcon_core.package_identification:_identify(src/moveit2_tutorials_ur_onrobot) by extensions ['colcon_pkg']
[0.391s] Level 1:colcon.colcon_core.package_identification:_identify(src/moveit2_tutorials_ur_onrobot) by extension 'colcon_pkg'
[0.391s] Level 1:colcon.colcon_core.package_identification:_identify(src/moveit2_tutorials_ur_onrobot) by extensions ['colcon_meta']
[0.391s] Level 1:colcon.colcon_core.package_identification:_identify(src/moveit2_tutorials_ur_onrobot) by extension 'colcon_meta'
[0.391s] Level 1:colcon.colcon_core.package_identification:_identify(src/moveit2_tutorials_ur_onrobot) by extensions ['ros']
[0.391s] Level 1:colcon.colcon_core.package_identification:_identify(src/moveit2_tutorials_ur_onrobot) by extension 'ros'
[0.391s] Level 1:colcon.colcon_core.package_identification:_identify(src/moveit2_tutorials_ur_onrobot) by extensions ['cmake', 'python']
[0.391s] Level 1:colcon.colcon_core.package_identification:_identify(src/moveit2_tutorials_ur_onrobot) by extension 'cmake'
[0.391s] Level 1:colcon.colcon_core.package_identification:_identify(src/moveit2_tutorials_ur_onrobot) by extension 'python'
[0.391s] Level 1:colcon.colcon_core.package_identification:_identify(src/moveit2_tutorials_ur_onrobot) by extensions ['python_setup_py']
[0.391s] Level 1:colcon.colcon_core.package_identification:_identify(src/moveit2_tutorials_ur_onrobot) by extension 'python_setup_py'
[0.391s] Level 1:colcon.colcon_core.package_identification:_identify(src/moveit2_tutorials_ur_onrobot/docs) by extensions ['ignore', 'ignore_ament_install']
[0.391s] Level 1:colcon.colcon_core.package_identification:_identify(src/moveit2_tutorials_ur_onrobot/docs) by extension 'ignore'
[0.391s] Level 1:colcon.colcon_core.package_identification:_identify(src/moveit2_tutorials_ur_onrobot/docs) by extension 'ignore_ament_install'
[0.391s] Level 1:colcon.colcon_core.package_identification:_identify(src/moveit2_tutorials_ur_onrobot/docs) by extensions ['colcon_pkg']
[0.391s] Level 1:colcon.colcon_core.package_identification:_identify(src/moveit2_tutorials_ur_onrobot/docs) by extension 'colcon_pkg'
[0.392s] Level 1:colcon.colcon_core.package_identification:_identify(src/moveit2_tutorials_ur_onrobot/docs) by extensions ['colcon_meta']
[0.392s] Level 1:colcon.colcon_core.package_identification:_identify(src/moveit2_tutorials_ur_onrobot/docs) by extension 'colcon_meta'
[0.392s] Level 1:colcon.colcon_core.package_identification:_identify(src/moveit2_tutorials_ur_onrobot/docs) by extensions ['ros']
[0.392s] Level 1:colcon.colcon_core.package_identification:_identify(src/moveit2_tutorials_ur_onrobot/docs) by extension 'ros'
[0.392s] Level 1:colcon.colcon_core.package_identification:_identify(src/moveit2_tutorials_ur_onrobot/docs) by extensions ['cmake', 'python']
[0.392s] Level 1:colcon.colcon_core.package_identification:_identify(src/moveit2_tutorials_ur_onrobot/docs) by extension 'cmake'
[0.392s] Level 1:colcon.colcon_core.package_identification:_identify(src/moveit2_tutorials_ur_onrobot/docs) by extension 'python'
[0.392s] Level 1:colcon.colcon_core.package_identification:_identify(src/moveit2_tutorials_ur_onrobot/docs) by extensions ['python_setup_py']
[0.392s] Level 1:colcon.colcon_core.package_identification:_identify(src/moveit2_tutorials_ur_onrobot/docs) by extension 'python_setup_py'
[0.392s] Level 1:colcon.colcon_core.package_identification:_identify(src/moveit2_tutorials_ur_onrobot/docs/gifs) by extensions ['ignore', 'ignore_ament_install']
[0.392s] Level 1:colcon.colcon_core.package_identification:_identify(src/moveit2_tutorials_ur_onrobot/docs/gifs) by extension 'ignore'
[0.392s] Level 1:colcon.colcon_core.package_identification:_identify(src/moveit2_tutorials_ur_onrobot/docs/gifs) by extension 'ignore_ament_install'
[0.392s] Level 1:colcon.colcon_core.package_identification:_identify(src/moveit2_tutorials_ur_onrobot/docs/gifs) by extensions ['colcon_pkg']
[0.392s] Level 1:colcon.colcon_core.package_identification:_identify(src/moveit2_tutorials_ur_onrobot/docs/gifs) by extension 'colcon_pkg'
[0.392s] Level 1:colcon.colcon_core.package_identification:_identify(src/moveit2_tutorials_ur_onrobot/docs/gifs) by extensions ['colcon_meta']
[0.392s] Level 1:colcon.colcon_core.package_identification:_identify(src/moveit2_tutorials_ur_onrobot/docs/gifs) by extension 'colcon_meta'
[0.392s] Level 1:colcon.colcon_core.package_identification:_identify(src/moveit2_tutorials_ur_onrobot/docs/gifs) by extensions ['ros']
[0.392s] Level 1:colcon.colcon_core.package_identification:_identify(src/moveit2_tutorials_ur_onrobot/docs/gifs) by extension 'ros'
[0.392s] Level 1:colcon.colcon_core.package_identification:_identify(src/moveit2_tutorials_ur_onrobot/docs/gifs) by extensions ['cmake', 'python']
[0.392s] Level 1:colcon.colcon_core.package_identification:_identify(src/moveit2_tutorials_ur_onrobot/docs/gifs) by extension 'cmake'
[0.392s] Level 1:colcon.colcon_core.package_identification:_identify(src/moveit2_tutorials_ur_onrobot/docs/gifs) by extension 'python'
[0.392s] Level 1:colcon.colcon_core.package_identification:_identify(src/moveit2_tutorials_ur_onrobot/docs/gifs) by extensions ['python_setup_py']
[0.392s] Level 1:colcon.colcon_core.package_identification:_identify(src/moveit2_tutorials_ur_onrobot/docs/gifs) by extension 'python_setup_py'
[0.392s] Level 1:colcon.colcon_core.package_identification:_identify(src/moveit2_tutorials_ur_onrobot/ur_onrobot_hello_moveit) by extensions ['ignore', 'ignore_ament_install']
[0.393s] Level 1:colcon.colcon_core.package_identification:_identify(src/moveit2_tutorials_ur_onrobot/ur_onrobot_hello_moveit) by extension 'ignore'
[0.393s] Level 1:colcon.colcon_core.package_identification:_identify(src/moveit2_tutorials_ur_onrobot/ur_onrobot_hello_moveit) by extension 'ignore_ament_install'
[0.393s] Level 1:colcon.colcon_core.package_identification:_identify(src/moveit2_tutorials_ur_onrobot/ur_onrobot_hello_moveit) by extensions ['colcon_pkg']
[0.393s] Level 1:colcon.colcon_core.package_identification:_identify(src/moveit2_tutorials_ur_onrobot/ur_onrobot_hello_moveit) by extension 'colcon_pkg'
[0.393s] Level 1:colcon.colcon_core.package_identification:_identify(src/moveit2_tutorials_ur_onrobot/ur_onrobot_hello_moveit) by extensions ['colcon_meta']
[0.393s] Level 1:colcon.colcon_core.package_identification:_identify(src/moveit2_tutorials_ur_onrobot/ur_onrobot_hello_moveit) by extension 'colcon_meta'
[0.393s] Level 1:colcon.colcon_core.package_identification:_identify(src/moveit2_tutorials_ur_onrobot/ur_onrobot_hello_moveit) by extensions ['ros']
[0.393s] Level 1:colcon.colcon_core.package_identification:_identify(src/moveit2_tutorials_ur_onrobot/ur_onrobot_hello_moveit) by extension 'ros'
[0.394s] DEBUG:colcon.colcon_core.package_identification:Package 'src/moveit2_tutorials_ur_onrobot/ur_onrobot_hello_moveit' with type 'ros.ament_cmake' and name 'ur_onrobot_hello_moveit'
[0.394s] Level 1:colcon.colcon_core.package_identification:_identify(src/moveit2_tutorials_ur_onrobot/ur_onrobot_mtc) by extensions ['ignore', 'ignore_ament_install']
[0.394s] Level 1:colcon.colcon_core.package_identification:_identify(src/moveit2_tutorials_ur_onrobot/ur_onrobot_mtc) by extension 'ignore'
[0.394s] Level 1:colcon.colcon_core.package_identification:_identify(src/moveit2_tutorials_ur_onrobot/ur_onrobot_mtc) by extension 'ignore_ament_install'
[0.394s] Level 1:colcon.colcon_core.package_identification:_identify(src/moveit2_tutorials_ur_onrobot/ur_onrobot_mtc) by extensions ['colcon_pkg']
[0.394s] Level 1:colcon.colcon_core.package_identification:_identify(src/moveit2_tutorials_ur_onrobot/ur_onrobot_mtc) by extension 'colcon_pkg'
[0.394s] Level 1:colcon.colcon_core.package_identification:_identify(src/moveit2_tutorials_ur_onrobot/ur_onrobot_mtc) by extensions ['colcon_meta']
[0.394s] Level 1:colcon.colcon_core.package_identification:_identify(src/moveit2_tutorials_ur_onrobot/ur_onrobot_mtc) by extension 'colcon_meta'
[0.394s] Level 1:colcon.colcon_core.package_identification:_identify(src/moveit2_tutorials_ur_onrobot/ur_onrobot_mtc) by extensions ['ros']
[0.394s] Level 1:colcon.colcon_core.package_identification:_identify(src/moveit2_tutorials_ur_onrobot/ur_onrobot_mtc) by extension 'ros'
[0.395s] DEBUG:colcon.colcon_core.package_identification:Package 'src/moveit2_tutorials_ur_onrobot/ur_onrobot_mtc' with type 'ros.ament_cmake' and name 'ur_onrobot_mtc'
[0.395s] Level 1:colcon.colcon_core.package_identification:_identify(src/onrobot_description) by extensions ['ignore', 'ignore_ament_install']
[0.395s] Level 1:colcon.colcon_core.package_identification:_identify(src/onrobot_description) by extension 'ignore'
[0.395s] Level 1:colcon.colcon_core.package_identification:_identify(src/onrobot_description) by extension 'ignore_ament_install'
[0.395s] Level 1:colcon.colcon_core.package_identification:_identify(src/onrobot_description) by extensions ['colcon_pkg']
[0.395s] Level 1:colcon.colcon_core.package_identification:_identify(src/onrobot_description) by extension 'colcon_pkg'
[0.395s] Level 1:colcon.colcon_core.package_identification:_identify(src/onrobot_description) by extensions ['colcon_meta']
[0.395s] Level 1:colcon.colcon_core.package_identification:_identify(src/onrobot_description) by extension 'colcon_meta'
[0.395s] Level 1:colcon.colcon_core.package_identification:_identify(src/onrobot_description) by extensions ['ros']
[0.395s] Level 1:colcon.colcon_core.package_identification:_identify(src/onrobot_description) by extension 'ros'
[0.396s] DEBUG:colcon.colcon_core.package_identification:Package 'src/onrobot_description' with type 'ros.ament_cmake' and name 'onrobot_description'
[0.396s] Level 1:colcon.colcon_core.package_identification:_identify(src/onrobot_driver) by extensions ['ignore', 'ignore_ament_install']
[0.396s] Level 1:colcon.colcon_core.package_identification:_identify(src/onrobot_driver) by extension 'ignore'
[0.396s] Level 1:colcon.colcon_core.package_identification:_identify(src/onrobot_driver) by extension 'ignore_ament_install'
[0.396s] Level 1:colcon.colcon_core.package_identification:_identify(src/onrobot_driver) by extensions ['colcon_pkg']
[0.396s] Level 1:colcon.colcon_core.package_identification:_identify(src/onrobot_driver) by extension 'colcon_pkg'
[0.396s] Level 1:colcon.colcon_core.package_identification:_identify(src/onrobot_driver) by extensions ['colcon_meta']
[0.396s] Level 1:colcon.colcon_core.package_identification:_identify(src/onrobot_driver) by extension 'colcon_meta'
[0.396s] Level 1:colcon.colcon_core.package_identification:_identify(src/onrobot_driver) by extensions ['ros']
[0.396s] Level 1:colcon.colcon_core.package_identification:_identify(src/onrobot_driver) by extension 'ros'
[0.398s] DEBUG:colcon.colcon_core.package_identification:Package 'src/onrobot_driver' with type 'ros.ament_cmake' and name 'onrobot_driver'
[0.398s] Level 1:colcon.colcon_core.package_discovery:discover_packages(recursive) using defaults
[0.398s] Level 1:colcon.colcon_core.package_discovery:discover_packages(ignore) discover
[0.398s] Level 1:colcon.colcon_core.package_discovery:discover_packages(ignore) using defaults
[0.398s] Level 1:colcon.colcon_core.package_discovery:discover_packages(path) discover
[0.398s] Level 1:colcon.colcon_core.package_discovery:discover_packages(path) using defaults
[0.429s] Level 1:colcon.colcon_core.package_discovery:discover_packages(prefix_path) check parameters
[0.429s] Level 1:colcon.colcon_core.package_discovery:discover_packages(prefix_path) discover
[0.433s] DEBUG:colcon.colcon_installed_package_information.package_discovery:Found 369 installed packages in /opt/ros/humble
[0.435s] Level 1:colcon.colcon_core.package_discovery:discover_packages(prefix_path) using defaults
[0.474s] Level 5:colcon.colcon_core.verb:set package 'onrobot_description' build argument 'cmake_args' from command line to 'None'
[0.474s] Level 5:colcon.colcon_core.verb:set package 'onrobot_description' build argument 'cmake_target' from command line to 'None'
[0.474s] Level 5:colcon.colcon_core.verb:set package 'onrobot_description' build argument 'cmake_target_skip_unavailable' from command line to 'False'
[0.474s] Level 5:colcon.colcon_core.verb:set package 'onrobot_description' build argument 'cmake_clean_cache' from command line to 'False'
[0.474s] Level 5:colcon.colcon_core.verb:set package 'onrobot_description' build argument 'cmake_clean_first' from command line to 'False'
[0.474s] Level 5:colcon.colcon_core.verb:set package 'onrobot_description' build argument 'cmake_force_configure' from command line to 'False'
[0.474s] Level 5:colcon.colcon_core.verb:set package 'onrobot_description' build argument 'ament_cmake_args' from command line to 'None'
[0.474s] Level 5:colcon.colcon_core.verb:set package 'onrobot_description' build argument 'catkin_cmake_args' from command line to 'None'
[0.474s] Level 5:colcon.colcon_core.verb:set package 'onrobot_description' build argument 'catkin_skip_building_tests' from command line to 'False'
[0.474s] DEBUG:colcon.colcon_core.verb:Building package 'onrobot_description' with the following arguments: {'ament_cmake_args': None, 'build_base': '/home/user/Desktop/ur_pick/ros2_ws/build/onrobot_description', 'catkin_cmake_args': None, 'catkin_skip_building_tests': False, 'cmake_args': None, 'cmake_clean_cache': False, 'cmake_clean_first': False, 'cmake_force_configure': False, 'cmake_target': None, 'cmake_target_skip_unavailable': False, 'install_base': '/home/user/Desktop/ur_pick/ros2_ws/install/onrobot_description', 'merge_install': False, 'path': '/home/user/Desktop/ur_pick/ros2_ws/src/onrobot_description', 'symlink_install': True, 'test_result_base': None}
[0.474s] Level 5:colcon.colcon_core.verb:set package 'onrobot_driver' build argument 'cmake_args' from command line to 'None'
[0.474s] Level 5:colcon.colcon_core.verb:set package 'onrobot_driver' build argument 'cmake_target' from command line to 'None'
[0.474s] Level 5:colcon.colcon_core.verb:set package 'onrobot_driver' build argument 'cmake_target_skip_unavailable' from command line to 'False'
[0.474s] Level 5:colcon.colcon_core.verb:set package 'onrobot_driver' build argument 'cmake_clean_cache' from command line to 'False'
[0.474s] Level 5:colcon.colcon_core.verb:set package 'onrobot_driver' build argument 'cmake_clean_first' from command line to 'False'
[0.474s] Level 5:colcon.colcon_core.verb:set package 'onrobot_driver' build argument 'cmake_force_configure' from command line to 'False'
[0.474s] Level 5:colcon.colcon_core.verb:set package 'onrobot_driver' build argument 'ament_cmake_args' from command line to 'None'
[0.474s] Level 5:colcon.colcon_core.verb:set package 'onrobot_driver' build argument 'catkin_cmake_args' from command line to 'None'
[0.474s] Level 5:colcon.colcon_core.verb:set package 'onrobot_driver' build argument 'catkin_skip_building_tests' from command line to 'False'
[0.474s] DEBUG:colcon.colcon_core.verb:Building package 'onrobot_driver' with the following arguments: {'ament_cmake_args': None, 'build_base': '/home/user/Desktop/ur_pick/ros2_ws/build/onrobot_driver', 'catkin_cmake_args': None, 'catkin_skip_building_tests': False, 'cmake_args': None, 'cmake_clean_cache': False, 'cmake_clean_first': False, 'cmake_force_configure': False, 'cmake_target': None, 'cmake_target_skip_unavailable': False, 'install_base': '/home/user/Desktop/ur_pick/ros2_ws/install/onrobot_driver', 'merge_install': False, 'path': '/home/user/Desktop/ur_pick/ros2_ws/src/onrobot_driver', 'symlink_install': True, 'test_result_base': None}
[0.474s] Level 5:colcon.colcon_core.verb:set package 'ur_onrobot_description' build argument 'cmake_args' from command line to 'None'
[0.474s] Level 5:colcon.colcon_core.verb:set package 'ur_onrobot_description' build argument 'cmake_target' from command line to 'None'
[0.474s] Level 5:colcon.colcon_core.verb:set package 'ur_onrobot_description' build argument 'cmake_target_skip_unavailable' from command line to 'False'
[0.475s] Level 5:colcon.colcon_core.verb:set package 'ur_onrobot_description' build argument 'cmake_clean_cache' from command line to 'False'
[0.475s] Level 5:colcon.colcon_core.verb:set package 'ur_onrobot_description' build argument 'cmake_clean_first' from command line to 'False'
[0.475s] Level 5:colcon.colcon_core.verb:set package 'ur_onrobot_description' build argument 'cmake_force_configure' from command line to 'False'
[0.475s] Level 5:colcon.colcon_core.verb:set package 'ur_onrobot_description' build argument 'ament_cmake_args' from command line to 'None'
[0.475s] Level 5:colcon.colcon_core.verb:set package 'ur_onrobot_description' build argument 'catkin_cmake_args' from command line to 'None'
[0.475s] Level 5:colcon.colcon_core.verb:set package 'ur_onrobot_description' build argument 'catkin_skip_building_tests' from command line to 'False'
[0.475s] DEBUG:colcon.colcon_core.verb:Building package 'ur_onrobot_description' with the following arguments: {'ament_cmake_args': None, 'build_base': '/home/user/Desktop/ur_pick/ros2_ws/build/ur_onrobot_description', 'catkin_cmake_args': None, 'catkin_skip_building_tests': False, 'cmake_args': None, 'cmake_clean_cache': False, 'cmake_clean_first': False, 'cmake_force_configure': False, 'cmake_target': None, 'cmake_target_skip_unavailable': False, 'install_base': '/home/user/Desktop/ur_pick/ros2_ws/install/ur_onrobot_description', 'merge_install': False, 'path': '/home/user/Desktop/ur_pick/ros2_ws/src/UR_OnRobot_ROS2/ur_onrobot_description', 'symlink_install': True, 'test_result_base': None}
[0.475s] Level 5:colcon.colcon_core.verb:set package 'ur_onrobot_control' build argument 'cmake_args' from command line to 'None'
[0.475s] Level 5:colcon.colcon_core.verb:set package 'ur_onrobot_control' build argument 'cmake_target' from command line to 'None'
[0.475s] Level 5:colcon.colcon_core.verb:set package 'ur_onrobot_control' build argument 'cmake_target_skip_unavailable' from command line to 'False'
[0.475s] Level 5:colcon.colcon_core.verb:set package 'ur_onrobot_control' build argument 'cmake_clean_cache' from command line to 'False'
[0.475s] Level 5:colcon.colcon_core.verb:set package 'ur_onrobot_control' build argument 'cmake_clean_first' from command line to 'False'
[0.475s] Level 5:colcon.colcon_core.verb:set package 'ur_onrobot_control' build argument 'cmake_force_configure' from command line to 'False'
[0.475s] Level 5:colcon.colcon_core.verb:set package 'ur_onrobot_control' build argument 'ament_cmake_args' from command line to 'None'
[0.475s] Level 5:colcon.colcon_core.verb:set package 'ur_onrobot_control' build argument 'catkin_cmake_args' from command line to 'None'
[0.475s] Level 5:colcon.colcon_core.verb:set package 'ur_onrobot_control' build argument 'catkin_skip_building_tests' from command line to 'False'
[0.475s] DEBUG:colcon.colcon_core.verb:Building package 'ur_onrobot_control' with the following arguments: {'ament_cmake_args': None, 'build_base': '/home/user/Desktop/ur_pick/ros2_ws/build/ur_onrobot_control', 'catkin_cmake_args': None, 'catkin_skip_building_tests': False, 'cmake_args': None, 'cmake_clean_cache': False, 'cmake_clean_first': False, 'cmake_force_configure': False, 'cmake_target': None, 'cmake_target_skip_unavailable': False, 'install_base': '/home/user/Desktop/ur_pick/ros2_ws/install/ur_onrobot_control', 'merge_install': False, 'path': '/home/user/Desktop/ur_pick/ros2_ws/src/UR_OnRobot_ROS2/ur_onrobot_control', 'symlink_install': True, 'test_result_base': None}
[0.475s] Level 5:colcon.colcon_core.verb:set package 'ur_onrobot_moveit_config' build argument 'cmake_args' from command line to 'None'
[0.475s] Level 5:colcon.colcon_core.verb:set package 'ur_onrobot_moveit_config' build argument 'cmake_target' from command line to 'None'
[0.475s] Level 5:colcon.colcon_core.verb:set package 'ur_onrobot_moveit_config' build argument 'cmake_target_skip_unavailable' from command line to 'False'
[0.475s] Level 5:colcon.colcon_core.verb:set package 'ur_onrobot_moveit_config' build argument 'cmake_clean_cache' from command line to 'False'
[0.475s] Level 5:colcon.colcon_core.verb:set package 'ur_onrobot_moveit_config' build argument 'cmake_clean_first' from command line to 'False'
[0.475s] Level 5:colcon.colcon_core.verb:set package 'ur_onrobot_moveit_config' build argument 'cmake_force_configure' from command line to 'False'
[0.475s] Level 5:colcon.colcon_core.verb:set package 'ur_onrobot_moveit_config' build argument 'ament_cmake_args' from command line to 'None'
[0.475s] Level 5:colcon.colcon_core.verb:set package 'ur_onrobot_moveit_config' build argument 'catkin_cmake_args' from command line to 'None'
[0.475s] Level 5:colcon.colcon_core.verb:set package 'ur_onrobot_moveit_config' build argument 'catkin_skip_building_tests' from command line to 'False'
[0.475s] DEBUG:colcon.colcon_core.verb:Building package 'ur_onrobot_moveit_config' with the following arguments: {'ament_cmake_args': None, 'build_base': '/home/user/Desktop/ur_pick/ros2_ws/build/ur_onrobot_moveit_config', 'catkin_cmake_args': None, 'catkin_skip_building_tests': False, 'cmake_args': None, 'cmake_clean_cache': False, 'cmake_clean_first': False, 'cmake_force_configure': False, 'cmake_target': None, 'cmake_target_skip_unavailable': False, 'install_base': '/home/user/Desktop/ur_pick/ros2_ws/install/ur_onrobot_moveit_config', 'merge_install': False, 'path': '/home/user/Desktop/ur_pick/ros2_ws/src/UR_OnRobot_ROS2/ur_onrobot_moveit_config', 'symlink_install': True, 'test_result_base': None}
[0.476s] Level 5:colcon.colcon_core.verb:set package 'ur_onrobot_hello_moveit' build argument 'cmake_args' from command line to 'None'
[0.476s] Level 5:colcon.colcon_core.verb:set package 'ur_onrobot_hello_moveit' build argument 'cmake_target' from command line to 'None'
[0.476s] Level 5:colcon.colcon_core.verb:set package 'ur_onrobot_hello_moveit' build argument 'cmake_target_skip_unavailable' from command line to 'False'
[0.476s] Level 5:colcon.colcon_core.verb:set package 'ur_onrobot_hello_moveit' build argument 'cmake_clean_cache' from command line to 'False'
[0.476s] Level 5:colcon.colcon_core.verb:set package 'ur_onrobot_hello_moveit' build argument 'cmake_clean_first' from command line to 'False'
[0.476s] Level 5:colcon.colcon_core.verb:set package 'ur_onrobot_hello_moveit' build argument 'cmake_force_configure' from command line to 'False'
[0.476s] Level 5:colcon.colcon_core.verb:set package 'ur_onrobot_hello_moveit' build argument 'ament_cmake_args' from command line to 'None'
[0.476s] Level 5:colcon.colcon_core.verb:set package 'ur_onrobot_hello_moveit' build argument 'catkin_cmake_args' from command line to 'None'
[0.476s] Level 5:colcon.colcon_core.verb:set package 'ur_onrobot_hello_moveit' build argument 'catkin_skip_building_tests' from command line to 'False'
[0.476s] DEBUG:colcon.colcon_core.verb:Building package 'ur_onrobot_hello_moveit' with the following arguments: {'ament_cmake_args': None, 'build_base': '/home/user/Desktop/ur_pick/ros2_ws/build/ur_onrobot_hello_moveit', 'catkin_cmake_args': None, 'catkin_skip_building_tests': False, 'cmake_args': None, 'cmake_clean_cache': False, 'cmake_clean_first': False, 'cmake_force_configure': False, 'cmake_target': None, 'cmake_target_skip_unavailable': False, 'install_base': '/home/user/Desktop/ur_pick/ros2_ws/install/ur_onrobot_hello_moveit', 'merge_install': False, 'path': '/home/user/Desktop/ur_pick/ros2_ws/src/moveit2_tutorials_ur_onrobot/ur_onrobot_hello_moveit', 'symlink_install': True, 'test_result_base': None}
[0.476s] Level 5:colcon.colcon_core.verb:set package 'ur_onrobot_mtc' build argument 'cmake_args' from command line to 'None'
[0.476s] Level 5:colcon.colcon_core.verb:set package 'ur_onrobot_mtc' build argument 'cmake_target' from command line to 'None'
[0.476s] Level 5:colcon.colcon_core.verb:set package 'ur_onrobot_mtc' build argument 'cmake_target_skip_unavailable' from command line to 'False'
[0.476s] Level 5:colcon.colcon_core.verb:set package 'ur_onrobot_mtc' build argument 'cmake_clean_cache' from command line to 'False'
[0.476s] Level 5:colcon.colcon_core.verb:set package 'ur_onrobot_mtc' build argument 'cmake_clean_first' from command line to 'False'
[0.476s] Level 5:colcon.colcon_core.verb:set package 'ur_onrobot_mtc' build argument 'cmake_force_configure' from command line to 'False'
[0.476s] Level 5:colcon.colcon_core.verb:set package 'ur_onrobot_mtc' build argument 'ament_cmake_args' from command line to 'None'
[0.476s] Level 5:colcon.colcon_core.verb:set package 'ur_onrobot_mtc' build argument 'catkin_cmake_args' from command line to 'None'
[0.476s] Level 5:colcon.colcon_core.verb:set package 'ur_onrobot_mtc' build argument 'catkin_skip_building_tests' from command line to 'False'
[0.476s] DEBUG:colcon.colcon_core.verb:Building package 'ur_onrobot_mtc' with the following arguments: {'ament_cmake_args': None, 'build_base': '/home/user/Desktop/ur_pick/ros2_ws/build/ur_onrobot_mtc', 'catkin_cmake_args': None, 'catkin_skip_building_tests': False, 'cmake_args': None, 'cmake_clean_cache': False, 'cmake_clean_first': False, 'cmake_force_configure': False, 'cmake_target': None, 'cmake_target_skip_unavailable': False, 'install_base': '/home/user/Desktop/ur_pick/ros2_ws/install/ur_onrobot_mtc', 'merge_install': False, 'path': '/home/user/Desktop/ur_pick/ros2_ws/src/moveit2_tutorials_ur_onrobot/ur_onrobot_mtc', 'symlink_install': True, 'test_result_base': None}
[0.476s] INFO:colcon.colcon_core.executor:Executing jobs using 'parallel' executor
[0.477s] DEBUG:colcon.colcon_parallel_executor.executor.parallel:run_until_complete
[0.478s] INFO:colcon.colcon_ros.task.ament_cmake.build:Building ROS package in '/home/user/Desktop/ur_pick/ros2_ws/src/onrobot_description' with build type 'ament_cmake'
[0.478s] INFO:colcon.colcon_cmake.task.cmake.build:Building CMake package in '/home/user/Desktop/ur_pick/ros2_ws/src/onrobot_description'
[0.482s] INFO:colcon.colcon_core.plugin_system:Skipping extension 'colcon_core.shell.bat': Not used on non-Windows systems
[0.482s] INFO:colcon.colcon_core.shell:Skip shell extension 'powershell' for command environment: Not usable outside of PowerShell
[0.482s] DEBUG:colcon.colcon_core.shell:Skip shell extension 'dsv' for command environment
[0.493s] DEBUG:colcon.colcon_core.event_handler.log_command:Invoking command in '/home/user/Desktop/ur_pick/ros2_ws/build/onrobot_description': CMAKE_PREFIX_PATH=/opt/ros/humble /usr/bin/cmake /home/user/Desktop/ur_pick/ros2_ws/src/onrobot_description -DAMENT_CMAKE_SYMLINK_INSTALL=1 -DCMAKE_INSTALL_PREFIX=/home/user/Desktop/ur_pick/ros2_ws/install/onrobot_description
[1.502s] DEBUG:colcon.colcon_core.event_handler.log_command:Invoked command in '/home/user/Desktop/ur_pick/ros2_ws/build/onrobot_description' returned '0': CMAKE_PREFIX_PATH=/opt/ros/humble /usr/bin/cmake /home/user/Desktop/ur_pick/ros2_ws/src/onrobot_description -DAMENT_CMAKE_SYMLINK_INSTALL=1 -DCMAKE_INSTALL_PREFIX=/home/user/Desktop/ur_pick/ros2_ws/install/onrobot_description
[1.505s] DEBUG:colcon.colcon_core.event_handler.log_command:Invoking command in '/home/user/Desktop/ur_pick/ros2_ws/build/onrobot_description': CMAKE_PREFIX_PATH=/opt/ros/humble /usr/bin/cmake --build /home/user/Desktop/ur_pick/ros2_ws/build/onrobot_description -- -j15 -l15
[1.555s] DEBUG:colcon.colcon_core.event_handler.log_command:Invoked command in '/home/user/Desktop/ur_pick/ros2_ws/build/onrobot_description' returned '0': CMAKE_PREFIX_PATH=/opt/ros/humble /usr/bin/cmake --build /home/user/Desktop/ur_pick/ros2_ws/build/onrobot_description -- -j15 -l15
[1.569s] DEBUG:colcon.colcon_core.event_handler.log_command:Invoking command in '/home/user/Desktop/ur_pick/ros2_ws/build/onrobot_description': CMAKE_PREFIX_PATH=/opt/ros/humble /usr/bin/cmake --install /home/user/Desktop/ur_pick/ros2_ws/build/onrobot_description
[2.059s] Level 1:colcon.colcon_core.environment:create_environment_scripts_only(onrobot_description)
[2.060s] DEBUG:colcon.colcon_core.event_handler.log_command:Invoked command in '/home/user/Desktop/ur_pick/ros2_ws/build/onrobot_description' returned '0': CMAKE_PREFIX_PATH=/opt/ros/humble /usr/bin/cmake --install /home/user/Desktop/ur_pick/ros2_ws/build/onrobot_description
[2.069s] Level 1:colcon.colcon_core.environment:checking '/home/user/Desktop/ur_pick/ros2_ws/install/onrobot_description' for CMake module files
[2.070s] Level 1:colcon.colcon_core.environment:checking '/home/user/Desktop/ur_pick/ros2_ws/install/onrobot_description' for CMake config files
[2.070s] Level 1:colcon.colcon_core.shell:create_environment_hook('onrobot_description', 'cmake_prefix_path')
[2.070s] INFO:colcon.colcon_core.shell:Creating environment hook '/home/user/Desktop/ur_pick/ros2_ws/install/onrobot_description/share/onrobot_description/hook/cmake_prefix_path.ps1'
[2.072s] INFO:colcon.colcon_core.shell:Creating environment descriptor '/home/user/Desktop/ur_pick/ros2_ws/install/onrobot_description/share/onrobot_description/hook/cmake_prefix_path.dsv'
[2.072s] INFO:colcon.colcon_core.shell:Creating environment hook '/home/user/Desktop/ur_pick/ros2_ws/install/onrobot_description/share/onrobot_description/hook/cmake_prefix_path.sh'
[2.073s] Level 1:colcon.colcon_core.environment:checking '/home/user/Desktop/ur_pick/ros2_ws/install/onrobot_description/bin'
[2.073s] Level 1:colcon.colcon_core.environment:checking '/home/user/Desktop/ur_pick/ros2_ws/install/onrobot_description/lib/pkgconfig/onrobot_description.pc'
[2.074s] Level 1:colcon.colcon_core.environment:checking '/home/user/Desktop/ur_pick/ros2_ws/install/onrobot_description/lib/python3.10/site-packages'
[2.074s] Level 1:colcon.colcon_core.environment:checking '/home/user/Desktop/ur_pick/ros2_ws/install/onrobot_description/bin'
[2.074s] INFO:colcon.colcon_core.shell:Creating package script '/home/user/Desktop/ur_pick/ros2_ws/install/onrobot_description/share/onrobot_description/package.ps1'
[2.075s] INFO:colcon.colcon_core.shell:Creating package descriptor '/home/user/Desktop/ur_pick/ros2_ws/install/onrobot_description/share/onrobot_description/package.dsv'
[2.076s] INFO:colcon.colcon_core.shell:Creating package script '/home/user/Desktop/ur_pick/ros2_ws/install/onrobot_description/share/onrobot_description/package.sh'
[2.077s] INFO:colcon.colcon_core.shell:Creating package script '/home/user/Desktop/ur_pick/ros2_ws/install/onrobot_description/share/onrobot_description/package.bash'
[2.078s] INFO:colcon.colcon_core.shell:Creating package script '/home/user/Desktop/ur_pick/ros2_ws/install/onrobot_description/share/onrobot_description/package.zsh'
[2.079s] Level 1:colcon.colcon_core.environment:create_file_with_runtime_dependencies(/home/user/Desktop/ur_pick/ros2_ws/install/onrobot_description/share/colcon-core/packages/onrobot_description)
[2.079s] Level 1:colcon.colcon_core.environment:create_environment_scripts_only(onrobot_description)
[2.079s] Level 1:colcon.colcon_core.environment:checking '/home/user/Desktop/ur_pick/ros2_ws/install/onrobot_description' for CMake module files
[2.080s] Level 1:colcon.colcon_core.environment:checking '/home/user/Desktop/ur_pick/ros2_ws/install/onrobot_description' for CMake config files
[2.080s] Level 1:colcon.colcon_core.shell:create_environment_hook('onrobot_description', 'cmake_prefix_path')
[2.080s] INFO:colcon.colcon_core.shell:Creating environment hook '/home/user/Desktop/ur_pick/ros2_ws/install/onrobot_description/share/onrobot_description/hook/cmake_prefix_path.ps1'
[2.081s] INFO:colcon.colcon_core.shell:Creating environment descriptor '/home/user/Desktop/ur_pick/ros2_ws/install/onrobot_description/share/onrobot_description/hook/cmake_prefix_path.dsv'
[2.081s] INFO:colcon.colcon_core.shell:Creating environment hook '/home/user/Desktop/ur_pick/ros2_ws/install/onrobot_description/share/onrobot_description/hook/cmake_prefix_path.sh'
[2.082s] Level 1:colcon.colcon_core.environment:checking '/home/user/Desktop/ur_pick/ros2_ws/install/onrobot_description/bin'
[2.082s] Level 1:colcon.colcon_core.environment:checking '/home/user/Desktop/ur_pick/ros2_ws/install/onrobot_description/lib/pkgconfig/onrobot_description.pc'
[2.082s] Level 1:colcon.colcon_core.environment:checking '/home/user/Desktop/ur_pick/ros2_ws/install/onrobot_description/lib/python3.10/site-packages'
[2.082s] Level 1:colcon.colcon_core.environment:checking '/home/user/Desktop/ur_pick/ros2_ws/install/onrobot_description/bin'
[2.083s] INFO:colcon.colcon_core.shell:Creating package script '/home/user/Desktop/ur_pick/ros2_ws/install/onrobot_description/share/onrobot_description/package.ps1'
[2.083s] INFO:colcon.colcon_core.shell:Creating package descriptor '/home/user/Desktop/ur_pick/ros2_ws/install/onrobot_description/share/onrobot_description/package.dsv'
[2.083s] INFO:colcon.colcon_core.shell:Creating package script '/home/user/Desktop/ur_pick/ros2_ws/install/onrobot_description/share/onrobot_description/package.sh'
[2.084s] INFO:colcon.colcon_core.shell:Creating package script '/home/user/Desktop/ur_pick/ros2_ws/install/onrobot_description/share/onrobot_description/package.bash'
[2.084s] INFO:colcon.colcon_core.shell:Creating package script '/home/user/Desktop/ur_pick/ros2_ws/install/onrobot_description/share/onrobot_description/package.zsh'
[2.084s] Level 1:colcon.colcon_core.environment:create_file_with_runtime_dependencies(/home/user/Desktop/ur_pick/ros2_ws/install/onrobot_description/share/colcon-core/packages/onrobot_description)
[2.085s] INFO:colcon.colcon_ros.task.ament_cmake.build:Building ROS package in '/home/user/Desktop/ur_pick/ros2_ws/src/onrobot_driver' with build type 'ament_cmake'
[2.085s] INFO:colcon.colcon_cmake.task.cmake.build:Building CMake package in '/home/user/Desktop/ur_pick/ros2_ws/src/onrobot_driver'
[2.085s] INFO:colcon.colcon_core.shell:Skip shell extension 'powershell' for command environment: Not usable outside of PowerShell
[2.085s] DEBUG:colcon.colcon_core.shell:Skip shell extension 'dsv' for command environment
[2.089s] INFO:colcon.colcon_ros.task.ament_cmake.build:Building ROS package in '/home/user/Desktop/ur_pick/ros2_ws/src/UR_OnRobot_ROS2/ur_onrobot_description' with build type 'ament_cmake'
[2.089s] INFO:colcon.colcon_cmake.task.cmake.build:Building CMake package in '/home/user/Desktop/ur_pick/ros2_ws/src/UR_OnRobot_ROS2/ur_onrobot_description'
[2.089s] INFO:colcon.colcon_core.shell:Skip shell extension 'powershell' for command environment: Not usable outside of PowerShell
[2.090s] DEBUG:colcon.colcon_core.shell:Skip shell extension 'dsv' for command environment
[2.097s] DEBUG:colcon.colcon_core.event_handler.log_command:Invoking command in '/home/user/Desktop/ur_pick/ros2_ws/build/onrobot_driver': AMENT_PREFIX_PATH=/home/user/Desktop/ur_pick/ros2_ws/install/onrobot_description:${AMENT_PREFIX_PATH} CMAKE_PREFIX_PATH=/home/user/Desktop/ur_pick/ros2_ws/install/onrobot_description:/opt/ros/humble /usr/bin/cmake /home/user/Desktop/ur_pick/ros2_ws/src/onrobot_driver -DAMENT_CMAKE_SYMLINK_INSTALL=1 -DCMAKE_INSTALL_PREFIX=/home/user/Desktop/ur_pick/ros2_ws/install/onrobot_driver
[2.100s] DEBUG:colcon.colcon_core.event_handler.log_command:Invoking command in '/home/user/Desktop/ur_pick/ros2_ws/build/ur_onrobot_description': AMENT_PREFIX_PATH=/home/user/Desktop/ur_pick/ros2_ws/install/onrobot_description:${AMENT_PREFIX_PATH} CMAKE_PREFIX_PATH=/home/user/Desktop/ur_pick/ros2_ws/install/onrobot_description:/opt/ros/humble /usr/bin/cmake /home/user/Desktop/ur_pick/ros2_ws/src/UR_OnRobot_ROS2/ur_onrobot_description -DAMENT_CMAKE_SYMLINK_INSTALL=1 -DCMAKE_INSTALL_PREFIX=/home/user/Desktop/ur_pick/ros2_ws/install/ur_onrobot_description
[2.792s] DEBUG:colcon.colcon_core.event_handler.log_command:Invoked command in '/home/user/Desktop/ur_pick/ros2_ws/build/ur_onrobot_description' returned '0': AMENT_PREFIX_PATH=/home/user/Desktop/ur_pick/ros2_ws/install/onrobot_description:${AMENT_PREFIX_PATH} CMAKE_PREFIX_PATH=/home/user/Desktop/ur_pick/ros2_ws/install/onrobot_description:/opt/ros/humble /usr/bin/cmake /home/user/Desktop/ur_pick/ros2_ws/src/UR_OnRobot_ROS2/ur_onrobot_description -DAMENT_CMAKE_SYMLINK_INSTALL=1 -DCMAKE_INSTALL_PREFIX=/home/user/Desktop/ur_pick/ros2_ws/install/ur_onrobot_description
[2.794s] DEBUG:colcon.colcon_core.event_handler.log_command:Invoking command in '/home/user/Desktop/ur_pick/ros2_ws/build/ur_onrobot_description': AMENT_PREFIX_PATH=/home/user/Desktop/ur_pick/ros2_ws/install/onrobot_description:${AMENT_PREFIX_PATH} CMAKE_PREFIX_PATH=/home/user/Desktop/ur_pick/ros2_ws/install/onrobot_description:/opt/ros/humble /usr/bin/cmake --build /home/user/Desktop/ur_pick/ros2_ws/build/ur_onrobot_description -- -j15 -l15
[2.844s] DEBUG:colcon.colcon_core.event_handler.log_command:Invoked command in '/home/user/Desktop/ur_pick/ros2_ws/build/ur_onrobot_description' returned '0': AMENT_PREFIX_PATH=/home/user/Desktop/ur_pick/ros2_ws/install/onrobot_description:${AMENT_PREFIX_PATH} CMAKE_PREFIX_PATH=/home/user/Desktop/ur_pick/ros2_ws/install/onrobot_description:/opt/ros/humble /usr/bin/cmake --build /home/user/Desktop/ur_pick/ros2_ws/build/ur_onrobot_description -- -j15 -l15
[2.847s] DEBUG:colcon.colcon_core.event_handler.log_command:Invoking command in '/home/user/Desktop/ur_pick/ros2_ws/build/ur_onrobot_description': AMENT_PREFIX_PATH=/home/user/Desktop/ur_pick/ros2_ws/install/onrobot_description:${AMENT_PREFIX_PATH} CMAKE_PREFIX_PATH=/home/user/Desktop/ur_pick/ros2_ws/install/onrobot_description:/opt/ros/humble /usr/bin/cmake --install /home/user/Desktop/ur_pick/ros2_ws/build/ur_onrobot_description
[3.110s] Level 1:colcon.colcon_core.environment:create_environment_scripts_only(ur_onrobot_description)
[3.110s] Level 1:colcon.colcon_core.environment:checking '/home/user/Desktop/ur_pick/ros2_ws/install/ur_onrobot_description' for CMake module files
[3.111s] DEBUG:colcon.colcon_core.event_handler.log_command:Invoked command in '/home/user/Desktop/ur_pick/ros2_ws/build/ur_onrobot_description' returned '0': AMENT_PREFIX_PATH=/home/user/Desktop/ur_pick/ros2_ws/install/onrobot_description:${AMENT_PREFIX_PATH} CMAKE_PREFIX_PATH=/home/user/Desktop/ur_pick/ros2_ws/install/onrobot_description:/opt/ros/humble /usr/bin/cmake --install /home/user/Desktop/ur_pick/ros2_ws/build/ur_onrobot_description
[3.111s] Level 1:colcon.colcon_core.environment:checking '/home/user/Desktop/ur_pick/ros2_ws/install/ur_onrobot_description' for CMake config files
[3.111s] Level 1:colcon.colcon_core.shell:create_environment_hook('ur_onrobot_description', 'cmake_prefix_path')
[3.112s] INFO:colcon.colcon_core.shell:Creating environment hook '/home/user/Desktop/ur_pick/ros2_ws/install/ur_onrobot_description/share/ur_onrobot_description/hook/cmake_prefix_path.ps1'
[3.112s] INFO:colcon.colcon_core.shell:Creating environment descriptor '/home/user/Desktop/ur_pick/ros2_ws/install/ur_onrobot_description/share/ur_onrobot_description/hook/cmake_prefix_path.dsv'
[3.112s] INFO:colcon.colcon_core.shell:Creating environment hook '/home/user/Desktop/ur_pick/ros2_ws/install/ur_onrobot_description/share/ur_onrobot_description/hook/cmake_prefix_path.sh'
[3.113s] Level 1:colcon.colcon_core.environment:checking '/home/user/Desktop/ur_pick/ros2_ws/install/ur_onrobot_description/bin'
[3.113s] Level 1:colcon.colcon_core.environment:checking '/home/user/Desktop/ur_pick/ros2_ws/install/ur_onrobot_description/lib/pkgconfig/ur_onrobot_description.pc'
[3.113s] Level 1:colcon.colcon_core.environment:checking '/home/user/Desktop/ur_pick/ros2_ws/install/ur_onrobot_description/lib/python3.10/site-packages'
[3.113s] Level 1:colcon.colcon_core.environment:checking '/home/user/Desktop/ur_pick/ros2_ws/install/ur_onrobot_description/bin'
[3.114s] INFO:colcon.colcon_core.shell:Creating package script '/home/user/Desktop/ur_pick/ros2_ws/install/ur_onrobot_description/share/ur_onrobot_description/package.ps1'
[3.114s] INFO:colcon.colcon_core.shell:Creating package descriptor '/home/user/Desktop/ur_pick/ros2_ws/install/ur_onrobot_description/share/ur_onrobot_description/package.dsv'
[3.114s] INFO:colcon.colcon_core.shell:Creating package script '/home/user/Desktop/ur_pick/ros2_ws/install/ur_onrobot_description/share/ur_onrobot_description/package.sh'
[3.114s] INFO:colcon.colcon_core.shell:Creating package script '/home/user/Desktop/ur_pick/ros2_ws/install/ur_onrobot_description/share/ur_onrobot_description/package.bash'
[3.115s] INFO:colcon.colcon_core.shell:Creating package script '/home/user/Desktop/ur_pick/ros2_ws/install/ur_onrobot_description/share/ur_onrobot_description/package.zsh'
[3.115s] Level 1:colcon.colcon_core.environment:create_file_with_runtime_dependencies(/home/user/Desktop/ur_pick/ros2_ws/install/ur_onrobot_description/share/colcon-core/packages/ur_onrobot_description)
[3.115s] Level 1:colcon.colcon_core.environment:create_environment_scripts_only(ur_onrobot_description)
[3.116s] Level 1:colcon.colcon_core.environment:checking '/home/user/Desktop/ur_pick/ros2_ws/install/ur_onrobot_description' for CMake module files
[3.116s] Level 1:colcon.colcon_core.environment:checking '/home/user/Desktop/ur_pick/ros2_ws/install/ur_onrobot_description' for CMake config files
[3.117s] Level 1:colcon.colcon_core.shell:create_environment_hook('ur_onrobot_description', 'cmake_prefix_path')
[3.117s] INFO:colcon.colcon_core.shell:Creating environment hook '/home/user/Desktop/ur_pick/ros2_ws/install/ur_onrobot_description/share/ur_onrobot_description/hook/cmake_prefix_path.ps1'
[3.117s] INFO:colcon.colcon_core.shell:Creating environment descriptor '/home/user/Desktop/ur_pick/ros2_ws/install/ur_onrobot_description/share/ur_onrobot_description/hook/cmake_prefix_path.dsv'
[3.117s] INFO:colcon.colcon_core.shell:Creating environment hook '/home/user/Desktop/ur_pick/ros2_ws/install/ur_onrobot_description/share/ur_onrobot_description/hook/cmake_prefix_path.sh'
[3.118s] Level 1:colcon.colcon_core.environment:checking '/home/user/Desktop/ur_pick/ros2_ws/install/ur_onrobot_description/bin'
[3.118s] Level 1:colcon.colcon_core.environment:checking '/home/user/Desktop/ur_pick/ros2_ws/install/ur_onrobot_description/lib/pkgconfig/ur_onrobot_description.pc'
[3.118s] Level 1:colcon.colcon_core.environment:checking '/home/user/Desktop/ur_pick/ros2_ws/install/ur_onrobot_description/lib/python3.10/site-packages'
[3.118s] Level 1:colcon.colcon_core.environment:checking '/home/user/Desktop/ur_pick/ros2_ws/install/ur_onrobot_description/bin'
[3.118s] INFO:colcon.colcon_core.shell:Creating package script '/home/user/Desktop/ur_pick/ros2_ws/install/ur_onrobot_description/share/ur_onrobot_description/package.ps1'
[3.119s] INFO:colcon.colcon_core.shell:Creating package descriptor '/home/user/Desktop/ur_pick/ros2_ws/install/ur_onrobot_description/share/ur_onrobot_description/package.dsv'
[3.119s] INFO:colcon.colcon_core.shell:Creating package script '/home/user/Desktop/ur_pick/ros2_ws/install/ur_onrobot_description/share/ur_onrobot_description/package.sh'
[3.119s] INFO:colcon.colcon_core.shell:Creating package script '/home/user/Desktop/ur_pick/ros2_ws/install/ur_onrobot_description/share/ur_onrobot_description/package.bash'
[3.120s] INFO:colcon.colcon_core.shell:Creating package script '/home/user/Desktop/ur_pick/ros2_ws/install/ur_onrobot_description/share/ur_onrobot_description/package.zsh'
[3.120s] Level 1:colcon.colcon_core.environment:create_file_with_runtime_dependencies(/home/user/Desktop/ur_pick/ros2_ws/install/ur_onrobot_description/share/colcon-core/packages/ur_onrobot_description)
[3.891s] DEBUG:colcon.colcon_core.event_handler.log_command:Invoked command in '/home/user/Desktop/ur_pick/ros2_ws/build/onrobot_driver' returned '0': AMENT_PREFIX_PATH=/home/user/Desktop/ur_pick/ros2_ws/install/onrobot_description:${AMENT_PREFIX_PATH} CMAKE_PREFIX_PATH=/home/user/Desktop/ur_pick/ros2_ws/install/onrobot_description:/opt/ros/humble /usr/bin/cmake /home/user/Desktop/ur_pick/ros2_ws/src/onrobot_driver -DAMENT_CMAKE_SYMLINK_INSTALL=1 -DCMAKE_INSTALL_PREFIX=/home/user/Desktop/ur_pick/ros2_ws/install/onrobot_driver
[3.893s] DEBUG:colcon.colcon_core.event_handler.log_command:Invoking command in '/home/user/Desktop/ur_pick/ros2_ws/build/onrobot_driver': AMENT_PREFIX_PATH=/home/user/Desktop/ur_pick/ros2_ws/install/onrobot_description:${AMENT_PREFIX_PATH} CMAKE_PREFIX_PATH=/home/user/Desktop/ur_pick/ros2_ws/install/onrobot_description:/opt/ros/humble /usr/bin/cmake --build /home/user/Desktop/ur_pick/ros2_ws/build/onrobot_driver -- -j15 -l15
[9.061s] DEBUG:colcon.colcon_core.event_handler.log_command:Invoked command in '/home/user/Desktop/ur_pick/ros2_ws/build/onrobot_driver' returned '0': AMENT_PREFIX_PATH=/home/user/Desktop/ur_pick/ros2_ws/install/onrobot_description:${AMENT_PREFIX_PATH} CMAKE_PREFIX_PATH=/home/user/Desktop/ur_pick/ros2_ws/install/onrobot_description:/opt/ros/humble /usr/bin/cmake --build /home/user/Desktop/ur_pick/ros2_ws/build/onrobot_driver -- -j15 -l15
[9.062s] DEBUG:colcon.colcon_core.event_handler.log_command:Invoking command in '/home/user/Desktop/ur_pick/ros2_ws/build/onrobot_driver': AMENT_PREFIX_PATH=/home/user/Desktop/ur_pick/ros2_ws/install/onrobot_description:${AMENT_PREFIX_PATH} CMAKE_PREFIX_PATH=/home/user/Desktop/ur_pick/ros2_ws/install/onrobot_description:/opt/ros/humble /usr/bin/cmake --install /home/user/Desktop/ur_pick/ros2_ws/build/onrobot_driver
[14.977s] Level 1:colcon.colcon_core.environment:create_environment_scripts_only(onrobot_driver)
[14.978s] Level 1:colcon.colcon_core.environment:checking '/home/user/Desktop/ur_pick/ros2_ws/install/onrobot_driver' for CMake module files
[14.978s] DEBUG:colcon.colcon_core.event_handler.log_command:Invoked command in '/home/user/Desktop/ur_pick/ros2_ws/build/onrobot_driver' returned '0': AMENT_PREFIX_PATH=/home/user/Desktop/ur_pick/ros2_ws/install/onrobot_description:${AMENT_PREFIX_PATH} CMAKE_PREFIX_PATH=/home/user/Desktop/ur_pick/ros2_ws/install/onrobot_description:/opt/ros/humble /usr/bin/cmake --install /home/user/Desktop/ur_pick/ros2_ws/build/onrobot_driver
[14.979s] Level 1:colcon.colcon_core.environment:checking '/home/user/Desktop/ur_pick/ros2_ws/install/onrobot_driver' for CMake config files
[14.980s] Level 1:colcon.colcon_core.shell:create_environment_hook('onrobot_driver', 'cmake_prefix_path')
[14.980s] INFO:colcon.colcon_core.shell:Creating environment hook '/home/user/Desktop/ur_pick/ros2_ws/install/onrobot_driver/share/onrobot_driver/hook/cmake_prefix_path.ps1'
[14.981s] INFO:colcon.colcon_core.shell:Creating environment descriptor '/home/user/Desktop/ur_pick/ros2_ws/install/onrobot_driver/share/onrobot_driver/hook/cmake_prefix_path.dsv'
[14.982s] INFO:colcon.colcon_core.shell:Creating environment hook '/home/user/Desktop/ur_pick/ros2_ws/install/onrobot_driver/share/onrobot_driver/hook/cmake_prefix_path.sh'
[14.982s] Level 1:colcon.colcon_core.environment:checking '/home/user/Desktop/ur_pick/ros2_ws/install/onrobot_driver/lib'
[14.983s] Level 1:colcon.colcon_core.shell:create_environment_hook('onrobot_driver', 'ld_library_path_lib')
[14.983s] INFO:colcon.colcon_core.shell:Creating environment hook '/home/user/Desktop/ur_pick/ros2_ws/install/onrobot_driver/share/onrobot_driver/hook/ld_library_path_lib.ps1'
[14.984s] INFO:colcon.colcon_core.shell:Creating environment descriptor '/home/user/Desktop/ur_pick/ros2_ws/install/onrobot_driver/share/onrobot_driver/hook/ld_library_path_lib.dsv'
[14.984s] INFO:colcon.colcon_core.shell:Creating environment hook '/home/user/Desktop/ur_pick/ros2_ws/install/onrobot_driver/share/onrobot_driver/hook/ld_library_path_lib.sh'
[14.984s] Level 1:colcon.colcon_core.environment:checking '/home/user/Desktop/ur_pick/ros2_ws/install/onrobot_driver/bin'
[14.984s] Level 1:colcon.colcon_core.environment:checking '/home/user/Desktop/ur_pick/ros2_ws/install/onrobot_driver/lib/pkgconfig/onrobot_driver.pc'
[14.984s] Level 1:colcon.colcon_core.environment:checking '/home/user/Desktop/ur_pick/ros2_ws/install/onrobot_driver/lib/python3.10/site-packages'
[14.985s] Level 1:colcon.colcon_core.environment:checking '/home/user/Desktop/ur_pick/ros2_ws/install/onrobot_driver/bin'
[14.985s] INFO:colcon.colcon_core.shell:Creating package script '/home/user/Desktop/ur_pick/ros2_ws/install/onrobot_driver/share/onrobot_driver/package.ps1'
[14.985s] INFO:colcon.colcon_core.shell:Creating package descriptor '/home/user/Desktop/ur_pick/ros2_ws/install/onrobot_driver/share/onrobot_driver/package.dsv'
[14.986s] INFO:colcon.colcon_core.shell:Creating package script '/home/user/Desktop/ur_pick/ros2_ws/install/onrobot_driver/share/onrobot_driver/package.sh'
[14.986s] INFO:colcon.colcon_core.shell:Creating package script '/home/user/Desktop/ur_pick/ros2_ws/install/onrobot_driver/share/onrobot_driver/package.bash'
[14.986s] INFO:colcon.colcon_core.shell:Creating package script '/home/user/Desktop/ur_pick/ros2_ws/install/onrobot_driver/share/onrobot_driver/package.zsh'
[14.986s] Level 1:colcon.colcon_core.environment:create_file_with_runtime_dependencies(/home/user/Desktop/ur_pick/ros2_ws/install/onrobot_driver/share/colcon-core/packages/onrobot_driver)
[14.987s] Level 1:colcon.colcon_core.environment:create_environment_scripts_only(onrobot_driver)
[14.987s] Level 1:colcon.colcon_core.environment:checking '/home/user/Desktop/ur_pick/ros2_ws/install/onrobot_driver' for CMake module files
[14.988s] Level 1:colcon.colcon_core.environment:checking '/home/user/Desktop/ur_pick/ros2_ws/install/onrobot_driver' for CMake config files
[14.988s] Level 1:colcon.colcon_core.shell:create_environment_hook('onrobot_driver', 'cmake_prefix_path')
[14.988s] INFO:colcon.colcon_core.shell:Creating environment hook '/home/user/Desktop/ur_pick/ros2_ws/install/onrobot_driver/share/onrobot_driver/hook/cmake_prefix_path.ps1'
[14.988s] INFO:colcon.colcon_core.shell:Creating environment descriptor '/home/user/Desktop/ur_pick/ros2_ws/install/onrobot_driver/share/onrobot_driver/hook/cmake_prefix_path.dsv'
[14.989s] INFO:colcon.colcon_core.shell:Creating environment hook '/home/user/Desktop/ur_pick/ros2_ws/install/onrobot_driver/share/onrobot_driver/hook/cmake_prefix_path.sh'
[14.989s] Level 1:colcon.colcon_core.environment:checking '/home/user/Desktop/ur_pick/ros2_ws/install/onrobot_driver/lib'
[14.989s] Level 1:colcon.colcon_core.shell:create_environment_hook('onrobot_driver', 'ld_library_path_lib')
[14.989s] INFO:colcon.colcon_core.shell:Creating environment hook '/home/user/Desktop/ur_pick/ros2_ws/install/onrobot_driver/share/onrobot_driver/hook/ld_library_path_lib.ps1'
[14.990s] INFO:colcon.colcon_core.shell:Creating environment descriptor '/home/user/Desktop/ur_pick/ros2_ws/install/onrobot_driver/share/onrobot_driver/hook/ld_library_path_lib.dsv'
[14.990s] INFO:colcon.colcon_core.shell:Creating environment hook '/home/user/Desktop/ur_pick/ros2_ws/install/onrobot_driver/share/onrobot_driver/hook/ld_library_path_lib.sh'
[14.990s] Level 1:colcon.colcon_core.environment:checking '/home/user/Desktop/ur_pick/ros2_ws/install/onrobot_driver/bin'
[14.990s] Level 1:colcon.colcon_core.environment:checking '/home/user/Desktop/ur_pick/ros2_ws/install/onrobot_driver/lib/pkgconfig/onrobot_driver.pc'
[14.990s] Level 1:colcon.colcon_core.environment:checking '/home/user/Desktop/ur_pick/ros2_ws/install/onrobot_driver/lib/python3.10/site-packages'
[14.991s] Level 1:colcon.colcon_core.environment:checking '/home/user/Desktop/ur_pick/ros2_ws/install/onrobot_driver/bin'
[14.991s] INFO:colcon.colcon_core.shell:Creating package script '/home/user/Desktop/ur_pick/ros2_ws/install/onrobot_driver/share/onrobot_driver/package.ps1'
[14.991s] INFO:colcon.colcon_core.shell:Creating package descriptor '/home/user/Desktop/ur_pick/ros2_ws/install/onrobot_driver/share/onrobot_driver/package.dsv'
[14.992s] INFO:colcon.colcon_core.shell:Creating package script '/home/user/Desktop/ur_pick/ros2_ws/install/onrobot_driver/share/onrobot_driver/package.sh'
[14.992s] INFO:colcon.colcon_core.shell:Creating package script '/home/user/Desktop/ur_pick/ros2_ws/install/onrobot_driver/share/onrobot_driver/package.bash'
[14.992s] INFO:colcon.colcon_core.shell:Creating package script '/home/user/Desktop/ur_pick/ros2_ws/install/onrobot_driver/share/onrobot_driver/package.zsh'
[14.993s] Level 1:colcon.colcon_core.environment:create_file_with_runtime_dependencies(/home/user/Desktop/ur_pick/ros2_ws/install/onrobot_driver/share/colcon-core/packages/onrobot_driver)
[14.993s] INFO:colcon.colcon_ros.task.ament_cmake.build:Building ROS package in '/home/user/Desktop/ur_pick/ros2_ws/src/UR_OnRobot_ROS2/ur_onrobot_control' with build type 'ament_cmake'
[14.993s] INFO:colcon.colcon_cmake.task.cmake.build:Building CMake package in '/home/user/Desktop/ur_pick/ros2_ws/src/UR_OnRobot_ROS2/ur_onrobot_control'
[14.993s] INFO:colcon.colcon_core.shell:Skip shell extension 'powershell' for command environment: Not usable outside of PowerShell
[14.993s] DEBUG:colcon.colcon_core.shell:Skip shell extension 'dsv' for command environment
[15.011s] DEBUG:colcon.colcon_core.event_handler.log_command:Invoking command in '/home/user/Desktop/ur_pick/ros2_ws/build/ur_onrobot_control': AMENT_PREFIX_PATH=/home/user/Desktop/ur_pick/ros2_ws/install/ur_onrobot_description:/home/user/Desktop/ur_pick/ros2_ws/install/onrobot_driver:/home/user/Desktop/ur_pick/ros2_ws/install/onrobot_description:${AMENT_PREFIX_PATH} CMAKE_PREFIX_PATH=/home/user/Desktop/ur_pick/ros2_ws/install/ur_onrobot_description:/home/user/Desktop/ur_pick/ros2_ws/install/onrobot_driver:/home/user/Desktop/ur_pick/ros2_ws/install/onrobot_description:/opt/ros/humble LD_LIBRARY_PATH=/home/user/Desktop/ur_pick/ros2_ws/install/onrobot_driver/lib:${LD_LIBRARY_PATH} /usr/bin/cmake /home/user/Desktop/ur_pick/ros2_ws/src/UR_OnRobot_ROS2/ur_onrobot_control -DAMENT_CMAKE_SYMLINK_INSTALL=1 -DCMAKE_INSTALL_PREFIX=/home/user/Desktop/ur_pick/ros2_ws/install/ur_onrobot_control
[15.721s] DEBUG:colcon.colcon_core.event_handler.log_command:Invoked command in '/home/user/Desktop/ur_pick/ros2_ws/build/ur_onrobot_control' returned '0': AMENT_PREFIX_PATH=/home/user/Desktop/ur_pick/ros2_ws/install/ur_onrobot_description:/home/user/Desktop/ur_pick/ros2_ws/install/onrobot_driver:/home/user/Desktop/ur_pick/ros2_ws/install/onrobot_description:${AMENT_PREFIX_PATH} CMAKE_PREFIX_PATH=/home/user/Desktop/ur_pick/ros2_ws/install/ur_onrobot_description:/home/user/Desktop/ur_pick/ros2_ws/install/onrobot_driver:/home/user/Desktop/ur_pick/ros2_ws/install/onrobot_description:/opt/ros/humble LD_LIBRARY_PATH=/home/user/Desktop/ur_pick/ros2_ws/install/onrobot_driver/lib:${LD_LIBRARY_PATH} /usr/bin/cmake /home/user/Desktop/ur_pick/ros2_ws/src/UR_OnRobot_ROS2/ur_onrobot_control -DAMENT_CMAKE_SYMLINK_INSTALL=1 -DCMAKE_INSTALL_PREFIX=/home/user/Desktop/ur_pick/ros2_ws/install/ur_onrobot_control
[15.722s] DEBUG:colcon.colcon_core.event_handler.log_command:Invoking command in '/home/user/Desktop/ur_pick/ros2_ws/build/ur_onrobot_control': AMENT_PREFIX_PATH=/home/user/Desktop/ur_pick/ros2_ws/install/ur_onrobot_description:/home/user/Desktop/ur_pick/ros2_ws/install/onrobot_driver:/home/user/Desktop/ur_pick/ros2_ws/install/onrobot_description:${AMENT_PREFIX_PATH} CMAKE_PREFIX_PATH=/home/user/Desktop/ur_pick/ros2_ws/install/ur_onrobot_description:/home/user/Desktop/ur_pick/ros2_ws/install/onrobot_driver:/home/user/Desktop/ur_pick/ros2_ws/install/onrobot_description:/opt/ros/humble LD_LIBRARY_PATH=/home/user/Desktop/ur_pick/ros2_ws/install/onrobot_driver/lib:${LD_LIBRARY_PATH} /usr/bin/cmake --build /home/user/Desktop/ur_pick/ros2_ws/build/ur_onrobot_control -- -j15 -l15
[15.780s] DEBUG:colcon.colcon_core.event_handler.log_command:Invoked command in '/home/user/Desktop/ur_pick/ros2_ws/build/ur_onrobot_control' returned '0': AMENT_PREFIX_PATH=/home/user/Desktop/ur_pick/ros2_ws/install/ur_onrobot_description:/home/user/Desktop/ur_pick/ros2_ws/install/onrobot_driver:/home/user/Desktop/ur_pick/ros2_ws/install/onrobot_description:${AMENT_PREFIX_PATH} CMAKE_PREFIX_PATH=/home/user/Desktop/ur_pick/ros2_ws/install/ur_onrobot_description:/home/user/Desktop/ur_pick/ros2_ws/install/onrobot_driver:/home/user/Desktop/ur_pick/ros2_ws/install/onrobot_description:/opt/ros/humble LD_LIBRARY_PATH=/home/user/Desktop/ur_pick/ros2_ws/install/onrobot_driver/lib:${LD_LIBRARY_PATH} /usr/bin/cmake --build /home/user/Desktop/ur_pick/ros2_ws/build/ur_onrobot_control -- -j15 -l15
[15.782s] DEBUG:colcon.colcon_core.event_handler.log_command:Invoking command in '/home/user/Desktop/ur_pick/ros2_ws/build/ur_onrobot_control': AMENT_PREFIX_PATH=/home/user/Desktop/ur_pick/ros2_ws/install/ur_onrobot_description:/home/user/Desktop/ur_pick/ros2_ws/install/onrobot_driver:/home/user/Desktop/ur_pick/ros2_ws/install/onrobot_description:${AMENT_PREFIX_PATH} CMAKE_PREFIX_PATH=/home/user/Desktop/ur_pick/ros2_ws/install/ur_onrobot_description:/home/user/Desktop/ur_pick/ros2_ws/install/onrobot_driver:/home/user/Desktop/ur_pick/ros2_ws/install/onrobot_description:/opt/ros/humble LD_LIBRARY_PATH=/home/user/Desktop/ur_pick/ros2_ws/install/onrobot_driver/lib:${LD_LIBRARY_PATH} /usr/bin/cmake --install /home/user/Desktop/ur_pick/ros2_ws/build/ur_onrobot_control
[16.004s] Level 1:colcon.colcon_core.environment:create_environment_scripts_only(ur_onrobot_control)
[16.005s] Level 1:colcon.colcon_core.environment:checking '/home/user/Desktop/ur_pick/ros2_ws/install/ur_onrobot_control' for CMake module files
[16.005s] DEBUG:colcon.colcon_core.event_handler.log_command:Invoked command in '/home/user/Desktop/ur_pick/ros2_ws/build/ur_onrobot_control' returned '0': AMENT_PREFIX_PATH=/home/user/Desktop/ur_pick/ros2_ws/install/ur_onrobot_description:/home/user/Desktop/ur_pick/ros2_ws/install/onrobot_driver:/home/user/Desktop/ur_pick/ros2_ws/install/onrobot_description:${AMENT_PREFIX_PATH} CMAKE_PREFIX_PATH=/home/user/Desktop/ur_pick/ros2_ws/install/ur_onrobot_description:/home/user/Desktop/ur_pick/ros2_ws/install/onrobot_driver:/home/user/Desktop/ur_pick/ros2_ws/install/onrobot_description:/opt/ros/humble LD_LIBRARY_PATH=/home/user/Desktop/ur_pick/ros2_ws/install/onrobot_driver/lib:${LD_LIBRARY_PATH} /usr/bin/cmake --install /home/user/Desktop/ur_pick/ros2_ws/build/ur_onrobot_control
[16.006s] Level 1:colcon.colcon_core.environment:checking '/home/user/Desktop/ur_pick/ros2_ws/install/ur_onrobot_control' for CMake config files
[16.006s] Level 1:colcon.colcon_core.shell:create_environment_hook('ur_onrobot_control', 'cmake_prefix_path')
[16.007s] INFO:colcon.colcon_core.shell:Creating environment hook '/home/user/Desktop/ur_pick/ros2_ws/install/ur_onrobot_control/share/ur_onrobot_control/hook/cmake_prefix_path.ps1'
[16.007s] INFO:colcon.colcon_core.shell:Creating environment descriptor '/home/user/Desktop/ur_pick/ros2_ws/install/ur_onrobot_control/share/ur_onrobot_control/hook/cmake_prefix_path.dsv'
[16.008s] INFO:colcon.colcon_core.shell:Creating environment hook '/home/user/Desktop/ur_pick/ros2_ws/install/ur_onrobot_control/share/ur_onrobot_control/hook/cmake_prefix_path.sh'
[16.008s] Level 1:colcon.colcon_core.environment:checking '/home/user/Desktop/ur_pick/ros2_ws/install/ur_onrobot_control/bin'
[16.008s] Level 1:colcon.colcon_core.environment:checking '/home/user/Desktop/ur_pick/ros2_ws/install/ur_onrobot_control/lib/pkgconfig/ur_onrobot_control.pc'
[16.009s] Level 1:colcon.colcon_core.environment:checking '/home/user/Desktop/ur_pick/ros2_ws/install/ur_onrobot_control/lib/python3.10/site-packages'
[16.009s] Level 1:colcon.colcon_core.environment:checking '/home/user/Desktop/ur_pick/ros2_ws/install/ur_onrobot_control/bin'
[16.009s] INFO:colcon.colcon_core.shell:Creating package script '/home/user/Desktop/ur_pick/ros2_ws/install/ur_onrobot_control/share/ur_onrobot_control/package.ps1'
[16.010s] INFO:colcon.colcon_core.shell:Creating package descriptor '/home/user/Desktop/ur_pick/ros2_ws/install/ur_onrobot_control/share/ur_onrobot_control/package.dsv'
[16.011s] INFO:colcon.colcon_core.shell:Creating package script '/home/user/Desktop/ur_pick/ros2_ws/install/ur_onrobot_control/share/ur_onrobot_control/package.sh'
[16.011s] INFO:colcon.colcon_core.shell:Creating package script '/home/user/Desktop/ur_pick/ros2_ws/install/ur_onrobot_control/share/ur_onrobot_control/package.bash'
[16.011s] INFO:colcon.colcon_core.shell:Creating package script '/home/user/Desktop/ur_pick/ros2_ws/install/ur_onrobot_control/share/ur_onrobot_control/package.zsh'
[16.012s] Level 1:colcon.colcon_core.environment:create_file_with_runtime_dependencies(/home/user/Desktop/ur_pick/ros2_ws/install/ur_onrobot_control/share/colcon-core/packages/ur_onrobot_control)
[16.013s] Level 1:colcon.colcon_core.environment:create_environment_scripts_only(ur_onrobot_control)
[16.013s] Level 1:colcon.colcon_core.environment:checking '/home/user/Desktop/ur_pick/ros2_ws/install/ur_onrobot_control' for CMake module files
[16.013s] Level 1:colcon.colcon_core.environment:checking '/home/user/Desktop/ur_pick/ros2_ws/install/ur_onrobot_control' for CMake config files
[16.014s] Level 1:colcon.colcon_core.shell:create_environment_hook('ur_onrobot_control', 'cmake_prefix_path')
[16.014s] INFO:colcon.colcon_core.shell:Creating environment hook '/home/user/Desktop/ur_pick/ros2_ws/install/ur_onrobot_control/share/ur_onrobot_control/hook/cmake_prefix_path.ps1'
[16.015s] INFO:colcon.colcon_core.shell:Creating environment descriptor '/home/user/Desktop/ur_pick/ros2_ws/install/ur_onrobot_control/share/ur_onrobot_control/hook/cmake_prefix_path.dsv'
[16.015s] INFO:colcon.colcon_core.shell:Creating environment hook '/home/user/Desktop/ur_pick/ros2_ws/install/ur_onrobot_control/share/ur_onrobot_control/hook/cmake_prefix_path.sh'
[16.016s] Level 1:colcon.colcon_core.environment:checking '/home/user/Desktop/ur_pick/ros2_ws/install/ur_onrobot_control/bin'
[16.016s] Level 1:colcon.colcon_core.environment:checking '/home/user/Desktop/ur_pick/ros2_ws/install/ur_onrobot_control/lib/pkgconfig/ur_onrobot_control.pc'
[16.016s] Level 1:colcon.colcon_core.environment:checking '/home/user/Desktop/ur_pick/ros2_ws/install/ur_onrobot_control/lib/python3.10/site-packages'
[16.016s] Level 1:colcon.colcon_core.environment:checking '/home/user/Desktop/ur_pick/ros2_ws/install/ur_onrobot_control/bin'
[16.017s] INFO:colcon.colcon_core.shell:Creating package script '/home/user/Desktop/ur_pick/ros2_ws/install/ur_onrobot_control/share/ur_onrobot_control/package.ps1'
[16.017s] INFO:colcon.colcon_core.shell:Creating package descriptor '/home/user/Desktop/ur_pick/ros2_ws/install/ur_onrobot_control/share/ur_onrobot_control/package.dsv'
[16.017s] INFO:colcon.colcon_core.shell:Creating package script '/home/user/Desktop/ur_pick/ros2_ws/install/ur_onrobot_control/share/ur_onrobot_control/package.sh'
[16.018s] INFO:colcon.colcon_core.shell:Creating package script '/home/user/Desktop/ur_pick/ros2_ws/install/ur_onrobot_control/share/ur_onrobot_control/package.bash'
[16.018s] INFO:colcon.colcon_core.shell:Creating package script '/home/user/Desktop/ur_pick/ros2_ws/install/ur_onrobot_control/share/ur_onrobot_control/package.zsh'
[16.018s] Level 1:colcon.colcon_core.environment:create_file_with_runtime_dependencies(/home/user/Desktop/ur_pick/ros2_ws/install/ur_onrobot_control/share/colcon-core/packages/ur_onrobot_control)
[16.019s] INFO:colcon.colcon_ros.task.ament_cmake.build:Building ROS package in '/home/user/Desktop/ur_pick/ros2_ws/src/UR_OnRobot_ROS2/ur_onrobot_moveit_config' with build type 'ament_cmake'
[16.019s] INFO:colcon.colcon_cmake.task.cmake.build:Building CMake package in '/home/user/Desktop/ur_pick/ros2_ws/src/UR_OnRobot_ROS2/ur_onrobot_moveit_config'
[16.019s] INFO:colcon.colcon_core.shell:Skip shell extension 'powershell' for command environment: Not usable outside of PowerShell
[16.019s] DEBUG:colcon.colcon_core.shell:Skip shell extension 'dsv' for command environment
[16.035s] DEBUG:colcon.colcon_core.event_handler.log_command:Invoking command in '/home/user/Desktop/ur_pick/ros2_ws/build/ur_onrobot_moveit_config': AMENT_PREFIX_PATH=/home/user/Desktop/ur_pick/ros2_ws/install/ur_onrobot_control:/home/user/Desktop/ur_pick/ros2_ws/install/ur_onrobot_description:/home/user/Desktop/ur_pick/ros2_ws/install/onrobot_driver:/home/user/Desktop/ur_pick/ros2_ws/install/onrobot_description:${AMENT_PREFIX_PATH} CMAKE_PREFIX_PATH=/home/user/Desktop/ur_pick/ros2_ws/install/ur_onrobot_control:/home/user/Desktop/ur_pick/ros2_ws/install/ur_onrobot_description:/home/user/Desktop/ur_pick/ros2_ws/install/onrobot_driver:/home/user/Desktop/ur_pick/ros2_ws/install/onrobot_description:/opt/ros/humble LD_LIBRARY_PATH=/home/user/Desktop/ur_pick/ros2_ws/install/onrobot_driver/lib:${LD_LIBRARY_PATH} /usr/bin/cmake /home/user/Desktop/ur_pick/ros2_ws/src/UR_OnRobot_ROS2/ur_onrobot_moveit_config -DAMENT_CMAKE_SYMLINK_INSTALL=1 -DCMAKE_INSTALL_PREFIX=/home/user/Desktop/ur_pick/ros2_ws/install/ur_onrobot_moveit_config
[16.819s] DEBUG:colcon.colcon_core.event_handler.log_command:Invoked command in '/home/user/Desktop/ur_pick/ros2_ws/build/ur_onrobot_moveit_config' returned '0': AMENT_PREFIX_PATH=/home/user/Desktop/ur_pick/ros2_ws/install/ur_onrobot_control:/home/user/Desktop/ur_pick/ros2_ws/install/ur_onrobot_description:/home/user/Desktop/ur_pick/ros2_ws/install/onrobot_driver:/home/user/Desktop/ur_pick/ros2_ws/install/onrobot_description:${AMENT_PREFIX_PATH} CMAKE_PREFIX_PATH=/home/user/Desktop/ur_pick/ros2_ws/install/ur_onrobot_control:/home/user/Desktop/ur_pick/ros2_ws/install/ur_onrobot_description:/home/user/Desktop/ur_pick/ros2_ws/install/onrobot_driver:/home/user/Desktop/ur_pick/ros2_ws/install/onrobot_description:/opt/ros/humble LD_LIBRARY_PATH=/home/user/Desktop/ur_pick/ros2_ws/install/onrobot_driver/lib:${LD_LIBRARY_PATH} /usr/bin/cmake /home/user/Desktop/ur_pick/ros2_ws/src/UR_OnRobot_ROS2/ur_onrobot_moveit_config -DAMENT_CMAKE_SYMLINK_INSTALL=1 -DCMAKE_INSTALL_PREFIX=/home/user/Desktop/ur_pick/ros2_ws/install/ur_onrobot_moveit_config
[16.821s] DEBUG:colcon.colcon_core.event_handler.log_command:Invoking command in '/home/user/Desktop/ur_pick/ros2_ws/build/ur_onrobot_moveit_config': AMENT_PREFIX_PATH=/home/user/Desktop/ur_pick/ros2_ws/install/ur_onrobot_control:/home/user/Desktop/ur_pick/ros2_ws/install/ur_onrobot_description:/home/user/Desktop/ur_pick/ros2_ws/install/onrobot_driver:/home/user/Desktop/ur_pick/ros2_ws/install/onrobot_description:${AMENT_PREFIX_PATH} CMAKE_PREFIX_PATH=/home/user/Desktop/ur_pick/ros2_ws/install/ur_onrobot_control:/home/user/Desktop/ur_pick/ros2_ws/install/ur_onrobot_description:/home/user/Desktop/ur_pick/ros2_ws/install/onrobot_driver:/home/user/Desktop/ur_pick/ros2_ws/install/onrobot_description:/opt/ros/humble LD_LIBRARY_PATH=/home/user/Desktop/ur_pick/ros2_ws/install/onrobot_driver/lib:${LD_LIBRARY_PATH} /usr/bin/cmake --build /home/user/Desktop/ur_pick/ros2_ws/build/ur_onrobot_moveit_config -- -j15 -l15
[17.194s] DEBUG:colcon.colcon_core.event_handler.log_command:Invoked command in '/home/user/Desktop/ur_pick/ros2_ws/build/ur_onrobot_moveit_config' returned '0': AMENT_PREFIX_PATH=/home/user/Desktop/ur_pick/ros2_ws/install/ur_onrobot_control:/home/user/Desktop/ur_pick/ros2_ws/install/ur_onrobot_description:/home/user/Desktop/ur_pick/ros2_ws/install/onrobot_driver:/home/user/Desktop/ur_pick/ros2_ws/install/onrobot_description:${AMENT_PREFIX_PATH} CMAKE_PREFIX_PATH=/home/user/Desktop/ur_pick/ros2_ws/install/ur_onrobot_control:/home/user/Desktop/ur_pick/ros2_ws/install/ur_onrobot_description:/home/user/Desktop/ur_pick/ros2_ws/install/onrobot_driver:/home/user/Desktop/ur_pick/ros2_ws/install/onrobot_description:/opt/ros/humble LD_LIBRARY_PATH=/home/user/Desktop/ur_pick/ros2_ws/install/onrobot_driver/lib:${LD_LIBRARY_PATH} /usr/bin/cmake --build /home/user/Desktop/ur_pick/ros2_ws/build/ur_onrobot_moveit_config -- -j15 -l15
[17.196s] DEBUG:colcon.colcon_core.event_handler.log_command:Invoking command in '/home/user/Desktop/ur_pick/ros2_ws/build/ur_onrobot_moveit_config': AMENT_PREFIX_PATH=/home/user/Desktop/ur_pick/ros2_ws/install/ur_onrobot_control:/home/user/Desktop/ur_pick/ros2_ws/install/ur_onrobot_description:/home/user/Desktop/ur_pick/ros2_ws/install/onrobot_driver:/home/user/Desktop/ur_pick/ros2_ws/install/onrobot_description:${AMENT_PREFIX_PATH} CMAKE_PREFIX_PATH=/home/user/Desktop/ur_pick/ros2_ws/install/ur_onrobot_control:/home/user/Desktop/ur_pick/ros2_ws/install/ur_onrobot_description:/home/user/Desktop/ur_pick/ros2_ws/install/onrobot_driver:/home/user/Desktop/ur_pick/ros2_ws/install/onrobot_description:/opt/ros/humble LD_LIBRARY_PATH=/home/user/Desktop/ur_pick/ros2_ws/install/onrobot_driver/lib:${LD_LIBRARY_PATH} /usr/bin/cmake --install /home/user/Desktop/ur_pick/ros2_ws/build/ur_onrobot_moveit_config
[17.706s] Level 1:colcon.colcon_core.environment:create_environment_scripts_only(ur_onrobot_moveit_config)
[17.707s] Level 1:colcon.colcon_core.environment:checking '/home/user/Desktop/ur_pick/ros2_ws/install/ur_onrobot_moveit_config' for CMake module files
[17.708s] DEBUG:colcon.colcon_core.event_handler.log_command:Invoked command in '/home/user/Desktop/ur_pick/ros2_ws/build/ur_onrobot_moveit_config' returned '0': AMENT_PREFIX_PATH=/home/user/Desktop/ur_pick/ros2_ws/install/ur_onrobot_control:/home/user/Desktop/ur_pick/ros2_ws/install/ur_onrobot_description:/home/user/Desktop/ur_pick/ros2_ws/install/onrobot_driver:/home/user/Desktop/ur_pick/ros2_ws/install/onrobot_description:${AMENT_PREFIX_PATH} CMAKE_PREFIX_PATH=/home/user/Desktop/ur_pick/ros2_ws/install/ur_onrobot_control:/home/user/Desktop/ur_pick/ros2_ws/install/ur_onrobot_description:/home/user/Desktop/ur_pick/ros2_ws/install/onrobot_driver:/home/user/Desktop/ur_pick/ros2_ws/install/onrobot_description:/opt/ros/humble LD_LIBRARY_PATH=/home/user/Desktop/ur_pick/ros2_ws/install/onrobot_driver/lib:${LD_LIBRARY_PATH} /usr/bin/cmake --install /home/user/Desktop/ur_pick/ros2_ws/build/ur_onrobot_moveit_config
[17.708s] Level 1:colcon.colcon_core.environment:checking '/home/user/Desktop/ur_pick/ros2_ws/install/ur_onrobot_moveit_config' for CMake config files
[17.709s] Level 1:colcon.colcon_core.shell:create_environment_hook('ur_onrobot_moveit_config', 'cmake_prefix_path')
[17.709s] INFO:colcon.colcon_core.shell:Creating environment hook '/home/user/Desktop/ur_pick/ros2_ws/install/ur_onrobot_moveit_config/share/ur_onrobot_moveit_config/hook/cmake_prefix_path.ps1'
[17.710s] INFO:colcon.colcon_core.shell:Creating environment descriptor '/home/user/Desktop/ur_pick/ros2_ws/install/ur_onrobot_moveit_config/share/ur_onrobot_moveit_config/hook/cmake_prefix_path.dsv'
[17.710s] INFO:colcon.colcon_core.shell:Creating environment hook '/home/user/Desktop/ur_pick/ros2_ws/install/ur_onrobot_moveit_config/share/ur_onrobot_moveit_config/hook/cmake_prefix_path.sh'
[17.711s] Level 1:colcon.colcon_core.environment:checking '/home/user/Desktop/ur_pick/ros2_ws/install/ur_onrobot_moveit_config/bin'
[17.711s] Level 1:colcon.colcon_core.environment:checking '/home/user/Desktop/ur_pick/ros2_ws/install/ur_onrobot_moveit_config/lib/pkgconfig/ur_onrobot_moveit_config.pc'
[17.712s] Level 1:colcon.colcon_core.environment:checking '/home/user/Desktop/ur_pick/ros2_ws/install/ur_onrobot_moveit_config/lib/python3.10/site-packages'
[17.712s] Level 1:colcon.colcon_core.environment:checking '/home/user/Desktop/ur_pick/ros2_ws/install/ur_onrobot_moveit_config/bin'
[17.712s] INFO:colcon.colcon_core.shell:Creating package script '/home/user/Desktop/ur_pick/ros2_ws/install/ur_onrobot_moveit_config/share/ur_onrobot_moveit_config/package.ps1'
[17.713s] INFO:colcon.colcon_core.shell:Creating package descriptor '/home/user/Desktop/ur_pick/ros2_ws/install/ur_onrobot_moveit_config/share/ur_onrobot_moveit_config/package.dsv'
[17.714s] INFO:colcon.colcon_core.shell:Creating package script '/home/user/Desktop/ur_pick/ros2_ws/install/ur_onrobot_moveit_config/share/ur_onrobot_moveit_config/package.sh'
[17.714s] INFO:colcon.colcon_core.shell:Creating package script '/home/user/Desktop/ur_pick/ros2_ws/install/ur_onrobot_moveit_config/share/ur_onrobot_moveit_config/package.bash'
[17.715s] INFO:colcon.colcon_core.shell:Creating package script '/home/user/Desktop/ur_pick/ros2_ws/install/ur_onrobot_moveit_config/share/ur_onrobot_moveit_config/package.zsh'
[17.715s] Level 1:colcon.colcon_core.environment:create_file_with_runtime_dependencies(/home/user/Desktop/ur_pick/ros2_ws/install/ur_onrobot_moveit_config/share/colcon-core/packages/ur_onrobot_moveit_config)
[17.716s] Level 1:colcon.colcon_core.environment:create_environment_scripts_only(ur_onrobot_moveit_config)
[17.716s] Level 1:colcon.colcon_core.environment:checking '/home/user/Desktop/ur_pick/ros2_ws/install/ur_onrobot_moveit_config' for CMake module files
[17.717s] Level 1:colcon.colcon_core.environment:checking '/home/user/Desktop/ur_pick/ros2_ws/install/ur_onrobot_moveit_config' for CMake config files
[17.717s] Level 1:colcon.colcon_core.shell:create_environment_hook('ur_onrobot_moveit_config', 'cmake_prefix_path')
[17.717s] INFO:colcon.colcon_core.shell:Creating environment hook '/home/user/Desktop/ur_pick/ros2_ws/install/ur_onrobot_moveit_config/share/ur_onrobot_moveit_config/hook/cmake_prefix_path.ps1'
[17.717s] INFO:colcon.colcon_core.shell:Creating environment descriptor '/home/user/Desktop/ur_pick/ros2_ws/install/ur_onrobot_moveit_config/share/ur_onrobot_moveit_config/hook/cmake_prefix_path.dsv'
[17.718s] INFO:colcon.colcon_core.shell:Creating environment hook '/home/user/Desktop/ur_pick/ros2_ws/install/ur_onrobot_moveit_config/share/ur_onrobot_moveit_config/hook/cmake_prefix_path.sh'
[17.718s] Level 1:colcon.colcon_core.environment:checking '/home/user/Desktop/ur_pick/ros2_ws/install/ur_onrobot_moveit_config/bin'
[17.718s] Level 1:colcon.colcon_core.environment:checking '/home/user/Desktop/ur_pick/ros2_ws/install/ur_onrobot_moveit_config/lib/pkgconfig/ur_onrobot_moveit_config.pc'
[17.718s] Level 1:colcon.colcon_core.environment:checking '/home/user/Desktop/ur_pick/ros2_ws/install/ur_onrobot_moveit_config/lib/python3.10/site-packages'
[17.719s] Level 1:colcon.colcon_core.environment:checking '/home/user/Desktop/ur_pick/ros2_ws/install/ur_onrobot_moveit_config/bin'
[17.719s] INFO:colcon.colcon_core.shell:Creating package script '/home/user/Desktop/ur_pick/ros2_ws/install/ur_onrobot_moveit_config/share/ur_onrobot_moveit_config/package.ps1'
[17.719s] INFO:colcon.colcon_core.shell:Creating package descriptor '/home/user/Desktop/ur_pick/ros2_ws/install/ur_onrobot_moveit_config/share/ur_onrobot_moveit_config/package.dsv'
[17.720s] INFO:colcon.colcon_core.shell:Creating package script '/home/user/Desktop/ur_pick/ros2_ws/install/ur_onrobot_moveit_config/share/ur_onrobot_moveit_config/package.sh'
[17.720s] INFO:colcon.colcon_core.shell:Creating package script '/home/user/Desktop/ur_pick/ros2_ws/install/ur_onrobot_moveit_config/share/ur_onrobot_moveit_config/package.bash'
[17.720s] INFO:colcon.colcon_core.shell:Creating package script '/home/user/Desktop/ur_pick/ros2_ws/install/ur_onrobot_moveit_config/share/ur_onrobot_moveit_config/package.zsh'
[17.721s] Level 1:colcon.colcon_core.environment:create_file_with_runtime_dependencies(/home/user/Desktop/ur_pick/ros2_ws/install/ur_onrobot_moveit_config/share/colcon-core/packages/ur_onrobot_moveit_config)
[17.721s] INFO:colcon.colcon_ros.task.ament_cmake.build:Building ROS package in '/home/user/Desktop/ur_pick/ros2_ws/src/moveit2_tutorials_ur_onrobot/ur_onrobot_hello_moveit' with build type 'ament_cmake'
[17.721s] INFO:colcon.colcon_cmake.task.cmake.build:Building CMake package in '/home/user/Desktop/ur_pick/ros2_ws/src/moveit2_tutorials_ur_onrobot/ur_onrobot_hello_moveit'
[17.721s] INFO:colcon.colcon_core.shell:Skip shell extension 'powershell' for command environment: Not usable outside of PowerShell
[17.721s] DEBUG:colcon.colcon_core.shell:Skip shell extension 'dsv' for command environment
[17.726s] INFO:colcon.colcon_ros.task.ament_cmake.build:Building ROS package in '/home/user/Desktop/ur_pick/ros2_ws/src/moveit2_tutorials_ur_onrobot/ur_onrobot_mtc' with build type 'ament_cmake'
[17.726s] INFO:colcon.colcon_cmake.task.cmake.build:Building CMake package in '/home/user/Desktop/ur_pick/ros2_ws/src/moveit2_tutorials_ur_onrobot/ur_onrobot_mtc'
[17.726s] INFO:colcon.colcon_core.shell:Skip shell extension 'powershell' for command environment: Not usable outside of PowerShell
[17.726s] DEBUG:colcon.colcon_core.shell:Skip shell extension 'dsv' for command environment
[17.742s] DEBUG:colcon.colcon_core.event_handler.log_command:Invoking command in '/home/user/Desktop/ur_pick/ros2_ws/build/ur_onrobot_hello_moveit': AMENT_PREFIX_PATH=/home/user/Desktop/ur_pick/ros2_ws/install/ur_onrobot_moveit_config:/home/user/Desktop/ur_pick/ros2_ws/install/ur_onrobot_control:/home/user/Desktop/ur_pick/ros2_ws/install/ur_onrobot_description:/home/user/Desktop/ur_pick/ros2_ws/install/onrobot_driver:/home/user/Desktop/ur_pick/ros2_ws/install/onrobot_description:${AMENT_PREFIX_PATH} CMAKE_PREFIX_PATH=/home/user/Desktop/ur_pick/ros2_ws/install/ur_onrobot_moveit_config:/home/user/Desktop/ur_pick/ros2_ws/install/ur_onrobot_control:/home/user/Desktop/ur_pick/ros2_ws/install/ur_onrobot_description:/home/user/Desktop/ur_pick/ros2_ws/install/onrobot_driver:/home/user/Desktop/ur_pick/ros2_ws/install/onrobot_description:/opt/ros/humble LD_LIBRARY_PATH=/home/user/Desktop/ur_pick/ros2_ws/install/onrobot_driver/lib:${LD_LIBRARY_PATH} PYTHONPATH=/home/user/Desktop/ur_pick/ros2_ws/install/ur_onrobot_moveit_config/local/lib/python3.10/dist-packages:${PYTHONPATH} /usr/bin/cmake /home/user/Desktop/ur_pick/ros2_ws/src/moveit2_tutorials_ur_onrobot/ur_onrobot_hello_moveit -DAMENT_CMAKE_SYMLINK_INSTALL=1 -DCMAKE_INSTALL_PREFIX=/home/user/Desktop/ur_pick/ros2_ws/install/ur_onrobot_hello_moveit
[17.745s] DEBUG:colcon.colcon_core.event_handler.log_command:Invoking command in '/home/user/Desktop/ur_pick/ros2_ws/build/ur_onrobot_mtc': AMENT_PREFIX_PATH=/home/user/Desktop/ur_pick/ros2_ws/install/ur_onrobot_moveit_config:/home/user/Desktop/ur_pick/ros2_ws/install/ur_onrobot_control:/home/user/Desktop/ur_pick/ros2_ws/install/ur_onrobot_description:/home/user/Desktop/ur_pick/ros2_ws/install/onrobot_driver:/home/user/Desktop/ur_pick/ros2_ws/install/onrobot_description:${AMENT_PREFIX_PATH} CMAKE_PREFIX_PATH=/home/user/Desktop/ur_pick/ros2_ws/install/ur_onrobot_moveit_config:/home/user/Desktop/ur_pick/ros2_ws/install/ur_onrobot_control:/home/user/Desktop/ur_pick/ros2_ws/install/ur_onrobot_description:/home/user/Desktop/ur_pick/ros2_ws/install/onrobot_driver:/home/user/Desktop/ur_pick/ros2_ws/install/onrobot_description:/opt/ros/humble LD_LIBRARY_PATH=/home/user/Desktop/ur_pick/ros2_ws/install/onrobot_driver/lib:${LD_LIBRARY_PATH} PYTHONPATH=/home/user/Desktop/ur_pick/ros2_ws/install/ur_onrobot_moveit_config/local/lib/python3.10/dist-packages:${PYTHONPATH} /usr/bin/cmake /home/user/Desktop/ur_pick/ros2_ws/src/moveit2_tutorials_ur_onrobot/ur_onrobot_mtc -DAMENT_CMAKE_SYMLINK_INSTALL=1 -DCMAKE_INSTALL_PREFIX=/home/user/Desktop/ur_pick/ros2_ws/install/ur_onrobot_mtc
[20.096s] DEBUG:colcon.colcon_core.event_handler.log_command:Invoked command in '/home/user/Desktop/ur_pick/ros2_ws/build/ur_onrobot_mtc' returned '0': AMENT_PREFIX_PATH=/home/user/Desktop/ur_pick/ros2_ws/install/ur_onrobot_moveit_config:/home/user/Desktop/ur_pick/ros2_ws/install/ur_onrobot_control:/home/user/Desktop/ur_pick/ros2_ws/install/ur_onrobot_description:/home/user/Desktop/ur_pick/ros2_ws/install/onrobot_driver:/home/user/Desktop/ur_pick/ros2_ws/install/onrobot_description:${AMENT_PREFIX_PATH} CMAKE_PREFIX_PATH=/home/user/Desktop/ur_pick/ros2_ws/install/ur_onrobot_moveit_config:/home/user/Desktop/ur_pick/ros2_ws/install/ur_onrobot_control:/home/user/Desktop/ur_pick/ros2_ws/install/ur_onrobot_description:/home/user/Desktop/ur_pick/ros2_ws/install/onrobot_driver:/home/user/Desktop/ur_pick/ros2_ws/install/onrobot_description:/opt/ros/humble LD_LIBRARY_PATH=/home/user/Desktop/ur_pick/ros2_ws/install/onrobot_driver/lib:${LD_LIBRARY_PATH} PYTHONPATH=/home/user/Desktop/ur_pick/ros2_ws/install/ur_onrobot_moveit_config/local/lib/python3.10/dist-packages:${PYTHONPATH} /usr/bin/cmake /home/user/Desktop/ur_pick/ros2_ws/src/moveit2_tutorials_ur_onrobot/ur_onrobot_mtc -DAMENT_CMAKE_SYMLINK_INSTALL=1 -DCMAKE_INSTALL_PREFIX=/home/user/Desktop/ur_pick/ros2_ws/install/ur_onrobot_mtc
[20.097s] DEBUG:colcon.colcon_core.event_handler.log_command:Invoking command in '/home/user/Desktop/ur_pick/ros2_ws/build/ur_onrobot_mtc': AMENT_PREFIX_PATH=/home/user/Desktop/ur_pick/ros2_ws/install/ur_onrobot_moveit_config:/home/user/Desktop/ur_pick/ros2_ws/install/ur_onrobot_control:/home/user/Desktop/ur_pick/ros2_ws/install/ur_onrobot_description:/home/user/Desktop/ur_pick/ros2_ws/install/onrobot_driver:/home/user/Desktop/ur_pick/ros2_ws/install/onrobot_description:${AMENT_PREFIX_PATH} CMAKE_PREFIX_PATH=/home/user/Desktop/ur_pick/ros2_ws/install/ur_onrobot_moveit_config:/home/user/Desktop/ur_pick/ros2_ws/install/ur_onrobot_control:/home/user/Desktop/ur_pick/ros2_ws/install/ur_onrobot_description:/home/user/Desktop/ur_pick/ros2_ws/install/onrobot_driver:/home/user/Desktop/ur_pick/ros2_ws/install/onrobot_description:/opt/ros/humble LD_LIBRARY_PATH=/home/user/Desktop/ur_pick/ros2_ws/install/onrobot_driver/lib:${LD_LIBRARY_PATH} PYTHONPATH=/home/user/Desktop/ur_pick/ros2_ws/install/ur_onrobot_moveit_config/local/lib/python3.10/dist-packages:${PYTHONPATH} /usr/bin/cmake --build /home/user/Desktop/ur_pick/ros2_ws/build/ur_onrobot_mtc -- -j15 -l15
[21.040s] DEBUG:colcon.colcon_core.event_handler.log_command:Invoked command in '/home/user/Desktop/ur_pick/ros2_ws/build/ur_onrobot_hello_moveit' returned '0': AMENT_PREFIX_PATH=/home/user/Desktop/ur_pick/ros2_ws/install/ur_onrobot_moveit_config:/home/user/Desktop/ur_pick/ros2_ws/install/ur_onrobot_control:/home/user/Desktop/ur_pick/ros2_ws/install/ur_onrobot_description:/home/user/Desktop/ur_pick/ros2_ws/install/onrobot_driver:/home/user/Desktop/ur_pick/ros2_ws/install/onrobot_description:${AMENT_PREFIX_PATH} CMAKE_PREFIX_PATH=/home/user/Desktop/ur_pick/ros2_ws/install/ur_onrobot_moveit_config:/home/user/Desktop/ur_pick/ros2_ws/install/ur_onrobot_control:/home/user/Desktop/ur_pick/ros2_ws/install/ur_onrobot_description:/home/user/Desktop/ur_pick/ros2_ws/install/onrobot_driver:/home/user/Desktop/ur_pick/ros2_ws/install/onrobot_description:/opt/ros/humble LD_LIBRARY_PATH=/home/user/Desktop/ur_pick/ros2_ws/install/onrobot_driver/lib:${LD_LIBRARY_PATH} PYTHONPATH=/home/user/Desktop/ur_pick/ros2_ws/install/ur_onrobot_moveit_config/local/lib/python3.10/dist-packages:${PYTHONPATH} /usr/bin/cmake /home/user/Desktop/ur_pick/ros2_ws/src/moveit2_tutorials_ur_onrobot/ur_onrobot_hello_moveit -DAMENT_CMAKE_SYMLINK_INSTALL=1 -DCMAKE_INSTALL_PREFIX=/home/user/Desktop/ur_pick/ros2_ws/install/ur_onrobot_hello_moveit
[21.042s] DEBUG:colcon.colcon_core.event_handler.log_command:Invoking command in '/home/user/Desktop/ur_pick/ros2_ws/build/ur_onrobot_hello_moveit': AMENT_PREFIX_PATH=/home/user/Desktop/ur_pick/ros2_ws/install/ur_onrobot_moveit_config:/home/user/Desktop/ur_pick/ros2_ws/install/ur_onrobot_control:/home/user/Desktop/ur_pick/ros2_ws/install/ur_onrobot_description:/home/user/Desktop/ur_pick/ros2_ws/install/onrobot_driver:/home/user/Desktop/ur_pick/ros2_ws/install/onrobot_description:${AMENT_PREFIX_PATH} CMAKE_PREFIX_PATH=/home/user/Desktop/ur_pick/ros2_ws/install/ur_onrobot_moveit_config:/home/user/Desktop/ur_pick/ros2_ws/install/ur_onrobot_control:/home/user/Desktop/ur_pick/ros2_ws/install/ur_onrobot_description:/home/user/Desktop/ur_pick/ros2_ws/install/onrobot_driver:/home/user/Desktop/ur_pick/ros2_ws/install/onrobot_description:/opt/ros/humble LD_LIBRARY_PATH=/home/user/Desktop/ur_pick/ros2_ws/install/onrobot_driver/lib:${LD_LIBRARY_PATH} PYTHONPATH=/home/user/Desktop/ur_pick/ros2_ws/install/ur_onrobot_moveit_config/local/lib/python3.10/dist-packages:${PYTHONPATH} /usr/bin/cmake --build /home/user/Desktop/ur_pick/ros2_ws/build/ur_onrobot_hello_moveit -- -j15 -l15
[30.689s] DEBUG:colcon.colcon_core.event_handler.log_command:Invoked command in '/home/user/Desktop/ur_pick/ros2_ws/build/ur_onrobot_mtc' returned '0': AMENT_PREFIX_PATH=/home/user/Desktop/ur_pick/ros2_ws/install/ur_onrobot_moveit_config:/home/user/Desktop/ur_pick/ros2_ws/install/ur_onrobot_control:/home/user/Desktop/ur_pick/ros2_ws/install/ur_onrobot_description:/home/user/Desktop/ur_pick/ros2_ws/install/onrobot_driver:/home/user/Desktop/ur_pick/ros2_ws/install/onrobot_description:${AMENT_PREFIX_PATH} CMAKE_PREFIX_PATH=/home/user/Desktop/ur_pick/ros2_ws/install/ur_onrobot_moveit_config:/home/user/Desktop/ur_pick/ros2_ws/install/ur_onrobot_control:/home/user/Desktop/ur_pick/ros2_ws/install/ur_onrobot_description:/home/user/Desktop/ur_pick/ros2_ws/install/onrobot_driver:/home/user/Desktop/ur_pick/ros2_ws/install/onrobot_description:/opt/ros/humble LD_LIBRARY_PATH=/home/user/Desktop/ur_pick/ros2_ws/install/onrobot_driver/lib:${LD_LIBRARY_PATH} PYTHONPATH=/home/user/Desktop/ur_pick/ros2_ws/install/ur_onrobot_moveit_config/local/lib/python3.10/dist-packages:${PYTHONPATH} /usr/bin/cmake --build /home/user/Desktop/ur_pick/ros2_ws/build/ur_onrobot_mtc -- -j15 -l15
[30.691s] DEBUG:colcon.colcon_core.event_handler.log_command:Invoking command in '/home/user/Desktop/ur_pick/ros2_ws/build/ur_onrobot_mtc': AMENT_PREFIX_PATH=/home/user/Desktop/ur_pick/ros2_ws/install/ur_onrobot_moveit_config:/home/user/Desktop/ur_pick/ros2_ws/install/ur_onrobot_control:/home/user/Desktop/ur_pick/ros2_ws/install/ur_onrobot_description:/home/user/Desktop/ur_pick/ros2_ws/install/onrobot_driver:/home/user/Desktop/ur_pick/ros2_ws/install/onrobot_description:${AMENT_PREFIX_PATH} CMAKE_PREFIX_PATH=/home/user/Desktop/ur_pick/ros2_ws/install/ur_onrobot_moveit_config:/home/user/Desktop/ur_pick/ros2_ws/install/ur_onrobot_control:/home/user/Desktop/ur_pick/ros2_ws/install/ur_onrobot_description:/home/user/Desktop/ur_pick/ros2_ws/install/onrobot_driver:/home/user/Desktop/ur_pick/ros2_ws/install/onrobot_description:/opt/ros/humble LD_LIBRARY_PATH=/home/user/Desktop/ur_pick/ros2_ws/install/onrobot_driver/lib:${LD_LIBRARY_PATH} PYTHONPATH=/home/user/Desktop/ur_pick/ros2_ws/install/ur_onrobot_moveit_config/local/lib/python3.10/dist-packages:${PYTHONPATH} /usr/bin/cmake --install /home/user/Desktop/ur_pick/ros2_ws/build/ur_onrobot_mtc
[30.926s] Level 1:colcon.colcon_core.environment:create_environment_scripts_only(ur_onrobot_mtc)
[30.926s] Level 1:colcon.colcon_core.environment:checking '/home/user/Desktop/ur_pick/ros2_ws/install/ur_onrobot_mtc' for CMake module files
[30.927s] DEBUG:colcon.colcon_core.event_handler.log_command:Invoked command in '/home/user/Desktop/ur_pick/ros2_ws/build/ur_onrobot_mtc' returned '0': AMENT_PREFIX_PATH=/home/user/Desktop/ur_pick/ros2_ws/install/ur_onrobot_moveit_config:/home/user/Desktop/ur_pick/ros2_ws/install/ur_onrobot_control:/home/user/Desktop/ur_pick/ros2_ws/install/ur_onrobot_description:/home/user/Desktop/ur_pick/ros2_ws/install/onrobot_driver:/home/user/Desktop/ur_pick/ros2_ws/install/onrobot_description:${AMENT_PREFIX_PATH} CMAKE_PREFIX_PATH=/home/user/Desktop/ur_pick/ros2_ws/install/ur_onrobot_moveit_config:/home/user/Desktop/ur_pick/ros2_ws/install/ur_onrobot_control:/home/user/Desktop/ur_pick/ros2_ws/install/ur_onrobot_description:/home/user/Desktop/ur_pick/ros2_ws/install/onrobot_driver:/home/user/Desktop/ur_pick/ros2_ws/install/onrobot_description:/opt/ros/humble LD_LIBRARY_PATH=/home/user/Desktop/ur_pick/ros2_ws/install/onrobot_driver/lib:${LD_LIBRARY_PATH} PYTHONPATH=/home/user/Desktop/ur_pick/ros2_ws/install/ur_onrobot_moveit_config/local/lib/python3.10/dist-packages:${PYTHONPATH} /usr/bin/cmake --install /home/user/Desktop/ur_pick/ros2_ws/build/ur_onrobot_mtc
[30.927s] Level 1:colcon.colcon_core.environment:checking '/home/user/Desktop/ur_pick/ros2_ws/install/ur_onrobot_mtc' for CMake config files
[30.928s] Level 1:colcon.colcon_core.shell:create_environment_hook('ur_onrobot_mtc', 'cmake_prefix_path')
[30.928s] INFO:colcon.colcon_core.shell:Creating environment hook '/home/user/Desktop/ur_pick/ros2_ws/install/ur_onrobot_mtc/share/ur_onrobot_mtc/hook/cmake_prefix_path.ps1'
[30.928s] INFO:colcon.colcon_core.shell:Creating environment descriptor '/home/user/Desktop/ur_pick/ros2_ws/install/ur_onrobot_mtc/share/ur_onrobot_mtc/hook/cmake_prefix_path.dsv'
[30.929s] INFO:colcon.colcon_core.shell:Creating environment hook '/home/user/Desktop/ur_pick/ros2_ws/install/ur_onrobot_mtc/share/ur_onrobot_mtc/hook/cmake_prefix_path.sh'
[30.929s] Level 1:colcon.colcon_core.environment:checking '/home/user/Desktop/ur_pick/ros2_ws/install/ur_onrobot_mtc/lib'
[30.929s] Level 1:colcon.colcon_core.environment:checking '/home/user/Desktop/ur_pick/ros2_ws/install/ur_onrobot_mtc/bin'
[30.929s] Level 1:colcon.colcon_core.environment:checking '/home/user/Desktop/ur_pick/ros2_ws/install/ur_onrobot_mtc/lib/pkgconfig/ur_onrobot_mtc.pc'
[30.929s] Level 1:colcon.colcon_core.environment:checking '/home/user/Desktop/ur_pick/ros2_ws/install/ur_onrobot_mtc/lib/python3.10/site-packages'
[30.930s] Level 1:colcon.colcon_core.environment:checking '/home/user/Desktop/ur_pick/ros2_ws/install/ur_onrobot_mtc/bin'
[30.930s] INFO:colcon.colcon_core.shell:Creating package script '/home/user/Desktop/ur_pick/ros2_ws/install/ur_onrobot_mtc/share/ur_onrobot_mtc/package.ps1'
[30.930s] INFO:colcon.colcon_core.shell:Creating package descriptor '/home/user/Desktop/ur_pick/ros2_ws/install/ur_onrobot_mtc/share/ur_onrobot_mtc/package.dsv'
[30.931s] INFO:colcon.colcon_core.shell:Creating package script '/home/user/Desktop/ur_pick/ros2_ws/install/ur_onrobot_mtc/share/ur_onrobot_mtc/package.sh'
[30.931s] INFO:colcon.colcon_core.shell:Creating package script '/home/user/Desktop/ur_pick/ros2_ws/install/ur_onrobot_mtc/share/ur_onrobot_mtc/package.bash'
[30.932s] INFO:colcon.colcon_core.shell:Creating package script '/home/user/Desktop/ur_pick/ros2_ws/install/ur_onrobot_mtc/share/ur_onrobot_mtc/package.zsh'
[30.932s] Level 1:colcon.colcon_core.environment:create_file_with_runtime_dependencies(/home/user/Desktop/ur_pick/ros2_ws/install/ur_onrobot_mtc/share/colcon-core/packages/ur_onrobot_mtc)
[30.933s] Level 1:colcon.colcon_core.environment:create_environment_scripts_only(ur_onrobot_mtc)
[30.933s] Level 1:colcon.colcon_core.environment:checking '/home/user/Desktop/ur_pick/ros2_ws/install/ur_onrobot_mtc' for CMake module files
[30.933s] Level 1:colcon.colcon_core.environment:checking '/home/user/Desktop/ur_pick/ros2_ws/install/ur_onrobot_mtc' for CMake config files
[30.934s] Level 1:colcon.colcon_core.shell:create_environment_hook('ur_onrobot_mtc', 'cmake_prefix_path')
[30.934s] INFO:colcon.colcon_core.shell:Creating environment hook '/home/user/Desktop/ur_pick/ros2_ws/install/ur_onrobot_mtc/share/ur_onrobot_mtc/hook/cmake_prefix_path.ps1'
[30.934s] INFO:colcon.colcon_core.shell:Creating environment descriptor '/home/user/Desktop/ur_pick/ros2_ws/install/ur_onrobot_mtc/share/ur_onrobot_mtc/hook/cmake_prefix_path.dsv'
[30.935s] INFO:colcon.colcon_core.shell:Creating environment hook '/home/user/Desktop/ur_pick/ros2_ws/install/ur_onrobot_mtc/share/ur_onrobot_mtc/hook/cmake_prefix_path.sh'
[30.935s] Level 1:colcon.colcon_core.environment:checking '/home/user/Desktop/ur_pick/ros2_ws/install/ur_onrobot_mtc/lib'
[30.936s] Level 1:colcon.colcon_core.environment:checking '/home/user/Desktop/ur_pick/ros2_ws/install/ur_onrobot_mtc/bin'
[30.936s] Level 1:colcon.colcon_core.environment:checking '/home/user/Desktop/ur_pick/ros2_ws/install/ur_onrobot_mtc/lib/pkgconfig/ur_onrobot_mtc.pc'
[30.936s] Level 1:colcon.colcon_core.environment:checking '/home/user/Desktop/ur_pick/ros2_ws/install/ur_onrobot_mtc/lib/python3.10/site-packages'
[30.936s] Level 1:colcon.colcon_core.environment:checking '/home/user/Desktop/ur_pick/ros2_ws/install/ur_onrobot_mtc/bin'
[30.936s] INFO:colcon.colcon_core.shell:Creating package script '/home/user/Desktop/ur_pick/ros2_ws/install/ur_onrobot_mtc/share/ur_onrobot_mtc/package.ps1'
[30.937s] INFO:colcon.colcon_core.shell:Creating package descriptor '/home/user/Desktop/ur_pick/ros2_ws/install/ur_onrobot_mtc/share/ur_onrobot_mtc/package.dsv'
[30.937s] INFO:colcon.colcon_core.shell:Creating package script '/home/user/Desktop/ur_pick/ros2_ws/install/ur_onrobot_mtc/share/ur_onrobot_mtc/package.sh'
[30.938s] INFO:colcon.colcon_core.shell:Creating package script '/home/user/Desktop/ur_pick/ros2_ws/install/ur_onrobot_mtc/share/ur_onrobot_mtc/package.bash'
[30.938s] INFO:colcon.colcon_core.shell:Creating package script '/home/user/Desktop/ur_pick/ros2_ws/install/ur_onrobot_mtc/share/ur_onrobot_mtc/package.zsh'
[30.938s] Level 1:colcon.colcon_core.environment:create_file_with_runtime_dependencies(/home/user/Desktop/ur_pick/ros2_ws/install/ur_onrobot_mtc/share/colcon-core/packages/ur_onrobot_mtc)
[31.782s] DEBUG:colcon.colcon_core.event_handler.log_command:Invoked command in '/home/user/Desktop/ur_pick/ros2_ws/build/ur_onrobot_hello_moveit' returned '0': AMENT_PREFIX_PATH=/home/user/Desktop/ur_pick/ros2_ws/install/ur_onrobot_moveit_config:/home/user/Desktop/ur_pick/ros2_ws/install/ur_onrobot_control:/home/user/Desktop/ur_pick/ros2_ws/install/ur_onrobot_description:/home/user/Desktop/ur_pick/ros2_ws/install/onrobot_driver:/home/user/Desktop/ur_pick/ros2_ws/install/onrobot_description:${AMENT_PREFIX_PATH} CMAKE_PREFIX_PATH=/home/user/Desktop/ur_pick/ros2_ws/install/ur_onrobot_moveit_config:/home/user/Desktop/ur_pick/ros2_ws/install/ur_onrobot_control:/home/user/Desktop/ur_pick/ros2_ws/install/ur_onrobot_description:/home/user/Desktop/ur_pick/ros2_ws/install/onrobot_driver:/home/user/Desktop/ur_pick/ros2_ws/install/onrobot_description:/opt/ros/humble LD_LIBRARY_PATH=/home/user/Desktop/ur_pick/ros2_ws/install/onrobot_driver/lib:${LD_LIBRARY_PATH} PYTHONPATH=/home/user/Desktop/ur_pick/ros2_ws/install/ur_onrobot_moveit_config/local/lib/python3.10/dist-packages:${PYTHONPATH} /usr/bin/cmake --build /home/user/Desktop/ur_pick/ros2_ws/build/ur_onrobot_hello_moveit -- -j15 -l15
[31.785s] DEBUG:colcon.colcon_core.event_handler.log_command:Invoking command in '/home/user/Desktop/ur_pick/ros2_ws/build/ur_onrobot_hello_moveit': AMENT_PREFIX_PATH=/home/user/Desktop/ur_pick/ros2_ws/install/ur_onrobot_moveit_config:/home/user/Desktop/ur_pick/ros2_ws/install/ur_onrobot_control:/home/user/Desktop/ur_pick/ros2_ws/install/ur_onrobot_description:/home/user/Desktop/ur_pick/ros2_ws/install/onrobot_driver:/home/user/Desktop/ur_pick/ros2_ws/install/onrobot_description:${AMENT_PREFIX_PATH} CMAKE_PREFIX_PATH=/home/user/Desktop/ur_pick/ros2_ws/install/ur_onrobot_moveit_config:/home/user/Desktop/ur_pick/ros2_ws/install/ur_onrobot_control:/home/user/Desktop/ur_pick/ros2_ws/install/ur_onrobot_description:/home/user/Desktop/ur_pick/ros2_ws/install/onrobot_driver:/home/user/Desktop/ur_pick/ros2_ws/install/onrobot_description:/opt/ros/humble LD_LIBRARY_PATH=/home/user/Desktop/ur_pick/ros2_ws/install/onrobot_driver/lib:${LD_LIBRARY_PATH} PYTHONPATH=/home/user/Desktop/ur_pick/ros2_ws/install/ur_onrobot_moveit_config/local/lib/python3.10/dist-packages:${PYTHONPATH} /usr/bin/cmake --install /home/user/Desktop/ur_pick/ros2_ws/build/ur_onrobot_hello_moveit
[32.073s] Level 1:colcon.colcon_core.environment:create_environment_scripts_only(ur_onrobot_hello_moveit)
[32.074s] Level 1:colcon.colcon_core.environment:checking '/home/user/Desktop/ur_pick/ros2_ws/install/ur_onrobot_hello_moveit' for CMake module files
[32.075s] DEBUG:colcon.colcon_core.event_handler.log_command:Invoked command in '/home/user/Desktop/ur_pick/ros2_ws/build/ur_onrobot_hello_moveit' returned '0': AMENT_PREFIX_PATH=/home/user/Desktop/ur_pick/ros2_ws/install/ur_onrobot_moveit_config:/home/user/Desktop/ur_pick/ros2_ws/install/ur_onrobot_control:/home/user/Desktop/ur_pick/ros2_ws/install/ur_onrobot_description:/home/user/Desktop/ur_pick/ros2_ws/install/onrobot_driver:/home/user/Desktop/ur_pick/ros2_ws/install/onrobot_description:${AMENT_PREFIX_PATH} CMAKE_PREFIX_PATH=/home/user/Desktop/ur_pick/ros2_ws/install/ur_onrobot_moveit_config:/home/user/Desktop/ur_pick/ros2_ws/install/ur_onrobot_control:/home/user/Desktop/ur_pick/ros2_ws/install/ur_onrobot_description:/home/user/Desktop/ur_pick/ros2_ws/install/onrobot_driver:/home/user/Desktop/ur_pick/ros2_ws/install/onrobot_description:/opt/ros/humble LD_LIBRARY_PATH=/home/user/Desktop/ur_pick/ros2_ws/install/onrobot_driver/lib:${LD_LIBRARY_PATH} PYTHONPATH=/home/user/Desktop/ur_pick/ros2_ws/install/ur_onrobot_moveit_config/local/lib/python3.10/dist-packages:${PYTHONPATH} /usr/bin/cmake --install /home/user/Desktop/ur_pick/ros2_ws/build/ur_onrobot_hello_moveit
[32.076s] Level 1:colcon.colcon_core.environment:checking '/home/user/Desktop/ur_pick/ros2_ws/install/ur_onrobot_hello_moveit' for CMake config files
[32.076s] Level 1:colcon.colcon_core.shell:create_environment_hook('ur_onrobot_hello_moveit', 'cmake_prefix_path')
[32.077s] INFO:colcon.colcon_core.shell:Creating environment hook '/home/user/Desktop/ur_pick/ros2_ws/install/ur_onrobot_hello_moveit/share/ur_onrobot_hello_moveit/hook/cmake_prefix_path.ps1'
[32.077s] INFO:colcon.colcon_core.shell:Creating environment descriptor '/home/user/Desktop/ur_pick/ros2_ws/install/ur_onrobot_hello_moveit/share/ur_onrobot_hello_moveit/hook/cmake_prefix_path.dsv'
[32.078s] INFO:colcon.colcon_core.shell:Creating environment hook '/home/user/Desktop/ur_pick/ros2_ws/install/ur_onrobot_hello_moveit/share/ur_onrobot_hello_moveit/hook/cmake_prefix_path.sh'
[32.078s] Level 1:colcon.colcon_core.environment:checking '/home/user/Desktop/ur_pick/ros2_ws/install/ur_onrobot_hello_moveit/lib'
[32.078s] Level 1:colcon.colcon_core.environment:checking '/home/user/Desktop/ur_pick/ros2_ws/install/ur_onrobot_hello_moveit/bin'
[32.079s] Level 1:colcon.colcon_core.environment:checking '/home/user/Desktop/ur_pick/ros2_ws/install/ur_onrobot_hello_moveit/lib/pkgconfig/ur_onrobot_hello_moveit.pc'
[32.079s] Level 1:colcon.colcon_core.environment:checking '/home/user/Desktop/ur_pick/ros2_ws/install/ur_onrobot_hello_moveit/lib/python3.10/site-packages'
[32.079s] Level 1:colcon.colcon_core.environment:checking '/home/user/Desktop/ur_pick/ros2_ws/install/ur_onrobot_hello_moveit/bin'
[32.080s] INFO:colcon.colcon_core.shell:Creating package script '/home/user/Desktop/ur_pick/ros2_ws/install/ur_onrobot_hello_moveit/share/ur_onrobot_hello_moveit/package.ps1'
[32.080s] INFO:colcon.colcon_core.shell:Creating package descriptor '/home/user/Desktop/ur_pick/ros2_ws/install/ur_onrobot_hello_moveit/share/ur_onrobot_hello_moveit/package.dsv'
[32.081s] INFO:colcon.colcon_core.shell:Creating package script '/home/user/Desktop/ur_pick/ros2_ws/install/ur_onrobot_hello_moveit/share/ur_onrobot_hello_moveit/package.sh'
[32.081s] INFO:colcon.colcon_core.shell:Creating package script '/home/user/Desktop/ur_pick/ros2_ws/install/ur_onrobot_hello_moveit/share/ur_onrobot_hello_moveit/package.bash'
[32.081s] INFO:colcon.colcon_core.shell:Creating package script '/home/user/Desktop/ur_pick/ros2_ws/install/ur_onrobot_hello_moveit/share/ur_onrobot_hello_moveit/package.zsh'
[32.081s] Level 1:colcon.colcon_core.environment:create_file_with_runtime_dependencies(/home/user/Desktop/ur_pick/ros2_ws/install/ur_onrobot_hello_moveit/share/colcon-core/packages/ur_onrobot_hello_moveit)
[32.082s] Level 1:colcon.colcon_core.environment:create_environment_scripts_only(ur_onrobot_hello_moveit)
[32.082s] Level 1:colcon.colcon_core.environment:checking '/home/user/Desktop/ur_pick/ros2_ws/install/ur_onrobot_hello_moveit' for CMake module files
[32.082s] Level 1:colcon.colcon_core.environment:checking '/home/user/Desktop/ur_pick/ros2_ws/install/ur_onrobot_hello_moveit' for CMake config files
[32.083s] Level 1:colcon.colcon_core.shell:create_environment_hook('ur_onrobot_hello_moveit', 'cmake_prefix_path')
[32.083s] INFO:colcon.colcon_core.shell:Creating environment hook '/home/user/Desktop/ur_pick/ros2_ws/install/ur_onrobot_hello_moveit/share/ur_onrobot_hello_moveit/hook/cmake_prefix_path.ps1'
[32.083s] INFO:colcon.colcon_core.shell:Creating environment descriptor '/home/user/Desktop/ur_pick/ros2_ws/install/ur_onrobot_hello_moveit/share/ur_onrobot_hello_moveit/hook/cmake_prefix_path.dsv'
[32.083s] INFO:colcon.colcon_core.shell:Creating environment hook '/home/user/Desktop/ur_pick/ros2_ws/install/ur_onrobot_hello_moveit/share/ur_onrobot_hello_moveit/hook/cmake_prefix_path.sh'
[32.084s] Level 1:colcon.colcon_core.environment:checking '/home/user/Desktop/ur_pick/ros2_ws/install/ur_onrobot_hello_moveit/lib'
[32.084s] Level 1:colcon.colcon_core.environment:checking '/home/user/Desktop/ur_pick/ros2_ws/install/ur_onrobot_hello_moveit/bin'
[32.084s] Level 1:colcon.colcon_core.environment:checking '/home/user/Desktop/ur_pick/ros2_ws/install/ur_onrobot_hello_moveit/lib/pkgconfig/ur_onrobot_hello_moveit.pc'
[32.084s] Level 1:colcon.colcon_core.environment:checking '/home/user/Desktop/ur_pick/ros2_ws/install/ur_onrobot_hello_moveit/lib/python3.10/site-packages'
[32.084s] Level 1:colcon.colcon_core.environment:checking '/home/user/Desktop/ur_pick/ros2_ws/install/ur_onrobot_hello_moveit/bin'
[32.085s] INFO:colcon.colcon_core.shell:Creating package script '/home/user/Desktop/ur_pick/ros2_ws/install/ur_onrobot_hello_moveit/share/ur_onrobot_hello_moveit/package.ps1'
[32.085s] INFO:colcon.colcon_core.shell:Creating package descriptor '/home/user/Desktop/ur_pick/ros2_ws/install/ur_onrobot_hello_moveit/share/ur_onrobot_hello_moveit/package.dsv'
[32.085s] INFO:colcon.colcon_core.shell:Creating package script '/home/user/Desktop/ur_pick/ros2_ws/install/ur_onrobot_hello_moveit/share/ur_onrobot_hello_moveit/package.sh'
[32.086s] INFO:colcon.colcon_core.shell:Creating package script '/home/user/Desktop/ur_pick/ros2_ws/install/ur_onrobot_hello_moveit/share/ur_onrobot_hello_moveit/package.bash'
[32.086s] INFO:colcon.colcon_core.shell:Creating package script '/home/user/Desktop/ur_pick/ros2_ws/install/ur_onrobot_hello_moveit/share/ur_onrobot_hello_moveit/package.zsh'
[32.086s] Level 1:colcon.colcon_core.environment:create_file_with_runtime_dependencies(/home/user/Desktop/ur_pick/ros2_ws/install/ur_onrobot_hello_moveit/share/colcon-core/packages/ur_onrobot_hello_moveit)
[32.087s] DEBUG:colcon.colcon_parallel_executor.executor.parallel:closing loop
[32.087s] DEBUG:colcon.colcon_parallel_executor.executor.parallel:loop closed
[32.087s] DEBUG:colcon.colcon_parallel_executor.executor.parallel:run_until_complete finished with '0'
[32.087s] DEBUG:colcon.colcon_core.event_reactor:joining thread
[32.094s] INFO:colcon.colcon_core.plugin_system:Skipping extension 'colcon_notification.desktop_notification.notify_send': Could not find 'notify-send'
[32.094s] INFO:colcon.colcon_core.plugin_system:Skipping extension 'colcon_notification.desktop_notification.terminal_notifier': Not used on non-Darwin systems
[32.094s] INFO:colcon.colcon_core.plugin_system:Skipping extension 'colcon_notification.desktop_notification.win32': Not used on non-Windows systems
[32.094s] INFO:colcon.colcon_notification.desktop_notification:Sending desktop notification using 'notify2'
[32.117s] DEBUG:colcon.colcon_core.event_reactor:joined thread
[32.117s] INFO:colcon.colcon_core.shell:Creating prefix script '/home/user/Desktop/ur_pick/ros2_ws/install/local_setup.ps1'
[32.119s] INFO:colcon.colcon_core.shell:Creating prefix util module '/home/user/Desktop/ur_pick/ros2_ws/install/_local_setup_util_ps1.py'
[32.121s] INFO:colcon.colcon_core.shell:Creating prefix chain script '/home/user/Desktop/ur_pick/ros2_ws/install/setup.ps1'
[32.122s] INFO:colcon.colcon_core.shell:Creating prefix script '/home/user/Desktop/ur_pick/ros2_ws/install/local_setup.sh'
[32.124s] INFO:colcon.colcon_core.shell:Creating prefix util module '/home/user/Desktop/ur_pick/ros2_ws/install/_local_setup_util_sh.py'
[32.124s] INFO:colcon.colcon_core.shell:Creating prefix chain script '/home/user/Desktop/ur_pick/ros2_ws/install/setup.sh'
[32.125s] INFO:colcon.colcon_core.shell:Creating prefix script '/home/user/Desktop/ur_pick/ros2_ws/install/local_setup.bash'
[32.126s] INFO:colcon.colcon_core.shell:Creating prefix chain script '/home/user/Desktop/ur_pick/ros2_ws/install/setup.bash'
[32.126s] INFO:colcon.colcon_core.shell:Creating prefix script '/home/user/Desktop/ur_pick/ros2_ws/install/local_setup.zsh'
[32.127s] INFO:colcon.colcon_core.shell:Creating prefix chain script '/home/user/Desktop/ur_pick/ros2_ws/install/setup.zsh'
