[0.011s] Invoking command in '/home/user/Desktop/ur_pick/ros2_ws/build/onrobot_driver': AMENT_PREFIX_PATH=/home/user/Desktop/ur_pick/ros2_ws/install/onrobot_description:${AMENT_PREFIX_PATH} CMAKE_PREFIX_PATH=/home/user/Desktop/ur_pick/ros2_ws/install/onrobot_description:/opt/ros/humble /usr/bin/cmake --build /home/user/Desktop/ur_pick/ros2_ws/build/onrobot_driver -- -j15 -l15
[0.080s] Consolidate compiler generated dependencies of target Modbus_Core
[0.096s] [ 35%] Built target Modbus_Core
[0.114s] Consolidate compiler generated dependencies of target Modbus_Serial
[0.119s] Consolidate compiler generated dependencies of target Modbus_TCP
[0.132s] [ 50%] Built target Modbus_Serial
[0.135s] [ 71%] Built target Modbus_TCP
[0.167s] [ 78%] Built target Modbus
[0.191s] Consolidate compiler generated dependencies of target onrobot_driver_plugin
[0.215s] [100%] Built target onrobot_driver_plugin
[0.228s] Invoked command in '/home/user/Desktop/ur_pick/ros2_ws/build/onrobot_driver' returned '0': AMENT_PREFIX_PATH=/home/user/Desktop/ur_pick/ros2_ws/install/onrobot_description:${AMENT_PREFIX_PATH} CMAKE_PREFIX_PATH=/home/user/Desktop/ur_pick/ros2_ws/install/onrobot_description:/opt/ros/humble /usr/bin/cmake --build /home/user/Desktop/ur_pick/ros2_ws/build/onrobot_driver -- -j15 -l15
[0.230s] Invoking command in '/home/user/Desktop/ur_pick/ros2_ws/build/onrobot_driver': AMENT_PREFIX_PATH=/home/user/Desktop/ur_pick/ros2_ws/install/onrobot_description:${AMENT_PREFIX_PATH} CMAKE_PREFIX_PATH=/home/user/Desktop/ur_pick/ros2_ws/install/onrobot_description:/opt/ros/humble /usr/bin/cmake --install /home/user/Desktop/ur_pick/ros2_ws/build/onrobot_driver
[0.241s] -- Install configuration: ""
[0.242s] -- Execute custom install script
[0.242s] -- Symlinking: /home/user/Desktop/ur_pick/ros2_ws/install/onrobot_driver/share/onrobot_driver//rg_hardware_interface.xml
[0.253s] -- Symlinking: /home/user/Desktop/ur_pick/ros2_ws/install/onrobot_driver/lib/libonrobot_driver_plugin.so
[0.275s] -- Symlinking: /home/user/Desktop/ur_pick/ros2_ws/install/onrobot_driver/include/onrobot_driver/IModbusConnection.hpp
[0.288s] -- Symlinking: /home/user/Desktop/ur_pick/ros2_ws/install/onrobot_driver/include/onrobot_driver/Modbus/.clang-format
[0.297s] -- Symlinking: /home/user/Desktop/ur_pick/ros2_ws/install/onrobot_driver/include/onrobot_driver/Modbus/.git
[0.327s] -- Symlinking: /home/user/Desktop/ur_pick/ros2_ws/install/onrobot_driver/include/onrobot_driver/Modbus/.github/workflows/clang-format.yml
[0.327s] -- Symlinking: /home/user/Desktop/ur_pick/ros2_ws/install/onrobot_driver/include/onrobot_driver/Modbus/.github/workflows/cmake-multi-platform.yml
[0.334s] -- Symlinking: /home/user/Desktop/ur_pick/ros2_ws/install/onrobot_driver/include/onrobot_driver/Modbus/.gitignore
[0.348s] -- Symlinking: /home/user/Desktop/ur_pick/ros2_ws/install/onrobot_driver/include/onrobot_driver/Modbus/.gitmodules
[0.357s] -- Symlinking: /home/user/Desktop/ur_pick/ros2_ws/install/onrobot_driver/include/onrobot_driver/Modbus/CMakeLists.txt
[0.372s] -- Symlinking: /home/user/Desktop/ur_pick/ros2_ws/install/onrobot_driver/include/onrobot_driver/Modbus/Doxyfile
[0.384s] -- Symlinking: /home/user/Desktop/ur_pick/ros2_ws/install/onrobot_driver/include/onrobot_driver/Modbus/LICENSE
[0.393s] -- Symlinking: /home/user/Desktop/ur_pick/ros2_ws/install/onrobot_driver/include/onrobot_driver/Modbus/README.md
[0.408s] -- Symlinking: /home/user/Desktop/ur_pick/ros2_ws/install/onrobot_driver/include/onrobot_driver/Modbus/docs/html/Serial_2connection_8hpp_source.html
[0.421s] -- Symlinking: /home/user/Desktop/ur_pick/ros2_ws/install/onrobot_driver/include/onrobot_driver/Modbus/docs/html/TCP_2connection_8hpp_source.html
[0.430s] -- Symlinking: /home/user/Desktop/ur_pick/ros2_ws/install/onrobot_driver/include/onrobot_driver/Modbus/docs/html/annotated.html
[0.444s] -- Symlinking: /home/user/Desktop/ur_pick/ros2_ws/install/onrobot_driver/include/onrobot_driver/Modbus/docs/html/bc_s.png
[0.454s] -- Symlinking: /home/user/Desktop/ur_pick/ros2_ws/install/onrobot_driver/include/onrobot_driver/Modbus/docs/html/bc_sd.png
[0.470s] -- Symlinking: /home/user/Desktop/ur_pick/ros2_ws/install/onrobot_driver/include/onrobot_driver/Modbus/docs/html/bdwn.png
[0.484s] -- Symlinking: /home/user/Desktop/ur_pick/ros2_ws/install/onrobot_driver/include/onrobot_driver/Modbus/docs/html/classMB_1_1ModbusCell-members.html
[0.493s] -- Symlinking: /home/user/Desktop/ur_pick/ros2_ws/install/onrobot_driver/include/onrobot_driver/Modbus/docs/html/classMB_1_1ModbusCell.html
[0.508s] -- Symlinking: /home/user/Desktop/ur_pick/ros2_ws/install/onrobot_driver/include/onrobot_driver/Modbus/docs/html/classMB_1_1ModbusException-members.html
[0.517s] -- Symlinking: /home/user/Desktop/ur_pick/ros2_ws/install/onrobot_driver/include/onrobot_driver/Modbus/docs/html/classMB_1_1ModbusException.html
[0.527s] -- Symlinking: /home/user/Desktop/ur_pick/ros2_ws/install/onrobot_driver/include/onrobot_driver/Modbus/docs/html/classMB_1_1ModbusException.png
[0.538s] -- Symlinking: /home/user/Desktop/ur_pick/ros2_ws/install/onrobot_driver/include/onrobot_driver/Modbus/docs/html/classMB_1_1ModbusRequest-members.html
[0.553s] -- Symlinking: /home/user/Desktop/ur_pick/ros2_ws/install/onrobot_driver/include/onrobot_driver/Modbus/docs/html/classMB_1_1ModbusRequest.html
[0.565s] -- Symlinking: /home/user/Desktop/ur_pick/ros2_ws/install/onrobot_driver/include/onrobot_driver/Modbus/docs/html/classMB_1_1ModbusResponse-members.html
[0.574s] -- Symlinking: /home/user/Desktop/ur_pick/ros2_ws/install/onrobot_driver/include/onrobot_driver/Modbus/docs/html/classMB_1_1ModbusResponse.html
[0.587s] -- Symlinking: /home/user/Desktop/ur_pick/ros2_ws/install/onrobot_driver/include/onrobot_driver/Modbus/docs/html/classMB_1_1Serial_1_1Connection-members.html
[0.596s] -- Symlinking: /home/user/Desktop/ur_pick/ros2_ws/install/onrobot_driver/include/onrobot_driver/Modbus/docs/html/classMB_1_1Serial_1_1Connection.html
[0.611s] -- Symlinking: /home/user/Desktop/ur_pick/ros2_ws/install/onrobot_driver/include/onrobot_driver/Modbus/docs/html/classMB_1_1TCP_1_1Connection-members.html
[0.625s] -- Symlinking: /home/user/Desktop/ur_pick/ros2_ws/install/onrobot_driver/include/onrobot_driver/Modbus/docs/html/classMB_1_1TCP_1_1Connection.html
[0.640s] -- Symlinking: /home/user/Desktop/ur_pick/ros2_ws/install/onrobot_driver/include/onrobot_driver/Modbus/docs/html/classMB_1_1TCP_1_1Server-members.html
[0.654s] -- Symlinking: /home/user/Desktop/ur_pick/ros2_ws/install/onrobot_driver/include/onrobot_driver/Modbus/docs/html/classMB_1_1TCP_1_1Server.html
[0.668s] -- Symlinking: /home/user/Desktop/ur_pick/ros2_ws/install/onrobot_driver/include/onrobot_driver/Modbus/docs/html/classes.html
[0.683s] -- Symlinking: /home/user/Desktop/ur_pick/ros2_ws/install/onrobot_driver/include/onrobot_driver/Modbus/docs/html/clipboard.js
[0.697s] -- Symlinking: /home/user/Desktop/ur_pick/ros2_ws/install/onrobot_driver/include/onrobot_driver/Modbus/docs/html/closed.png
[0.710s] -- Symlinking: /home/user/Desktop/ur_pick/ros2_ws/install/onrobot_driver/include/onrobot_driver/Modbus/docs/html/cookie.js
[0.724s] -- Symlinking: /home/user/Desktop/ur_pick/ros2_ws/install/onrobot_driver/include/onrobot_driver/Modbus/docs/html/crc_8hpp_source.html
[0.738s] -- Symlinking: /home/user/Desktop/ur_pick/ros2_ws/install/onrobot_driver/include/onrobot_driver/Modbus/docs/html/deprecated.html
[0.751s] -- Symlinking: /home/user/Desktop/ur_pick/ros2_ws/install/onrobot_driver/include/onrobot_driver/Modbus/docs/html/dir_5c4711b76244cf820e6fc766a3eae98f.html
[0.759s] -- Symlinking: /home/user/Desktop/ur_pick/ros2_ws/install/onrobot_driver/include/onrobot_driver/Modbus/docs/html/dir_68267d1309a1af8e8297ef4c3efbcdba.html
[0.772s] -- Symlinking: /home/user/Desktop/ur_pick/ros2_ws/install/onrobot_driver/include/onrobot_driver/Modbus/docs/html/dir_89deb882b528f943e97271a20701dad4.html
[0.786s] -- Symlinking: /home/user/Desktop/ur_pick/ros2_ws/install/onrobot_driver/include/onrobot_driver/Modbus/docs/html/dir_bce4fe468017adc58bf81882531ea016.html
[0.800s] -- Symlinking: /home/user/Desktop/ur_pick/ros2_ws/install/onrobot_driver/include/onrobot_driver/Modbus/docs/html/dir_d44c64559bbebec7f509842c48db8b23.html
[0.815s] -- Symlinking: /home/user/Desktop/ur_pick/ros2_ws/install/onrobot_driver/include/onrobot_driver/Modbus/docs/html/dir_f8aebf652183de33714d471cbd098255.html
[0.828s] -- Symlinking: /home/user/Desktop/ur_pick/ros2_ws/install/onrobot_driver/include/onrobot_driver/Modbus/docs/html/dir_fa17a7b3bf7c731ce009520520ae23a8.html
[0.842s] -- Symlinking: /home/user/Desktop/ur_pick/ros2_ws/install/onrobot_driver/include/onrobot_driver/Modbus/docs/html/doc.png
[0.856s] -- Symlinking: /home/user/Desktop/ur_pick/ros2_ws/install/onrobot_driver/include/onrobot_driver/Modbus/docs/html/doc.svg
[0.870s] -- Symlinking: /home/user/Desktop/ur_pick/ros2_ws/install/onrobot_driver/include/onrobot_driver/Modbus/docs/html/docd.svg
[0.885s] -- Symlinking: /home/user/Desktop/ur_pick/ros2_ws/install/onrobot_driver/include/onrobot_driver/Modbus/docs/html/doxygen.css
[0.899s] -- Symlinking: /home/user/Desktop/ur_pick/ros2_ws/install/onrobot_driver/include/onrobot_driver/Modbus/docs/html/doxygen.svg
[0.912s] -- Symlinking: /home/user/Desktop/ur_pick/ros2_ws/install/onrobot_driver/include/onrobot_driver/Modbus/docs/html/doxygen_crawl.html
[0.927s] -- Symlinking: /home/user/Desktop/ur_pick/ros2_ws/install/onrobot_driver/include/onrobot_driver/Modbus/docs/html/dynsections.js
[0.940s] -- Symlinking: /home/user/Desktop/ur_pick/ros2_ws/install/onrobot_driver/include/onrobot_driver/Modbus/docs/html/files.html
[0.954s] -- Symlinking: /home/user/Desktop/ur_pick/ros2_ws/install/onrobot_driver/include/onrobot_driver/Modbus/docs/html/folderclosed.png
[0.970s] -- Symlinking: /home/user/Desktop/ur_pick/ros2_ws/install/onrobot_driver/include/onrobot_driver/Modbus/docs/html/folderclosed.svg
[0.984s] -- Symlinking: /home/user/Desktop/ur_pick/ros2_ws/install/onrobot_driver/include/onrobot_driver/Modbus/docs/html/folderclosedd.svg
[0.998s] -- Symlinking: /home/user/Desktop/ur_pick/ros2_ws/install/onrobot_driver/include/onrobot_driver/Modbus/docs/html/folderopen.png
[1.012s] -- Symlinking: /home/user/Desktop/ur_pick/ros2_ws/install/onrobot_driver/include/onrobot_driver/Modbus/docs/html/folderopen.svg
[1.021s] -- Symlinking: /home/user/Desktop/ur_pick/ros2_ws/install/onrobot_driver/include/onrobot_driver/Modbus/docs/html/folderopend.svg
[1.034s] -- Symlinking: /home/user/Desktop/ur_pick/ros2_ws/install/onrobot_driver/include/onrobot_driver/Modbus/docs/html/functions.html
[1.044s] -- Symlinking: /home/user/Desktop/ur_pick/ros2_ws/install/onrobot_driver/include/onrobot_driver/Modbus/docs/html/functions_func.html
[1.056s] -- Symlinking: /home/user/Desktop/ur_pick/ros2_ws/install/onrobot_driver/include/onrobot_driver/Modbus/docs/html/group__MB.html
[1.073s] -- Symlinking: /home/user/Desktop/ur_pick/ros2_ws/install/onrobot_driver/include/onrobot_driver/Modbus/docs/html/hierarchy.html
[1.085s] -- Symlinking: /home/user/Desktop/ur_pick/ros2_ws/install/onrobot_driver/include/onrobot_driver/Modbus/docs/html/index.html
[1.099s] -- Symlinking: /home/user/Desktop/ur_pick/ros2_ws/install/onrobot_driver/include/onrobot_driver/Modbus/docs/html/jquery.js
[1.112s] -- Symlinking: /home/user/Desktop/ur_pick/ros2_ws/install/onrobot_driver/include/onrobot_driver/Modbus/docs/html/menu.js
[1.121s] -- Symlinking: /home/user/Desktop/ur_pick/ros2_ws/install/onrobot_driver/include/onrobot_driver/Modbus/docs/html/menudata.js
[1.136s] -- Symlinking: /home/user/Desktop/ur_pick/ros2_ws/install/onrobot_driver/include/onrobot_driver/Modbus/docs/html/minus.svg
[1.144s] -- Symlinking: /home/user/Desktop/ur_pick/ros2_ws/install/onrobot_driver/include/onrobot_driver/Modbus/docs/html/minusd.svg
[1.158s] -- Symlinking: /home/user/Desktop/ur_pick/ros2_ws/install/onrobot_driver/include/onrobot_driver/Modbus/docs/html/modbusCell_8hpp_source.html
[1.172s] -- Symlinking: /home/user/Desktop/ur_pick/ros2_ws/install/onrobot_driver/include/onrobot_driver/Modbus/docs/html/modbusException_8hpp_source.html
[1.181s] -- Symlinking: /home/user/Desktop/ur_pick/ros2_ws/install/onrobot_driver/include/onrobot_driver/Modbus/docs/html/modbusRequest_8hpp_source.html
[1.195s] -- Symlinking: /home/user/Desktop/ur_pick/ros2_ws/install/onrobot_driver/include/onrobot_driver/Modbus/docs/html/modbusResponse_8hpp_source.html
[1.208s] -- Symlinking: /home/user/Desktop/ur_pick/ros2_ws/install/onrobot_driver/include/onrobot_driver/Modbus/docs/html/modbusUtils_8hpp_source.html
[1.217s] -- Symlinking: /home/user/Desktop/ur_pick/ros2_ws/install/onrobot_driver/include/onrobot_driver/Modbus/docs/html/modules.html
[1.232s] -- Symlinking: /home/user/Desktop/ur_pick/ros2_ws/install/onrobot_driver/include/onrobot_driver/Modbus/docs/html/namespaceMB.html
[1.245s] -- Symlinking: /home/user/Desktop/ur_pick/ros2_ws/install/onrobot_driver/include/onrobot_driver/Modbus/docs/html/namespaceMB_1_1CRC.html
[1.267s] -- Symlinking: /home/user/Desktop/ur_pick/ros2_ws/install/onrobot_driver/include/onrobot_driver/Modbus/docs/html/namespaceMB_1_1utils.html
[1.281s] -- Symlinking: /home/user/Desktop/ur_pick/ros2_ws/install/onrobot_driver/include/onrobot_driver/Modbus/docs/html/namespacemembers.html
[1.296s] -- Symlinking: /home/user/Desktop/ur_pick/ros2_ws/install/onrobot_driver/include/onrobot_driver/Modbus/docs/html/namespacemembers_enum.html
[1.309s] -- Symlinking: /home/user/Desktop/ur_pick/ros2_ws/install/onrobot_driver/include/onrobot_driver/Modbus/docs/html/namespacemembers_func.html
[1.324s] -- Symlinking: /home/user/Desktop/ur_pick/ros2_ws/install/onrobot_driver/include/onrobot_driver/Modbus/docs/html/namespaces.html
[1.338s] -- Symlinking: /home/user/Desktop/ur_pick/ros2_ws/install/onrobot_driver/include/onrobot_driver/Modbus/docs/html/nav_f.png
[1.351s] -- Symlinking: /home/user/Desktop/ur_pick/ros2_ws/install/onrobot_driver/include/onrobot_driver/Modbus/docs/html/nav_fd.png
[1.367s] -- Symlinking: /home/user/Desktop/ur_pick/ros2_ws/install/onrobot_driver/include/onrobot_driver/Modbus/docs/html/nav_g.png
[1.381s] -- Symlinking: /home/user/Desktop/ur_pick/ros2_ws/install/onrobot_driver/include/onrobot_driver/Modbus/docs/html/nav_h.png
[1.394s] -- Symlinking: /home/user/Desktop/ur_pick/ros2_ws/install/onrobot_driver/include/onrobot_driver/Modbus/docs/html/nav_hd.png
[1.409s] -- Symlinking: /home/user/Desktop/ur_pick/ros2_ws/install/onrobot_driver/include/onrobot_driver/Modbus/docs/html/open.png
[1.423s] -- Symlinking: /home/user/Desktop/ur_pick/ros2_ws/install/onrobot_driver/include/onrobot_driver/Modbus/docs/html/pages.html
[1.436s] -- Symlinking: /home/user/Desktop/ur_pick/ros2_ws/install/onrobot_driver/include/onrobot_driver/Modbus/docs/html/plus.svg
[1.445s] -- Symlinking: /home/user/Desktop/ur_pick/ros2_ws/install/onrobot_driver/include/onrobot_driver/Modbus/docs/html/plusd.svg
[1.460s] -- Symlinking: /home/user/Desktop/ur_pick/ros2_ws/install/onrobot_driver/include/onrobot_driver/Modbus/docs/html/search/all_0.html
[1.469s] -- Symlinking: /home/user/Desktop/ur_pick/ros2_ws/install/onrobot_driver/include/onrobot_driver/Modbus/docs/html/search/all_0.js
[1.483s] -- Symlinking: /home/user/Desktop/ur_pick/ros2_ws/install/onrobot_driver/include/onrobot_driver/Modbus/docs/html/search/all_1.html
[1.498s] -- Symlinking: /home/user/Desktop/ur_pick/ros2_ws/install/onrobot_driver/include/onrobot_driver/Modbus/docs/html/search/all_1.js
[1.511s] -- Symlinking: /home/user/Desktop/ur_pick/ros2_ws/install/onrobot_driver/include/onrobot_driver/Modbus/docs/html/search/all_10.js
[1.521s] -- Symlinking: /home/user/Desktop/ur_pick/ros2_ws/install/onrobot_driver/include/onrobot_driver/Modbus/docs/html/search/all_11.js
[1.536s] -- Symlinking: /home/user/Desktop/ur_pick/ros2_ws/install/onrobot_driver/include/onrobot_driver/Modbus/docs/html/search/all_2.html
[1.545s] -- Symlinking: /home/user/Desktop/ur_pick/ros2_ws/install/onrobot_driver/include/onrobot_driver/Modbus/docs/html/search/all_2.js
[1.559s] -- Symlinking: /home/user/Desktop/ur_pick/ros2_ws/install/onrobot_driver/include/onrobot_driver/Modbus/docs/html/search/all_3.html
[1.573s] -- Symlinking: /home/user/Desktop/ur_pick/ros2_ws/install/onrobot_driver/include/onrobot_driver/Modbus/docs/html/search/all_3.js
[1.588s] -- Symlinking: /home/user/Desktop/ur_pick/ros2_ws/install/onrobot_driver/include/onrobot_driver/Modbus/docs/html/search/all_4.html
[1.596s] -- Symlinking: /home/user/Desktop/ur_pick/ros2_ws/install/onrobot_driver/include/onrobot_driver/Modbus/docs/html/search/all_4.js
[1.614s] -- Symlinking: /home/user/Desktop/ur_pick/ros2_ws/install/onrobot_driver/include/onrobot_driver/Modbus/docs/html/search/all_5.html
[1.628s] -- Symlinking: /home/user/Desktop/ur_pick/ros2_ws/install/onrobot_driver/include/onrobot_driver/Modbus/docs/html/search/all_5.js
[1.643s] -- Symlinking: /home/user/Desktop/ur_pick/ros2_ws/install/onrobot_driver/include/onrobot_driver/Modbus/docs/html/search/all_6.html
[1.657s] -- Symlinking: /home/user/Desktop/ur_pick/ros2_ws/install/onrobot_driver/include/onrobot_driver/Modbus/docs/html/search/all_6.js
[1.671s] -- Symlinking: /home/user/Desktop/ur_pick/ros2_ws/install/onrobot_driver/include/onrobot_driver/Modbus/docs/html/search/all_7.html
[1.684s] -- Symlinking: /home/user/Desktop/ur_pick/ros2_ws/install/onrobot_driver/include/onrobot_driver/Modbus/docs/html/search/all_7.js
[1.700s] -- Symlinking: /home/user/Desktop/ur_pick/ros2_ws/install/onrobot_driver/include/onrobot_driver/Modbus/docs/html/search/all_8.html
[1.714s] -- Symlinking: /home/user/Desktop/ur_pick/ros2_ws/install/onrobot_driver/include/onrobot_driver/Modbus/docs/html/search/all_8.js
[1.727s] -- Symlinking: /home/user/Desktop/ur_pick/ros2_ws/install/onrobot_driver/include/onrobot_driver/Modbus/docs/html/search/all_9.html
[1.741s] -- Symlinking: /home/user/Desktop/ur_pick/ros2_ws/install/onrobot_driver/include/onrobot_driver/Modbus/docs/html/search/all_9.js
[1.755s] -- Symlinking: /home/user/Desktop/ur_pick/ros2_ws/install/onrobot_driver/include/onrobot_driver/Modbus/docs/html/search/all_a.js
[1.769s] -- Symlinking: /home/user/Desktop/ur_pick/ros2_ws/install/onrobot_driver/include/onrobot_driver/Modbus/docs/html/search/all_b.js
[1.783s] -- Symlinking: /home/user/Desktop/ur_pick/ros2_ws/install/onrobot_driver/include/onrobot_driver/Modbus/docs/html/search/all_c.js
[1.797s] -- Symlinking: /home/user/Desktop/ur_pick/ros2_ws/install/onrobot_driver/include/onrobot_driver/Modbus/docs/html/search/all_d.js
[1.811s] -- Symlinking: /home/user/Desktop/ur_pick/ros2_ws/install/onrobot_driver/include/onrobot_driver/Modbus/docs/html/search/all_e.js
[1.825s] -- Symlinking: /home/user/Desktop/ur_pick/ros2_ws/install/onrobot_driver/include/onrobot_driver/Modbus/docs/html/search/all_f.js
[1.841s] -- Symlinking: /home/user/Desktop/ur_pick/ros2_ws/install/onrobot_driver/include/onrobot_driver/Modbus/docs/html/search/classes_0.html
[1.850s] -- Symlinking: /home/user/Desktop/ur_pick/ros2_ws/install/onrobot_driver/include/onrobot_driver/Modbus/docs/html/search/classes_0.js
[1.862s] -- Symlinking: /home/user/Desktop/ur_pick/ros2_ws/install/onrobot_driver/include/onrobot_driver/Modbus/docs/html/search/classes_1.html
[1.876s] -- Symlinking: /home/user/Desktop/ur_pick/ros2_ws/install/onrobot_driver/include/onrobot_driver/Modbus/docs/html/search/classes_1.js
[1.891s] -- Symlinking: /home/user/Desktop/ur_pick/ros2_ws/install/onrobot_driver/include/onrobot_driver/Modbus/docs/html/search/classes_2.html
[1.904s] -- Symlinking: /home/user/Desktop/ur_pick/ros2_ws/install/onrobot_driver/include/onrobot_driver/Modbus/docs/html/search/classes_2.js
[1.912s] -- Symlinking: /home/user/Desktop/ur_pick/ros2_ws/install/onrobot_driver/include/onrobot_driver/Modbus/docs/html/search/close.svg
[1.927s] -- Symlinking: /home/user/Desktop/ur_pick/ros2_ws/install/onrobot_driver/include/onrobot_driver/Modbus/docs/html/search/enums_0.html
[1.937s] -- Symlinking: /home/user/Desktop/ur_pick/ros2_ws/install/onrobot_driver/include/onrobot_driver/Modbus/docs/html/search/enums_0.js
[1.948s] -- Symlinking: /home/user/Desktop/ur_pick/ros2_ws/install/onrobot_driver/include/onrobot_driver/Modbus/docs/html/search/functions_0.html
[1.957s] -- Symlinking: /home/user/Desktop/ur_pick/ros2_ws/install/onrobot_driver/include/onrobot_driver/Modbus/docs/html/search/functions_0.js
[1.971s] -- Symlinking: /home/user/Desktop/ur_pick/ros2_ws/install/onrobot_driver/include/onrobot_driver/Modbus/docs/html/search/functions_1.html
[1.980s] -- Symlinking: /home/user/Desktop/ur_pick/ros2_ws/install/onrobot_driver/include/onrobot_driver/Modbus/docs/html/search/functions_1.js
[1.989s] -- Symlinking: /home/user/Desktop/ur_pick/ros2_ws/install/onrobot_driver/include/onrobot_driver/Modbus/docs/html/search/functions_2.html
[2.003s] -- Symlinking: /home/user/Desktop/ur_pick/ros2_ws/install/onrobot_driver/include/onrobot_driver/Modbus/docs/html/search/functions_2.js
[2.011s] -- Symlinking: /home/user/Desktop/ur_pick/ros2_ws/install/onrobot_driver/include/onrobot_driver/Modbus/docs/html/search/functions_3.html
[2.024s] -- Symlinking: /home/user/Desktop/ur_pick/ros2_ws/install/onrobot_driver/include/onrobot_driver/Modbus/docs/html/search/functions_3.js
[2.033s] -- Symlinking: /home/user/Desktop/ur_pick/ros2_ws/install/onrobot_driver/include/onrobot_driver/Modbus/docs/html/search/functions_4.html
[2.046s] -- Symlinking: /home/user/Desktop/ur_pick/ros2_ws/install/onrobot_driver/include/onrobot_driver/Modbus/docs/html/search/functions_4.js
[2.060s] -- Symlinking: /home/user/Desktop/ur_pick/ros2_ws/install/onrobot_driver/include/onrobot_driver/Modbus/docs/html/search/functions_5.html
[2.069s] -- Symlinking: /home/user/Desktop/ur_pick/ros2_ws/install/onrobot_driver/include/onrobot_driver/Modbus/docs/html/search/functions_5.js
[2.084s] -- Symlinking: /home/user/Desktop/ur_pick/ros2_ws/install/onrobot_driver/include/onrobot_driver/Modbus/docs/html/search/functions_6.html
[2.092s] -- Symlinking: /home/user/Desktop/ur_pick/ros2_ws/install/onrobot_driver/include/onrobot_driver/Modbus/docs/html/search/functions_6.js
[2.107s] -- Symlinking: /home/user/Desktop/ur_pick/ros2_ws/install/onrobot_driver/include/onrobot_driver/Modbus/docs/html/search/functions_7.html
[2.120s] -- Symlinking: /home/user/Desktop/ur_pick/ros2_ws/install/onrobot_driver/include/onrobot_driver/Modbus/docs/html/search/functions_7.js
[2.134s] -- Symlinking: /home/user/Desktop/ur_pick/ros2_ws/install/onrobot_driver/include/onrobot_driver/Modbus/docs/html/search/functions_8.html
[2.142s] -- Symlinking: /home/user/Desktop/ur_pick/ros2_ws/install/onrobot_driver/include/onrobot_driver/Modbus/docs/html/search/functions_8.js
[2.155s] -- Symlinking: /home/user/Desktop/ur_pick/ros2_ws/install/onrobot_driver/include/onrobot_driver/Modbus/docs/html/search/functions_9.html
[2.169s] -- Symlinking: /home/user/Desktop/ur_pick/ros2_ws/install/onrobot_driver/include/onrobot_driver/Modbus/docs/html/search/functions_9.js
[2.181s] -- Symlinking: /home/user/Desktop/ur_pick/ros2_ws/install/onrobot_driver/include/onrobot_driver/Modbus/docs/html/search/functions_a.js
[2.195s] -- Symlinking: /home/user/Desktop/ur_pick/ros2_ws/install/onrobot_driver/include/onrobot_driver/Modbus/docs/html/search/mag.svg
[2.208s] -- Symlinking: /home/user/Desktop/ur_pick/ros2_ws/install/onrobot_driver/include/onrobot_driver/Modbus/docs/html/search/mag_d.svg
[2.222s] -- Symlinking: /home/user/Desktop/ur_pick/ros2_ws/install/onrobot_driver/include/onrobot_driver/Modbus/docs/html/search/mag_sel.svg
[2.231s] -- Symlinking: /home/user/Desktop/ur_pick/ros2_ws/install/onrobot_driver/include/onrobot_driver/Modbus/docs/html/search/mag_seld.svg
[2.246s] -- Symlinking: /home/user/Desktop/ur_pick/ros2_ws/install/onrobot_driver/include/onrobot_driver/Modbus/docs/html/search/namespaces_0.html
[2.255s] -- Symlinking: /home/user/Desktop/ur_pick/ros2_ws/install/onrobot_driver/include/onrobot_driver/Modbus/docs/html/search/namespaces_0.js
[2.268s] -- Symlinking: /home/user/Desktop/ur_pick/ros2_ws/install/onrobot_driver/include/onrobot_driver/Modbus/docs/html/search/nomatches.html
[2.276s] -- Symlinking: /home/user/Desktop/ur_pick/ros2_ws/install/onrobot_driver/include/onrobot_driver/Modbus/docs/html/search/pages_0.js
[2.292s] -- Symlinking: /home/user/Desktop/ur_pick/ros2_ws/install/onrobot_driver/include/onrobot_driver/Modbus/docs/html/search/pages_1.js
[2.306s] -- Symlinking: /home/user/Desktop/ur_pick/ros2_ws/install/onrobot_driver/include/onrobot_driver/Modbus/docs/html/search/pages_2.js
[2.314s] -- Symlinking: /home/user/Desktop/ur_pick/ros2_ws/install/onrobot_driver/include/onrobot_driver/Modbus/docs/html/search/pages_3.js
[2.329s] -- Symlinking: /home/user/Desktop/ur_pick/ros2_ws/install/onrobot_driver/include/onrobot_driver/Modbus/docs/html/search/search.css
[2.339s] -- Symlinking: /home/user/Desktop/ur_pick/ros2_ws/install/onrobot_driver/include/onrobot_driver/Modbus/docs/html/search/search.js
[2.353s] -- Symlinking: /home/user/Desktop/ur_pick/ros2_ws/install/onrobot_driver/include/onrobot_driver/Modbus/docs/html/search/search_l.png
[2.369s] -- Symlinking: /home/user/Desktop/ur_pick/ros2_ws/install/onrobot_driver/include/onrobot_driver/Modbus/docs/html/search/search_m.png
[2.383s] -- Symlinking: /home/user/Desktop/ur_pick/ros2_ws/install/onrobot_driver/include/onrobot_driver/Modbus/docs/html/search/search_r.png
[2.398s] -- Symlinking: /home/user/Desktop/ur_pick/ros2_ws/install/onrobot_driver/include/onrobot_driver/Modbus/docs/html/search/searchdata.js
[2.407s] -- Symlinking: /home/user/Desktop/ur_pick/ros2_ws/install/onrobot_driver/include/onrobot_driver/Modbus/docs/html/server_8hpp_source.html
[2.421s] -- Symlinking: /home/user/Desktop/ur_pick/ros2_ws/install/onrobot_driver/include/onrobot_driver/Modbus/docs/html/splitbar.png
[2.430s] -- Symlinking: /home/user/Desktop/ur_pick/ros2_ws/install/onrobot_driver/include/onrobot_driver/Modbus/docs/html/splitbard.png
[2.445s] -- Symlinking: /home/user/Desktop/ur_pick/ros2_ws/install/onrobot_driver/include/onrobot_driver/Modbus/docs/html/sync_off.png
[2.454s] -- Symlinking: /home/user/Desktop/ur_pick/ros2_ws/install/onrobot_driver/include/onrobot_driver/Modbus/docs/html/sync_on.png
[2.468s] -- Symlinking: /home/user/Desktop/ur_pick/ros2_ws/install/onrobot_driver/include/onrobot_driver/Modbus/docs/html/tab_a.png
[2.483s] -- Symlinking: /home/user/Desktop/ur_pick/ros2_ws/install/onrobot_driver/include/onrobot_driver/Modbus/docs/html/tab_ad.png
[2.491s] -- Symlinking: /home/user/Desktop/ur_pick/ros2_ws/install/onrobot_driver/include/onrobot_driver/Modbus/docs/html/tab_b.png
[2.506s] -- Symlinking: /home/user/Desktop/ur_pick/ros2_ws/install/onrobot_driver/include/onrobot_driver/Modbus/docs/html/tab_bd.png
[2.520s] -- Symlinking: /home/user/Desktop/ur_pick/ros2_ws/install/onrobot_driver/include/onrobot_driver/Modbus/docs/html/tab_h.png
[2.534s] -- Symlinking: /home/user/Desktop/ur_pick/ros2_ws/install/onrobot_driver/include/onrobot_driver/Modbus/docs/html/tab_hd.png
[2.548s] -- Symlinking: /home/user/Desktop/ur_pick/ros2_ws/install/onrobot_driver/include/onrobot_driver/Modbus/docs/html/tab_s.png
[2.562s] -- Symlinking: /home/user/Desktop/ur_pick/ros2_ws/install/onrobot_driver/include/onrobot_driver/Modbus/docs/html/tab_sd.png
[2.576s] -- Symlinking: /home/user/Desktop/ur_pick/ros2_ws/install/onrobot_driver/include/onrobot_driver/Modbus/docs/html/tabs.css
[2.584s] -- Symlinking: /home/user/Desktop/ur_pick/ros2_ws/install/onrobot_driver/include/onrobot_driver/Modbus/example/main.cpp
[2.599s] -- Symlinking: /home/user/Desktop/ur_pick/ros2_ws/install/onrobot_driver/include/onrobot_driver/Modbus/include/MB/Serial/connection.hpp
[2.608s] -- Symlinking: /home/user/Desktop/ur_pick/ros2_ws/install/onrobot_driver/include/onrobot_driver/Modbus/include/MB/TCP/connection.hpp
[2.622s] -- Symlinking: /home/user/Desktop/ur_pick/ros2_ws/install/onrobot_driver/include/onrobot_driver/Modbus/include/MB/TCP/server.hpp
[2.631s] -- Symlinking: /home/user/Desktop/ur_pick/ros2_ws/install/onrobot_driver/include/onrobot_driver/Modbus/include/MB/crc.hpp
[2.645s] -- Symlinking: /home/user/Desktop/ur_pick/ros2_ws/install/onrobot_driver/include/onrobot_driver/Modbus/include/MB/modbusCell.hpp
[2.659s] -- Symlinking: /home/user/Desktop/ur_pick/ros2_ws/install/onrobot_driver/include/onrobot_driver/Modbus/include/MB/modbusException.hpp
[2.668s] -- Symlinking: /home/user/Desktop/ur_pick/ros2_ws/install/onrobot_driver/include/onrobot_driver/Modbus/include/MB/modbusRequest.hpp
[2.681s] -- Symlinking: /home/user/Desktop/ur_pick/ros2_ws/install/onrobot_driver/include/onrobot_driver/Modbus/include/MB/modbusResponse.hpp
[2.690s] -- Symlinking: /home/user/Desktop/ur_pick/ros2_ws/install/onrobot_driver/include/onrobot_driver/Modbus/include/MB/modbusUtils.hpp
[2.705s] -- Symlinking: /home/user/Desktop/ur_pick/ros2_ws/install/onrobot_driver/include/onrobot_driver/Modbus/reformat-all.sh
[2.714s] -- Symlinking: /home/user/Desktop/ur_pick/ros2_ws/install/onrobot_driver/include/onrobot_driver/Modbus/shell.nix
[2.726s] -- Symlinking: /home/user/Desktop/ur_pick/ros2_ws/install/onrobot_driver/include/onrobot_driver/Modbus/src/CMakeLists.txt
[2.739s] -- Symlinking: /home/user/Desktop/ur_pick/ros2_ws/install/onrobot_driver/include/onrobot_driver/Modbus/src/Serial/CMakeLists.txt
[2.754s] -- Symlinking: /home/user/Desktop/ur_pick/ros2_ws/install/onrobot_driver/include/onrobot_driver/Modbus/src/Serial/connection.cpp
[2.767s] -- Symlinking: /home/user/Desktop/ur_pick/ros2_ws/install/onrobot_driver/include/onrobot_driver/Modbus/src/TCP/CMakeLists.txt
[2.782s] -- Symlinking: /home/user/Desktop/ur_pick/ros2_ws/install/onrobot_driver/include/onrobot_driver/Modbus/src/TCP/connection.cpp
[2.796s] -- Symlinking: /home/user/Desktop/ur_pick/ros2_ws/install/onrobot_driver/include/onrobot_driver/Modbus/src/TCP/server.cpp
[2.811s] -- Symlinking: /home/user/Desktop/ur_pick/ros2_ws/install/onrobot_driver/include/onrobot_driver/Modbus/src/crc.cpp
[2.823s] -- Symlinking: /home/user/Desktop/ur_pick/ros2_ws/install/onrobot_driver/include/onrobot_driver/Modbus/src/modbusException.cpp
[2.837s] -- Symlinking: /home/user/Desktop/ur_pick/ros2_ws/install/onrobot_driver/include/onrobot_driver/Modbus/src/modbusRequest.cpp
[2.852s] -- Symlinking: /home/user/Desktop/ur_pick/ros2_ws/install/onrobot_driver/include/onrobot_driver/Modbus/src/modbusResponse.cpp
[2.860s] -- Symlinking: /home/user/Desktop/ur_pick/ros2_ws/install/onrobot_driver/include/onrobot_driver/Modbus/tests/CMakeLists.txt
[2.874s] -- Symlinking: /home/user/Desktop/ur_pick/ros2_ws/install/onrobot_driver/include/onrobot_driver/Modbus/tests/MB/ModbusCellTests.cpp
[2.883s] -- Symlinking: /home/user/Desktop/ur_pick/ros2_ws/install/onrobot_driver/include/onrobot_driver/Modbus/tests/MB/ModbusExceptionTests.cpp
[2.895s] -- Symlinking: /home/user/Desktop/ur_pick/ros2_ws/install/onrobot_driver/include/onrobot_driver/Modbus/tests/MB/ModbusFunctionalTests.cpp
[2.904s] -- Symlinking: /home/user/Desktop/ur_pick/ros2_ws/install/onrobot_driver/include/onrobot_driver/Modbus/tests/MB/ModbusRequestTests.cpp
[2.916s] -- Symlinking: /home/user/Desktop/ur_pick/ros2_ws/install/onrobot_driver/include/onrobot_driver/Modbus/tests/MB/ModbusResponseTests.cpp
[2.928s] -- Symlinking: /home/user/Desktop/ur_pick/ros2_ws/install/onrobot_driver/include/onrobot_driver/Modbus/tests/googletest/.clang-format
[2.942s] -- Symlinking: /home/user/Desktop/ur_pick/ros2_ws/install/onrobot_driver/include/onrobot_driver/Modbus/tests/googletest/.git
[2.956s] -- Symlinking: /home/user/Desktop/ur_pick/ros2_ws/install/onrobot_driver/include/onrobot_driver/Modbus/tests/googletest/.github/ISSUE_TEMPLATE/00-bug_report.md
[2.970s] -- Symlinking: /home/user/Desktop/ur_pick/ros2_ws/install/onrobot_driver/include/onrobot_driver/Modbus/tests/googletest/.github/ISSUE_TEMPLATE/10-feature_request.md
[2.984s] -- Symlinking: /home/user/Desktop/ur_pick/ros2_ws/install/onrobot_driver/include/onrobot_driver/Modbus/tests/googletest/.github/ISSUE_TEMPLATE/config.yml
[2.998s] -- Symlinking: /home/user/Desktop/ur_pick/ros2_ws/install/onrobot_driver/include/onrobot_driver/Modbus/tests/googletest/.github/workflows/gtest-ci.yml
[3.013s] -- Symlinking: /home/user/Desktop/ur_pick/ros2_ws/install/onrobot_driver/include/onrobot_driver/Modbus/tests/googletest/.gitignore
[3.027s] -- Symlinking: /home/user/Desktop/ur_pick/ros2_ws/install/onrobot_driver/include/onrobot_driver/Modbus/tests/googletest/BUILD.bazel
[3.042s] -- Symlinking: /home/user/Desktop/ur_pick/ros2_ws/install/onrobot_driver/include/onrobot_driver/Modbus/tests/googletest/CMakeLists.txt
[3.056s] -- Symlinking: /home/user/Desktop/ur_pick/ros2_ws/install/onrobot_driver/include/onrobot_driver/Modbus/tests/googletest/CONTRIBUTING.md
[3.070s] -- Symlinking: /home/user/Desktop/ur_pick/ros2_ws/install/onrobot_driver/include/onrobot_driver/Modbus/tests/googletest/CONTRIBUTORS
[3.085s] -- Symlinking: /home/user/Desktop/ur_pick/ros2_ws/install/onrobot_driver/include/onrobot_driver/Modbus/tests/googletest/LICENSE
[3.100s] -- Symlinking: /home/user/Desktop/ur_pick/ros2_ws/install/onrobot_driver/include/onrobot_driver/Modbus/tests/googletest/README.md
[3.115s] -- Symlinking: /home/user/Desktop/ur_pick/ros2_ws/install/onrobot_driver/include/onrobot_driver/Modbus/tests/googletest/WORKSPACE
[3.124s] -- Symlinking: /home/user/Desktop/ur_pick/ros2_ws/install/onrobot_driver/include/onrobot_driver/Modbus/tests/googletest/ci/linux-presubmit.sh
[3.136s] -- Symlinking: /home/user/Desktop/ur_pick/ros2_ws/install/onrobot_driver/include/onrobot_driver/Modbus/tests/googletest/ci/macos-presubmit.sh
[3.145s] -- Symlinking: /home/user/Desktop/ur_pick/ros2_ws/install/onrobot_driver/include/onrobot_driver/Modbus/tests/googletest/docs/_config.yml
[3.160s] -- Symlinking: /home/user/Desktop/ur_pick/ros2_ws/install/onrobot_driver/include/onrobot_driver/Modbus/tests/googletest/docs/_data/navigation.yml
[3.174s] -- Symlinking: /home/user/Desktop/ur_pick/ros2_ws/install/onrobot_driver/include/onrobot_driver/Modbus/tests/googletest/docs/_layouts/default.html
[3.183s] -- Symlinking: /home/user/Desktop/ur_pick/ros2_ws/install/onrobot_driver/include/onrobot_driver/Modbus/tests/googletest/docs/_sass/main.scss
[3.197s] -- Symlinking: /home/user/Desktop/ur_pick/ros2_ws/install/onrobot_driver/include/onrobot_driver/Modbus/tests/googletest/docs/advanced.md
[3.206s] -- Symlinking: /home/user/Desktop/ur_pick/ros2_ws/install/onrobot_driver/include/onrobot_driver/Modbus/tests/googletest/docs/assets/css/style.scss
[3.220s] -- Symlinking: /home/user/Desktop/ur_pick/ros2_ws/install/onrobot_driver/include/onrobot_driver/Modbus/tests/googletest/docs/community_created_documentation.md
[3.228s] -- Symlinking: /home/user/Desktop/ur_pick/ros2_ws/install/onrobot_driver/include/onrobot_driver/Modbus/tests/googletest/docs/faq.md
[3.243s] -- Symlinking: /home/user/Desktop/ur_pick/ros2_ws/install/onrobot_driver/include/onrobot_driver/Modbus/tests/googletest/docs/gmock_cheat_sheet.md
[3.259s] -- Symlinking: /home/user/Desktop/ur_pick/ros2_ws/install/onrobot_driver/include/onrobot_driver/Modbus/tests/googletest/docs/gmock_cook_book.md
[3.271s] -- Symlinking: /home/user/Desktop/ur_pick/ros2_ws/install/onrobot_driver/include/onrobot_driver/Modbus/tests/googletest/docs/gmock_faq.md
[3.286s] -- Symlinking: /home/user/Desktop/ur_pick/ros2_ws/install/onrobot_driver/include/onrobot_driver/Modbus/tests/googletest/docs/gmock_for_dummies.md
[3.302s] -- Symlinking: /home/user/Desktop/ur_pick/ros2_ws/install/onrobot_driver/include/onrobot_driver/Modbus/tests/googletest/docs/index.md
[3.315s] -- Symlinking: /home/user/Desktop/ur_pick/ros2_ws/install/onrobot_driver/include/onrobot_driver/Modbus/tests/googletest/docs/pkgconfig.md
[3.329s] -- Symlinking: /home/user/Desktop/ur_pick/ros2_ws/install/onrobot_driver/include/onrobot_driver/Modbus/tests/googletest/docs/platforms.md
[3.342s] -- Symlinking: /home/user/Desktop/ur_pick/ros2_ws/install/onrobot_driver/include/onrobot_driver/Modbus/tests/googletest/docs/primer.md
[3.351s] -- Symlinking: /home/user/Desktop/ur_pick/ros2_ws/install/onrobot_driver/include/onrobot_driver/Modbus/tests/googletest/docs/quickstart-bazel.md
[3.365s] -- Symlinking: /home/user/Desktop/ur_pick/ros2_ws/install/onrobot_driver/include/onrobot_driver/Modbus/tests/googletest/docs/quickstart-cmake.md
[3.374s] -- Symlinking: /home/user/Desktop/ur_pick/ros2_ws/install/onrobot_driver/include/onrobot_driver/Modbus/tests/googletest/docs/reference/actions.md
[3.388s] -- Symlinking: /home/user/Desktop/ur_pick/ros2_ws/install/onrobot_driver/include/onrobot_driver/Modbus/tests/googletest/docs/reference/assertions.md
[3.402s] -- Symlinking: /home/user/Desktop/ur_pick/ros2_ws/install/onrobot_driver/include/onrobot_driver/Modbus/tests/googletest/docs/reference/matchers.md
[3.416s] -- Symlinking: /home/user/Desktop/ur_pick/ros2_ws/install/onrobot_driver/include/onrobot_driver/Modbus/tests/googletest/docs/reference/mocking.md
[3.430s] -- Symlinking: /home/user/Desktop/ur_pick/ros2_ws/install/onrobot_driver/include/onrobot_driver/Modbus/tests/googletest/docs/reference/testing.md
[3.443s] -- Symlinking: /home/user/Desktop/ur_pick/ros2_ws/install/onrobot_driver/include/onrobot_driver/Modbus/tests/googletest/docs/samples.md
[3.457s] -- Symlinking: /home/user/Desktop/ur_pick/ros2_ws/install/onrobot_driver/include/onrobot_driver/Modbus/tests/googletest/googlemock/CMakeLists.txt
[3.471s] -- Symlinking: /home/user/Desktop/ur_pick/ros2_ws/install/onrobot_driver/include/onrobot_driver/Modbus/tests/googletest/googlemock/README.md
[3.484s] -- Symlinking: /home/user/Desktop/ur_pick/ros2_ws/install/onrobot_driver/include/onrobot_driver/Modbus/tests/googletest/googlemock/cmake/gmock.pc.in
[3.494s] -- Symlinking: /home/user/Desktop/ur_pick/ros2_ws/install/onrobot_driver/include/onrobot_driver/Modbus/tests/googletest/googlemock/cmake/gmock_main.pc.in
[3.509s] -- Symlinking: /home/user/Desktop/ur_pick/ros2_ws/install/onrobot_driver/include/onrobot_driver/Modbus/tests/googletest/googlemock/docs/README.md
[3.524s] -- Symlinking: /home/user/Desktop/ur_pick/ros2_ws/install/onrobot_driver/include/onrobot_driver/Modbus/tests/googletest/googlemock/include/gmock/gmock-actions.h
[3.539s] -- Symlinking: /home/user/Desktop/ur_pick/ros2_ws/install/onrobot_driver/include/onrobot_driver/Modbus/tests/googletest/googlemock/include/gmock/gmock-cardinalities.h
[3.553s] -- Symlinking: /home/user/Desktop/ur_pick/ros2_ws/install/onrobot_driver/include/onrobot_driver/Modbus/tests/googletest/googlemock/include/gmock/gmock-function-mocker.h
[3.566s] -- Symlinking: /home/user/Desktop/ur_pick/ros2_ws/install/onrobot_driver/include/onrobot_driver/Modbus/tests/googletest/googlemock/include/gmock/gmock-matchers.h
[3.581s] -- Symlinking: /home/user/Desktop/ur_pick/ros2_ws/install/onrobot_driver/include/onrobot_driver/Modbus/tests/googletest/googlemock/include/gmock/gmock-more-actions.h
[3.595s] -- Symlinking: /home/user/Desktop/ur_pick/ros2_ws/install/onrobot_driver/include/onrobot_driver/Modbus/tests/googletest/googlemock/include/gmock/gmock-more-matchers.h
[3.609s] -- Symlinking: /home/user/Desktop/ur_pick/ros2_ws/install/onrobot_driver/include/onrobot_driver/Modbus/tests/googletest/googlemock/include/gmock/gmock-nice-strict.h
[3.624s] -- Symlinking: /home/user/Desktop/ur_pick/ros2_ws/install/onrobot_driver/include/onrobot_driver/Modbus/tests/googletest/googlemock/include/gmock/gmock-spec-builders.h
[3.637s] -- Symlinking: /home/user/Desktop/ur_pick/ros2_ws/install/onrobot_driver/include/onrobot_driver/Modbus/tests/googletest/googlemock/include/gmock/gmock.h
[3.652s] -- Symlinking: /home/user/Desktop/ur_pick/ros2_ws/install/onrobot_driver/include/onrobot_driver/Modbus/tests/googletest/googlemock/include/gmock/internal/custom/README.md
[3.667s] -- Symlinking: /home/user/Desktop/ur_pick/ros2_ws/install/onrobot_driver/include/onrobot_driver/Modbus/tests/googletest/googlemock/include/gmock/internal/custom/gmock-generated-actions.h
[3.681s] -- Symlinking: /home/user/Desktop/ur_pick/ros2_ws/install/onrobot_driver/include/onrobot_driver/Modbus/tests/googletest/googlemock/include/gmock/internal/custom/gmock-matchers.h
[3.695s] -- Symlinking: /home/user/Desktop/ur_pick/ros2_ws/install/onrobot_driver/include/onrobot_driver/Modbus/tests/googletest/googlemock/include/gmock/internal/custom/gmock-port.h
[3.704s] -- Symlinking: /home/user/Desktop/ur_pick/ros2_ws/install/onrobot_driver/include/onrobot_driver/Modbus/tests/googletest/googlemock/include/gmock/internal/gmock-internal-utils.h
[3.718s] -- Symlinking: /home/user/Desktop/ur_pick/ros2_ws/install/onrobot_driver/include/onrobot_driver/Modbus/tests/googletest/googlemock/include/gmock/internal/gmock-port.h
[3.733s] -- Symlinking: /home/user/Desktop/ur_pick/ros2_ws/install/onrobot_driver/include/onrobot_driver/Modbus/tests/googletest/googlemock/include/gmock/internal/gmock-pp.h
[3.741s] -- Symlinking: /home/user/Desktop/ur_pick/ros2_ws/install/onrobot_driver/include/onrobot_driver/Modbus/tests/googletest/googlemock/src/gmock-all.cc
[3.757s] -- Symlinking: /home/user/Desktop/ur_pick/ros2_ws/install/onrobot_driver/include/onrobot_driver/Modbus/tests/googletest/googlemock/src/gmock-cardinalities.cc
[3.766s] -- Symlinking: /home/user/Desktop/ur_pick/ros2_ws/install/onrobot_driver/include/onrobot_driver/Modbus/tests/googletest/googlemock/src/gmock-internal-utils.cc
[3.781s] -- Symlinking: /home/user/Desktop/ur_pick/ros2_ws/install/onrobot_driver/include/onrobot_driver/Modbus/tests/googletest/googlemock/src/gmock-matchers.cc
[3.795s] -- Symlinking: /home/user/Desktop/ur_pick/ros2_ws/install/onrobot_driver/include/onrobot_driver/Modbus/tests/googletest/googlemock/src/gmock-spec-builders.cc
[3.810s] -- Symlinking: /home/user/Desktop/ur_pick/ros2_ws/install/onrobot_driver/include/onrobot_driver/Modbus/tests/googletest/googlemock/src/gmock.cc
[3.825s] -- Symlinking: /home/user/Desktop/ur_pick/ros2_ws/install/onrobot_driver/include/onrobot_driver/Modbus/tests/googletest/googlemock/src/gmock_main.cc
[3.840s] -- Symlinking: /home/user/Desktop/ur_pick/ros2_ws/install/onrobot_driver/include/onrobot_driver/Modbus/tests/googletest/googlemock/test/BUILD.bazel
[3.848s] -- Symlinking: /home/user/Desktop/ur_pick/ros2_ws/install/onrobot_driver/include/onrobot_driver/Modbus/tests/googletest/googlemock/test/gmock-actions_test.cc
[3.863s] -- Symlinking: /home/user/Desktop/ur_pick/ros2_ws/install/onrobot_driver/include/onrobot_driver/Modbus/tests/googletest/googlemock/test/gmock-cardinalities_test.cc
[3.878s] -- Symlinking: /home/user/Desktop/ur_pick/ros2_ws/install/onrobot_driver/include/onrobot_driver/Modbus/tests/googletest/googlemock/test/gmock-function-mocker_test.cc
[3.892s] -- Symlinking: /home/user/Desktop/ur_pick/ros2_ws/install/onrobot_driver/include/onrobot_driver/Modbus/tests/googletest/googlemock/test/gmock-internal-utils_test.cc
[3.906s] -- Symlinking: /home/user/Desktop/ur_pick/ros2_ws/install/onrobot_driver/include/onrobot_driver/Modbus/tests/googletest/googlemock/test/gmock-matchers-arithmetic_test.cc
[3.920s] -- Symlinking: /home/user/Desktop/ur_pick/ros2_ws/install/onrobot_driver/include/onrobot_driver/Modbus/tests/googletest/googlemock/test/gmock-matchers-comparisons_test.cc
[3.935s] -- Symlinking: /home/user/Desktop/ur_pick/ros2_ws/install/onrobot_driver/include/onrobot_driver/Modbus/tests/googletest/googlemock/test/gmock-matchers-containers_test.cc
[3.948s] -- Symlinking: /home/user/Desktop/ur_pick/ros2_ws/install/onrobot_driver/include/onrobot_driver/Modbus/tests/googletest/googlemock/test/gmock-matchers-misc_test.cc
[3.957s] -- Symlinking: /home/user/Desktop/ur_pick/ros2_ws/install/onrobot_driver/include/onrobot_driver/Modbus/tests/googletest/googlemock/test/gmock-matchers_test.h
[3.971s] -- Symlinking: /home/user/Desktop/ur_pick/ros2_ws/install/onrobot_driver/include/onrobot_driver/Modbus/tests/googletest/googlemock/test/gmock-more-actions_test.cc
[3.980s] -- Symlinking: /home/user/Desktop/ur_pick/ros2_ws/install/onrobot_driver/include/onrobot_driver/Modbus/tests/googletest/googlemock/test/gmock-nice-strict_test.cc
[3.994s] -- Symlinking: /home/user/Desktop/ur_pick/ros2_ws/install/onrobot_driver/include/onrobot_driver/Modbus/tests/googletest/googlemock/test/gmock-port_test.cc
[4.006s] -- Symlinking: /home/user/Desktop/ur_pick/ros2_ws/install/onrobot_driver/include/onrobot_driver/Modbus/tests/googletest/googlemock/test/gmock-pp-string_test.cc
[4.018s] -- Symlinking: /home/user/Desktop/ur_pick/ros2_ws/install/onrobot_driver/include/onrobot_driver/Modbus/tests/googletest/googlemock/test/gmock-pp_test.cc
[4.032s] -- Symlinking: /home/user/Desktop/ur_pick/ros2_ws/install/onrobot_driver/include/onrobot_driver/Modbus/tests/googletest/googlemock/test/gmock-spec-builders_test.cc
[4.045s] -- Symlinking: /home/user/Desktop/ur_pick/ros2_ws/install/onrobot_driver/include/onrobot_driver/Modbus/tests/googletest/googlemock/test/gmock_all_test.cc
[4.060s] -- Symlinking: /home/user/Desktop/ur_pick/ros2_ws/install/onrobot_driver/include/onrobot_driver/Modbus/tests/googletest/googlemock/test/gmock_ex_test.cc
[4.073s] -- Symlinking: /home/user/Desktop/ur_pick/ros2_ws/install/onrobot_driver/include/onrobot_driver/Modbus/tests/googletest/googlemock/test/gmock_leak_test.py
[4.087s] -- Symlinking: /home/user/Desktop/ur_pick/ros2_ws/install/onrobot_driver/include/onrobot_driver/Modbus/tests/googletest/googlemock/test/gmock_leak_test_.cc
[4.101s] -- Symlinking: /home/user/Desktop/ur_pick/ros2_ws/install/onrobot_driver/include/onrobot_driver/Modbus/tests/googletest/googlemock/test/gmock_link2_test.cc
[4.114s] -- Symlinking: /home/user/Desktop/ur_pick/ros2_ws/install/onrobot_driver/include/onrobot_driver/Modbus/tests/googletest/googlemock/test/gmock_link_test.cc
[4.128s] -- Symlinking: /home/user/Desktop/ur_pick/ros2_ws/install/onrobot_driver/include/onrobot_driver/Modbus/tests/googletest/googlemock/test/gmock_link_test.h
[4.140s] -- Symlinking: /home/user/Desktop/ur_pick/ros2_ws/install/onrobot_driver/include/onrobot_driver/Modbus/tests/googletest/googlemock/test/gmock_output_test.py
[4.155s] -- Symlinking: /home/user/Desktop/ur_pick/ros2_ws/install/onrobot_driver/include/onrobot_driver/Modbus/tests/googletest/googlemock/test/gmock_output_test_.cc
[4.168s] -- Symlinking: /home/user/Desktop/ur_pick/ros2_ws/install/onrobot_driver/include/onrobot_driver/Modbus/tests/googletest/googlemock/test/gmock_output_test_golden.txt
[4.183s] -- Symlinking: /home/user/Desktop/ur_pick/ros2_ws/install/onrobot_driver/include/onrobot_driver/Modbus/tests/googletest/googlemock/test/gmock_stress_test.cc
[4.196s] -- Symlinking: /home/user/Desktop/ur_pick/ros2_ws/install/onrobot_driver/include/onrobot_driver/Modbus/tests/googletest/googlemock/test/gmock_test.cc
[4.208s] -- Symlinking: /home/user/Desktop/ur_pick/ros2_ws/install/onrobot_driver/include/onrobot_driver/Modbus/tests/googletest/googlemock/test/gmock_test_utils.py
[4.222s] -- Symlinking: /home/user/Desktop/ur_pick/ros2_ws/install/onrobot_driver/include/onrobot_driver/Modbus/tests/googletest/googletest/CMakeLists.txt
[4.238s] -- Symlinking: /home/user/Desktop/ur_pick/ros2_ws/install/onrobot_driver/include/onrobot_driver/Modbus/tests/googletest/googletest/README.md
[4.246s] -- Symlinking: /home/user/Desktop/ur_pick/ros2_ws/install/onrobot_driver/include/onrobot_driver/Modbus/tests/googletest/googletest/cmake/Config.cmake.in
[4.261s] -- Symlinking: /home/user/Desktop/ur_pick/ros2_ws/install/onrobot_driver/include/onrobot_driver/Modbus/tests/googletest/googletest/cmake/gtest.pc.in
[4.270s] -- Symlinking: /home/user/Desktop/ur_pick/ros2_ws/install/onrobot_driver/include/onrobot_driver/Modbus/tests/googletest/googletest/cmake/gtest_main.pc.in
[4.285s] -- Symlinking: /home/user/Desktop/ur_pick/ros2_ws/install/onrobot_driver/include/onrobot_driver/Modbus/tests/googletest/googletest/cmake/internal_utils.cmake
[4.294s] -- Symlinking: /home/user/Desktop/ur_pick/ros2_ws/install/onrobot_driver/include/onrobot_driver/Modbus/tests/googletest/googletest/cmake/libgtest.la.in
[4.306s] -- Symlinking: /home/user/Desktop/ur_pick/ros2_ws/install/onrobot_driver/include/onrobot_driver/Modbus/tests/googletest/googletest/docs/README.md
[4.320s] -- Symlinking: /home/user/Desktop/ur_pick/ros2_ws/install/onrobot_driver/include/onrobot_driver/Modbus/tests/googletest/googletest/include/gtest/gtest-assertion-result.h
[4.329s] -- Symlinking: /home/user/Desktop/ur_pick/ros2_ws/install/onrobot_driver/include/onrobot_driver/Modbus/tests/googletest/googletest/include/gtest/gtest-death-test.h
[4.342s] -- Symlinking: /home/user/Desktop/ur_pick/ros2_ws/install/onrobot_driver/include/onrobot_driver/Modbus/tests/googletest/googletest/include/gtest/gtest-matchers.h
[4.354s] -- Symlinking: /home/user/Desktop/ur_pick/ros2_ws/install/onrobot_driver/include/onrobot_driver/Modbus/tests/googletest/googletest/include/gtest/gtest-message.h
[4.369s] -- Symlinking: /home/user/Desktop/ur_pick/ros2_ws/install/onrobot_driver/include/onrobot_driver/Modbus/tests/googletest/googletest/include/gtest/gtest-param-test.h
[4.381s] -- Symlinking: /home/user/Desktop/ur_pick/ros2_ws/install/onrobot_driver/include/onrobot_driver/Modbus/tests/googletest/googletest/include/gtest/gtest-printers.h
[4.396s] -- Symlinking: /home/user/Desktop/ur_pick/ros2_ws/install/onrobot_driver/include/onrobot_driver/Modbus/tests/googletest/googletest/include/gtest/gtest-spi.h
[4.409s] -- Symlinking: /home/user/Desktop/ur_pick/ros2_ws/install/onrobot_driver/include/onrobot_driver/Modbus/tests/googletest/googletest/include/gtest/gtest-test-part.h
[4.419s] -- Symlinking: /home/user/Desktop/ur_pick/ros2_ws/install/onrobot_driver/include/onrobot_driver/Modbus/tests/googletest/googletest/include/gtest/gtest-typed-test.h
[4.434s] -- Symlinking: /home/user/Desktop/ur_pick/ros2_ws/install/onrobot_driver/include/onrobot_driver/Modbus/tests/googletest/googletest/include/gtest/gtest.h
[4.448s] -- Symlinking: /home/user/Desktop/ur_pick/ros2_ws/install/onrobot_driver/include/onrobot_driver/Modbus/tests/googletest/googletest/include/gtest/gtest_pred_impl.h
[4.462s] -- Symlinking: /home/user/Desktop/ur_pick/ros2_ws/install/onrobot_driver/include/onrobot_driver/Modbus/tests/googletest/googletest/include/gtest/gtest_prod.h
[4.476s] -- Symlinking: /home/user/Desktop/ur_pick/ros2_ws/install/onrobot_driver/include/onrobot_driver/Modbus/tests/googletest/googletest/include/gtest/internal/custom/README.md
[4.490s] -- Symlinking: /home/user/Desktop/ur_pick/ros2_ws/install/onrobot_driver/include/onrobot_driver/Modbus/tests/googletest/googletest/include/gtest/internal/custom/gtest-port.h
[4.504s] -- Symlinking: /home/user/Desktop/ur_pick/ros2_ws/install/onrobot_driver/include/onrobot_driver/Modbus/tests/googletest/googletest/include/gtest/internal/custom/gtest-printers.h
[4.512s] -- Symlinking: /home/user/Desktop/ur_pick/ros2_ws/install/onrobot_driver/include/onrobot_driver/Modbus/tests/googletest/googletest/include/gtest/internal/custom/gtest.h
[4.521s] -- Symlinking: /home/user/Desktop/ur_pick/ros2_ws/install/onrobot_driver/include/onrobot_driver/Modbus/tests/googletest/googletest/include/gtest/internal/gtest-death-test-internal.h
[4.536s] -- Symlinking: /home/user/Desktop/ur_pick/ros2_ws/install/onrobot_driver/include/onrobot_driver/Modbus/tests/googletest/googletest/include/gtest/internal/gtest-filepath.h
[4.545s] -- Symlinking: /home/user/Desktop/ur_pick/ros2_ws/install/onrobot_driver/include/onrobot_driver/Modbus/tests/googletest/googletest/include/gtest/internal/gtest-internal.h
[4.560s] -- Symlinking: /home/user/Desktop/ur_pick/ros2_ws/install/onrobot_driver/include/onrobot_driver/Modbus/tests/googletest/googletest/include/gtest/internal/gtest-param-util.h
[4.575s] -- Symlinking: /home/user/Desktop/ur_pick/ros2_ws/install/onrobot_driver/include/onrobot_driver/Modbus/tests/googletest/googletest/include/gtest/internal/gtest-port-arch.h
[4.590s] -- Symlinking: /home/user/Desktop/ur_pick/ros2_ws/install/onrobot_driver/include/onrobot_driver/Modbus/tests/googletest/googletest/include/gtest/internal/gtest-port.h
[4.598s] -- Symlinking: /home/user/Desktop/ur_pick/ros2_ws/install/onrobot_driver/include/onrobot_driver/Modbus/tests/googletest/googletest/include/gtest/internal/gtest-string.h
[4.612s] -- Symlinking: /home/user/Desktop/ur_pick/ros2_ws/install/onrobot_driver/include/onrobot_driver/Modbus/tests/googletest/googletest/include/gtest/internal/gtest-type-util.h
[4.621s] -- Symlinking: /home/user/Desktop/ur_pick/ros2_ws/install/onrobot_driver/include/onrobot_driver/Modbus/tests/googletest/googletest/samples/prime_tables.h
[4.635s] -- Symlinking: /home/user/Desktop/ur_pick/ros2_ws/install/onrobot_driver/include/onrobot_driver/Modbus/tests/googletest/googletest/samples/sample1.cc
[4.648s] -- Symlinking: /home/user/Desktop/ur_pick/ros2_ws/install/onrobot_driver/include/onrobot_driver/Modbus/tests/googletest/googletest/samples/sample1.h
[4.662s] -- Symlinking: /home/user/Desktop/ur_pick/ros2_ws/install/onrobot_driver/include/onrobot_driver/Modbus/tests/googletest/googletest/samples/sample10_unittest.cc
[4.676s] -- Symlinking: /home/user/Desktop/ur_pick/ros2_ws/install/onrobot_driver/include/onrobot_driver/Modbus/tests/googletest/googletest/samples/sample1_unittest.cc
[4.691s] -- Symlinking: /home/user/Desktop/ur_pick/ros2_ws/install/onrobot_driver/include/onrobot_driver/Modbus/tests/googletest/googletest/samples/sample2.cc
[4.699s] -- Symlinking: /home/user/Desktop/ur_pick/ros2_ws/install/onrobot_driver/include/onrobot_driver/Modbus/tests/googletest/googletest/samples/sample2.h
[4.714s] -- Symlinking: /home/user/Desktop/ur_pick/ros2_ws/install/onrobot_driver/include/onrobot_driver/Modbus/tests/googletest/googletest/samples/sample2_unittest.cc
[4.729s] -- Symlinking: /home/user/Desktop/ur_pick/ros2_ws/install/onrobot_driver/include/onrobot_driver/Modbus/tests/googletest/googletest/samples/sample3-inl.h
[4.741s] -- Symlinking: /home/user/Desktop/ur_pick/ros2_ws/install/onrobot_driver/include/onrobot_driver/Modbus/tests/googletest/googletest/samples/sample3_unittest.cc
[4.756s] -- Symlinking: /home/user/Desktop/ur_pick/ros2_ws/install/onrobot_driver/include/onrobot_driver/Modbus/tests/googletest/googletest/samples/sample4.cc
[4.770s] -- Symlinking: /home/user/Desktop/ur_pick/ros2_ws/install/onrobot_driver/include/onrobot_driver/Modbus/tests/googletest/googletest/samples/sample4.h
[4.784s] -- Symlinking: /home/user/Desktop/ur_pick/ros2_ws/install/onrobot_driver/include/onrobot_driver/Modbus/tests/googletest/googletest/samples/sample4_unittest.cc
[4.796s] -- Symlinking: /home/user/Desktop/ur_pick/ros2_ws/install/onrobot_driver/include/onrobot_driver/Modbus/tests/googletest/googletest/samples/sample5_unittest.cc
[4.811s] -- Symlinking: /home/user/Desktop/ur_pick/ros2_ws/install/onrobot_driver/include/onrobot_driver/Modbus/tests/googletest/googletest/samples/sample6_unittest.cc
[4.824s] -- Symlinking: /home/user/Desktop/ur_pick/ros2_ws/install/onrobot_driver/include/onrobot_driver/Modbus/tests/googletest/googletest/samples/sample7_unittest.cc
[4.838s] -- Symlinking: /home/user/Desktop/ur_pick/ros2_ws/install/onrobot_driver/include/onrobot_driver/Modbus/tests/googletest/googletest/samples/sample8_unittest.cc
[4.851s] -- Symlinking: /home/user/Desktop/ur_pick/ros2_ws/install/onrobot_driver/include/onrobot_driver/Modbus/tests/googletest/googletest/samples/sample9_unittest.cc
[4.865s] -- Symlinking: /home/user/Desktop/ur_pick/ros2_ws/install/onrobot_driver/include/onrobot_driver/Modbus/tests/googletest/googletest/src/gtest-all.cc
[4.880s] -- Symlinking: /home/user/Desktop/ur_pick/ros2_ws/install/onrobot_driver/include/onrobot_driver/Modbus/tests/googletest/googletest/src/gtest-assertion-result.cc
[4.894s] -- Symlinking: /home/user/Desktop/ur_pick/ros2_ws/install/onrobot_driver/include/onrobot_driver/Modbus/tests/googletest/googletest/src/gtest-death-test.cc
[4.906s] -- Symlinking: /home/user/Desktop/ur_pick/ros2_ws/install/onrobot_driver/include/onrobot_driver/Modbus/tests/googletest/googletest/src/gtest-filepath.cc
[4.921s] -- Symlinking: /home/user/Desktop/ur_pick/ros2_ws/install/onrobot_driver/include/onrobot_driver/Modbus/tests/googletest/googletest/src/gtest-internal-inl.h
[4.929s] -- Symlinking: /home/user/Desktop/ur_pick/ros2_ws/install/onrobot_driver/include/onrobot_driver/Modbus/tests/googletest/googletest/src/gtest-matchers.cc
[4.941s] -- Symlinking: /home/user/Desktop/ur_pick/ros2_ws/install/onrobot_driver/include/onrobot_driver/Modbus/tests/googletest/googletest/src/gtest-port.cc
[4.950s] -- Symlinking: /home/user/Desktop/ur_pick/ros2_ws/install/onrobot_driver/include/onrobot_driver/Modbus/tests/googletest/googletest/src/gtest-printers.cc
[4.964s] -- Symlinking: /home/user/Desktop/ur_pick/ros2_ws/install/onrobot_driver/include/onrobot_driver/Modbus/tests/googletest/googletest/src/gtest-test-part.cc
[4.976s] -- Symlinking: /home/user/Desktop/ur_pick/ros2_ws/install/onrobot_driver/include/onrobot_driver/Modbus/tests/googletest/googletest/src/gtest-typed-test.cc
[4.990s] -- Symlinking: /home/user/Desktop/ur_pick/ros2_ws/install/onrobot_driver/include/onrobot_driver/Modbus/tests/googletest/googletest/src/gtest.cc
[5.004s] -- Symlinking: /home/user/Desktop/ur_pick/ros2_ws/install/onrobot_driver/include/onrobot_driver/Modbus/tests/googletest/googletest/src/gtest_main.cc
[5.017s] -- Symlinking: /home/user/Desktop/ur_pick/ros2_ws/install/onrobot_driver/include/onrobot_driver/Modbus/tests/googletest/googletest/test/BUILD.bazel
[5.031s] -- Symlinking: /home/user/Desktop/ur_pick/ros2_ws/install/onrobot_driver/include/onrobot_driver/Modbus/tests/googletest/googletest/test/googletest-break-on-failure-unittest.py
[5.039s] -- Symlinking: /home/user/Desktop/ur_pick/ros2_ws/install/onrobot_driver/include/onrobot_driver/Modbus/tests/googletest/googletest/test/googletest-break-on-failure-unittest_.cc
[5.052s] -- Symlinking: /home/user/Desktop/ur_pick/ros2_ws/install/onrobot_driver/include/onrobot_driver/Modbus/tests/googletest/googletest/test/googletest-catch-exceptions-test.py
[5.060s] -- Symlinking: /home/user/Desktop/ur_pick/ros2_ws/install/onrobot_driver/include/onrobot_driver/Modbus/tests/googletest/googletest/test/googletest-catch-exceptions-test_.cc
[5.076s] -- Symlinking: /home/user/Desktop/ur_pick/ros2_ws/install/onrobot_driver/include/onrobot_driver/Modbus/tests/googletest/googletest/test/googletest-color-test.py
[5.088s] -- Symlinking: /home/user/Desktop/ur_pick/ros2_ws/install/onrobot_driver/include/onrobot_driver/Modbus/tests/googletest/googletest/test/googletest-color-test_.cc
[5.096s] -- Symlinking: /home/user/Desktop/ur_pick/ros2_ws/install/onrobot_driver/include/onrobot_driver/Modbus/tests/googletest/googletest/test/googletest-death-test-test.cc
[5.111s] -- Symlinking: /home/user/Desktop/ur_pick/ros2_ws/install/onrobot_driver/include/onrobot_driver/Modbus/tests/googletest/googletest/test/googletest-death-test_ex_test.cc
[5.126s] -- Symlinking: /home/user/Desktop/ur_pick/ros2_ws/install/onrobot_driver/include/onrobot_driver/Modbus/tests/googletest/googletest/test/googletest-env-var-test.py
[5.135s] -- Symlinking: /home/user/Desktop/ur_pick/ros2_ws/install/onrobot_driver/include/onrobot_driver/Modbus/tests/googletest/googletest/test/googletest-env-var-test_.cc
[5.149s] -- Symlinking: /home/user/Desktop/ur_pick/ros2_ws/install/onrobot_driver/include/onrobot_driver/Modbus/tests/googletest/googletest/test/googletest-failfast-unittest.py
[5.158s] -- Symlinking: /home/user/Desktop/ur_pick/ros2_ws/install/onrobot_driver/include/onrobot_driver/Modbus/tests/googletest/googletest/test/googletest-failfast-unittest_.cc
[5.172s] -- Symlinking: /home/user/Desktop/ur_pick/ros2_ws/install/onrobot_driver/include/onrobot_driver/Modbus/tests/googletest/googletest/test/googletest-filepath-test.cc
[5.180s] -- Symlinking: /home/user/Desktop/ur_pick/ros2_ws/install/onrobot_driver/include/onrobot_driver/Modbus/tests/googletest/googletest/test/googletest-filter-unittest.py
[5.195s] -- Symlinking: /home/user/Desktop/ur_pick/ros2_ws/install/onrobot_driver/include/onrobot_driver/Modbus/tests/googletest/googletest/test/googletest-filter-unittest_.cc
[5.208s] -- Symlinking: /home/user/Desktop/ur_pick/ros2_ws/install/onrobot_driver/include/onrobot_driver/Modbus/tests/googletest/googletest/test/googletest-global-environment-unittest.py
[5.216s] -- Symlinking: /home/user/Desktop/ur_pick/ros2_ws/install/onrobot_driver/include/onrobot_driver/Modbus/tests/googletest/googletest/test/googletest-global-environment-unittest_.cc
[5.228s] -- Symlinking: /home/user/Desktop/ur_pick/ros2_ws/install/onrobot_driver/include/onrobot_driver/Modbus/tests/googletest/googletest/test/googletest-json-outfiles-test.py
[5.237s] -- Symlinking: /home/user/Desktop/ur_pick/ros2_ws/install/onrobot_driver/include/onrobot_driver/Modbus/tests/googletest/googletest/test/googletest-json-output-unittest.py
[5.252s] -- Symlinking: /home/user/Desktop/ur_pick/ros2_ws/install/onrobot_driver/include/onrobot_driver/Modbus/tests/googletest/googletest/test/googletest-list-tests-unittest.py
[5.265s] -- Symlinking: /home/user/Desktop/ur_pick/ros2_ws/install/onrobot_driver/include/onrobot_driver/Modbus/tests/googletest/googletest/test/googletest-list-tests-unittest_.cc
[5.279s] -- Symlinking: /home/user/Desktop/ur_pick/ros2_ws/install/onrobot_driver/include/onrobot_driver/Modbus/tests/googletest/googletest/test/googletest-listener-test.cc
[5.292s] -- Symlinking: /home/user/Desktop/ur_pick/ros2_ws/install/onrobot_driver/include/onrobot_driver/Modbus/tests/googletest/googletest/test/googletest-message-test.cc
[5.306s] -- Symlinking: /home/user/Desktop/ur_pick/ros2_ws/install/onrobot_driver/include/onrobot_driver/Modbus/tests/googletest/googletest/test/googletest-options-test.cc
[5.319s] -- Symlinking: /home/user/Desktop/ur_pick/ros2_ws/install/onrobot_driver/include/onrobot_driver/Modbus/tests/googletest/googletest/test/googletest-output-test-golden-lin.txt
[5.334s] -- Symlinking: /home/user/Desktop/ur_pick/ros2_ws/install/onrobot_driver/include/onrobot_driver/Modbus/tests/googletest/googletest/test/googletest-output-test.py
[5.348s] -- Symlinking: /home/user/Desktop/ur_pick/ros2_ws/install/onrobot_driver/include/onrobot_driver/Modbus/tests/googletest/googletest/test/googletest-output-test_.cc
[5.362s] -- Symlinking: /home/user/Desktop/ur_pick/ros2_ws/install/onrobot_driver/include/onrobot_driver/Modbus/tests/googletest/googletest/test/googletest-param-test-invalid-name1-test.py
[5.376s] -- Symlinking: /home/user/Desktop/ur_pick/ros2_ws/install/onrobot_driver/include/onrobot_driver/Modbus/tests/googletest/googletest/test/googletest-param-test-invalid-name1-test_.cc
[5.390s] -- Symlinking: /home/user/Desktop/ur_pick/ros2_ws/install/onrobot_driver/include/onrobot_driver/Modbus/tests/googletest/googletest/test/googletest-param-test-invalid-name2-test.py
[5.398s] -- Symlinking: /home/user/Desktop/ur_pick/ros2_ws/install/onrobot_driver/include/onrobot_driver/Modbus/tests/googletest/googletest/test/googletest-param-test-invalid-name2-test_.cc
[5.412s] -- Symlinking: /home/user/Desktop/ur_pick/ros2_ws/install/onrobot_driver/include/onrobot_driver/Modbus/tests/googletest/googletest/test/googletest-param-test-test.cc
[5.426s] -- Symlinking: /home/user/Desktop/ur_pick/ros2_ws/install/onrobot_driver/include/onrobot_driver/Modbus/tests/googletest/googletest/test/googletest-param-test-test.h
[5.435s] -- Symlinking: /home/user/Desktop/ur_pick/ros2_ws/install/onrobot_driver/include/onrobot_driver/Modbus/tests/googletest/googletest/test/googletest-param-test2-test.cc
[5.448s] -- Symlinking: /home/user/Desktop/ur_pick/ros2_ws/install/onrobot_driver/include/onrobot_driver/Modbus/tests/googletest/googletest/test/googletest-port-test.cc
[5.465s] -- Symlinking: /home/user/Desktop/ur_pick/ros2_ws/install/onrobot_driver/include/onrobot_driver/Modbus/tests/googletest/googletest/test/googletest-printers-test.cc
[5.480s] -- Symlinking: /home/user/Desktop/ur_pick/ros2_ws/install/onrobot_driver/include/onrobot_driver/Modbus/tests/googletest/googletest/test/googletest-setuptestsuite-test.py
[5.488s] -- Symlinking: /home/user/Desktop/ur_pick/ros2_ws/install/onrobot_driver/include/onrobot_driver/Modbus/tests/googletest/googletest/test/googletest-setuptestsuite-test_.cc
[5.497s] -- Symlinking: /home/user/Desktop/ur_pick/ros2_ws/install/onrobot_driver/include/onrobot_driver/Modbus/tests/googletest/googletest/test/googletest-shuffle-test.py
[5.505s] -- Symlinking: /home/user/Desktop/ur_pick/ros2_ws/install/onrobot_driver/include/onrobot_driver/Modbus/tests/googletest/googletest/test/googletest-shuffle-test_.cc
[5.514s] -- Symlinking: /home/user/Desktop/ur_pick/ros2_ws/install/onrobot_driver/include/onrobot_driver/Modbus/tests/googletest/googletest/test/googletest-test-part-test.cc
[5.527s] -- Symlinking: /home/user/Desktop/ur_pick/ros2_ws/install/onrobot_driver/include/onrobot_driver/Modbus/tests/googletest/googletest/test/googletest-throw-on-failure-test.py
[5.540s] -- Symlinking: /home/user/Desktop/ur_pick/ros2_ws/install/onrobot_driver/include/onrobot_driver/Modbus/tests/googletest/googletest/test/googletest-throw-on-failure-test_.cc
[5.554s] -- Symlinking: /home/user/Desktop/ur_pick/ros2_ws/install/onrobot_driver/include/onrobot_driver/Modbus/tests/googletest/googletest/test/googletest-uninitialized-test.py
[5.568s] -- Symlinking: /home/user/Desktop/ur_pick/ros2_ws/install/onrobot_driver/include/onrobot_driver/Modbus/tests/googletest/googletest/test/googletest-uninitialized-test_.cc
[5.581s] -- Symlinking: /home/user/Desktop/ur_pick/ros2_ws/install/onrobot_driver/include/onrobot_driver/Modbus/tests/googletest/googletest/test/gtest-typed-test2_test.cc
[5.590s] -- Symlinking: /home/user/Desktop/ur_pick/ros2_ws/install/onrobot_driver/include/onrobot_driver/Modbus/tests/googletest/googletest/test/gtest-typed-test_test.cc
[5.604s] -- Symlinking: /home/user/Desktop/ur_pick/ros2_ws/install/onrobot_driver/include/onrobot_driver/Modbus/tests/googletest/googletest/test/gtest-typed-test_test.h
[5.619s] -- Symlinking: /home/user/Desktop/ur_pick/ros2_ws/install/onrobot_driver/include/onrobot_driver/Modbus/tests/googletest/googletest/test/gtest-unittest-api_test.cc
[5.632s] -- Symlinking: /home/user/Desktop/ur_pick/ros2_ws/install/onrobot_driver/include/onrobot_driver/Modbus/tests/googletest/googletest/test/gtest_all_test.cc
[5.646s] -- Symlinking: /home/user/Desktop/ur_pick/ros2_ws/install/onrobot_driver/include/onrobot_driver/Modbus/tests/googletest/googletest/test/gtest_assert_by_exception_test.cc
[5.660s] -- Symlinking: /home/user/Desktop/ur_pick/ros2_ws/install/onrobot_driver/include/onrobot_driver/Modbus/tests/googletest/googletest/test/gtest_environment_test.cc
[5.668s] -- Symlinking: /home/user/Desktop/ur_pick/ros2_ws/install/onrobot_driver/include/onrobot_driver/Modbus/tests/googletest/googletest/test/gtest_help_test.py
[5.682s] -- Symlinking: /home/user/Desktop/ur_pick/ros2_ws/install/onrobot_driver/include/onrobot_driver/Modbus/tests/googletest/googletest/test/gtest_help_test_.cc
[5.696s] -- Symlinking: /home/user/Desktop/ur_pick/ros2_ws/install/onrobot_driver/include/onrobot_driver/Modbus/tests/googletest/googletest/test/gtest_json_test_utils.py
[5.710s] -- Symlinking: /home/user/Desktop/ur_pick/ros2_ws/install/onrobot_driver/include/onrobot_driver/Modbus/tests/googletest/googletest/test/gtest_list_output_unittest.py
[5.724s] -- Symlinking: /home/user/Desktop/ur_pick/ros2_ws/install/onrobot_driver/include/onrobot_driver/Modbus/tests/googletest/googletest/test/gtest_list_output_unittest_.cc
[5.732s] -- Symlinking: /home/user/Desktop/ur_pick/ros2_ws/install/onrobot_driver/include/onrobot_driver/Modbus/tests/googletest/googletest/test/gtest_main_unittest.cc
[5.740s] -- Symlinking: /home/user/Desktop/ur_pick/ros2_ws/install/onrobot_driver/include/onrobot_driver/Modbus/tests/googletest/googletest/test/gtest_no_test_unittest.cc
[5.754s] -- Symlinking: /home/user/Desktop/ur_pick/ros2_ws/install/onrobot_driver/include/onrobot_driver/Modbus/tests/googletest/googletest/test/gtest_pred_impl_unittest.cc
[5.763s] -- Symlinking: /home/user/Desktop/ur_pick/ros2_ws/install/onrobot_driver/include/onrobot_driver/Modbus/tests/googletest/googletest/test/gtest_premature_exit_test.cc
[5.776s] -- Symlinking: /home/user/Desktop/ur_pick/ros2_ws/install/onrobot_driver/include/onrobot_driver/Modbus/tests/googletest/googletest/test/gtest_prod_test.cc
[5.790s] -- Symlinking: /home/user/Desktop/ur_pick/ros2_ws/install/onrobot_driver/include/onrobot_driver/Modbus/tests/googletest/googletest/test/gtest_repeat_test.cc
[5.804s] -- Symlinking: /home/user/Desktop/ur_pick/ros2_ws/install/onrobot_driver/include/onrobot_driver/Modbus/tests/googletest/googletest/test/gtest_skip_check_output_test.py
[5.818s] -- Symlinking: /home/user/Desktop/ur_pick/ros2_ws/install/onrobot_driver/include/onrobot_driver/Modbus/tests/googletest/googletest/test/gtest_skip_environment_check_output_test.py
[5.832s] -- Symlinking: /home/user/Desktop/ur_pick/ros2_ws/install/onrobot_driver/include/onrobot_driver/Modbus/tests/googletest/googletest/test/gtest_skip_in_environment_setup_test.cc
[5.846s] -- Symlinking: /home/user/Desktop/ur_pick/ros2_ws/install/onrobot_driver/include/onrobot_driver/Modbus/tests/googletest/googletest/test/gtest_skip_test.cc
[5.855s] -- Symlinking: /home/user/Desktop/ur_pick/ros2_ws/install/onrobot_driver/include/onrobot_driver/Modbus/tests/googletest/googletest/test/gtest_sole_header_test.cc
[5.867s] -- Symlinking: /home/user/Desktop/ur_pick/ros2_ws/install/onrobot_driver/include/onrobot_driver/Modbus/tests/googletest/googletest/test/gtest_stress_test.cc
[5.880s] -- Symlinking: /home/user/Desktop/ur_pick/ros2_ws/install/onrobot_driver/include/onrobot_driver/Modbus/tests/googletest/googletest/test/gtest_test_macro_stack_footprint_test.cc
[5.893s] -- Symlinking: /home/user/Desktop/ur_pick/ros2_ws/install/onrobot_driver/include/onrobot_driver/Modbus/tests/googletest/googletest/test/gtest_test_utils.py
[5.907s] -- Symlinking: /home/user/Desktop/ur_pick/ros2_ws/install/onrobot_driver/include/onrobot_driver/Modbus/tests/googletest/googletest/test/gtest_testbridge_test.py
[5.920s] -- Symlinking: /home/user/Desktop/ur_pick/ros2_ws/install/onrobot_driver/include/onrobot_driver/Modbus/tests/googletest/googletest/test/gtest_testbridge_test_.cc
[5.928s] -- Symlinking: /home/user/Desktop/ur_pick/ros2_ws/install/onrobot_driver/include/onrobot_driver/Modbus/tests/googletest/googletest/test/gtest_throw_on_failure_ex_test.cc
[5.937s] -- Symlinking: /home/user/Desktop/ur_pick/ros2_ws/install/onrobot_driver/include/onrobot_driver/Modbus/tests/googletest/googletest/test/gtest_unittest.cc
[5.945s] -- Symlinking: /home/user/Desktop/ur_pick/ros2_ws/install/onrobot_driver/include/onrobot_driver/Modbus/tests/googletest/googletest/test/gtest_xml_outfile1_test_.cc
[5.953s] -- Symlinking: /home/user/Desktop/ur_pick/ros2_ws/install/onrobot_driver/include/onrobot_driver/Modbus/tests/googletest/googletest/test/gtest_xml_outfile2_test_.cc
[5.961s] -- Symlinking: /home/user/Desktop/ur_pick/ros2_ws/install/onrobot_driver/include/onrobot_driver/Modbus/tests/googletest/googletest/test/gtest_xml_outfiles_test.py
[5.970s] -- Symlinking: /home/user/Desktop/ur_pick/ros2_ws/install/onrobot_driver/include/onrobot_driver/Modbus/tests/googletest/googletest/test/gtest_xml_output_unittest.py
[5.978s] -- Symlinking: /home/user/Desktop/ur_pick/ros2_ws/install/onrobot_driver/include/onrobot_driver/Modbus/tests/googletest/googletest/test/gtest_xml_output_unittest_.cc
[5.992s] -- Symlinking: /home/user/Desktop/ur_pick/ros2_ws/install/onrobot_driver/include/onrobot_driver/Modbus/tests/googletest/googletest/test/gtest_xml_test_utils.py
[6.006s] -- Symlinking: /home/user/Desktop/ur_pick/ros2_ws/install/onrobot_driver/include/onrobot_driver/Modbus/tests/googletest/googletest/test/production.cc
[6.020s] -- Symlinking: /home/user/Desktop/ur_pick/ros2_ws/install/onrobot_driver/include/onrobot_driver/Modbus/tests/googletest/googletest/test/production.h
[6.038s] -- Symlinking: /home/user/Desktop/ur_pick/ros2_ws/install/onrobot_driver/include/onrobot_driver/Modbus/tests/main.cpp
[6.047s] -- Symlinking: /home/user/Desktop/ur_pick/ros2_ws/install/onrobot_driver/include/onrobot_driver/RG.hpp
[6.056s] -- Symlinking: /home/user/Desktop/ur_pick/ros2_ws/install/onrobot_driver/include/onrobot_driver/SerialConnectionWrapper.hpp
[6.070s] -- Symlinking: /home/user/Desktop/ur_pick/ros2_ws/install/onrobot_driver/include/onrobot_driver/TCPConnectionWrapper.hpp
[6.086s] -- Symlinking: /home/user/Desktop/ur_pick/ros2_ws/install/onrobot_driver/include/onrobot_driver/rg_hardware_interface.hpp
[6.098s] -- Symlinking: /home/user/Desktop/ur_pick/ros2_ws/install/onrobot_driver/share/onrobot_driver/environment/library_path.sh
[6.112s] -- Symlinking: /home/user/Desktop/ur_pick/ros2_ws/install/onrobot_driver/share/onrobot_driver/environment/library_path.dsv
[6.136s] -- Up-to-date symlink: /home/user/Desktop/ur_pick/ros2_ws/install/onrobot_driver/include/onrobot_driver/IModbusConnection.hpp
[6.136s] -- Up-to-date symlink: /home/user/Desktop/ur_pick/ros2_ws/install/onrobot_driver/include/onrobot_driver/Modbus/.clang-format
[6.136s] -- Up-to-date symlink: /home/user/Desktop/ur_pick/ros2_ws/install/onrobot_driver/include/onrobot_driver/Modbus/.git
[6.137s] -- Up-to-date symlink: /home/user/Desktop/ur_pick/ros2_ws/install/onrobot_driver/include/onrobot_driver/Modbus/.github/workflows/clang-format.yml
[6.137s] -- Up-to-date symlink: /home/user/Desktop/ur_pick/ros2_ws/install/onrobot_driver/include/onrobot_driver/Modbus/.github/workflows/cmake-multi-platform.yml
[6.137s] -- Up-to-date symlink: /home/user/Desktop/ur_pick/ros2_ws/install/onrobot_driver/include/onrobot_driver/Modbus/.gitignore
[6.137s] -- Up-to-date symlink: /home/user/Desktop/ur_pick/ros2_ws/install/onrobot_driver/include/onrobot_driver/Modbus/.gitmodules
[6.137s] -- Up-to-date symlink: /home/user/Desktop/ur_pick/ros2_ws/install/onrobot_driver/include/onrobot_driver/Modbus/CMakeLists.txt
[6.137s] -- Up-to-date symlink: /home/user/Desktop/ur_pick/ros2_ws/install/onrobot_driver/include/onrobot_driver/Modbus/Doxyfile
[6.138s] -- Up-to-date symlink: /home/user/Desktop/ur_pick/ros2_ws/install/onrobot_driver/include/onrobot_driver/Modbus/LICENSE
[6.138s] -- Up-to-date symlink: /home/user/Desktop/ur_pick/ros2_ws/install/onrobot_driver/include/onrobot_driver/Modbus/README.md
[6.138s] -- Up-to-date symlink: /home/user/Desktop/ur_pick/ros2_ws/install/onrobot_driver/include/onrobot_driver/Modbus/docs/html/Serial_2connection_8hpp_source.html
[6.138s] -- Up-to-date symlink: /home/user/Desktop/ur_pick/ros2_ws/install/onrobot_driver/include/onrobot_driver/Modbus/docs/html/TCP_2connection_8hpp_source.html
[6.138s] -- Up-to-date symlink: /home/user/Desktop/ur_pick/ros2_ws/install/onrobot_driver/include/onrobot_driver/Modbus/docs/html/annotated.html
[6.138s] -- Up-to-date symlink: /home/user/Desktop/ur_pick/ros2_ws/install/onrobot_driver/include/onrobot_driver/Modbus/docs/html/bc_s.png
[6.138s] -- Up-to-date symlink: /home/user/Desktop/ur_pick/ros2_ws/install/onrobot_driver/include/onrobot_driver/Modbus/docs/html/bc_sd.png
[6.139s] -- Up-to-date symlink: /home/user/Desktop/ur_pick/ros2_ws/install/onrobot_driver/include/onrobot_driver/Modbus/docs/html/bdwn.png
[6.139s] -- Up-to-date symlink: /home/user/Desktop/ur_pick/ros2_ws/install/onrobot_driver/include/onrobot_driver/Modbus/docs/html/classMB_1_1ModbusCell-members.html
[6.139s] -- Up-to-date symlink: /home/user/Desktop/ur_pick/ros2_ws/install/onrobot_driver/include/onrobot_driver/Modbus/docs/html/classMB_1_1ModbusCell.html
[6.139s] -- Up-to-date symlink: /home/user/Desktop/ur_pick/ros2_ws/install/onrobot_driver/include/onrobot_driver/Modbus/docs/html/classMB_1_1ModbusException-members.html
[6.139s] -- Up-to-date symlink: /home/user/Desktop/ur_pick/ros2_ws/install/onrobot_driver/include/onrobot_driver/Modbus/docs/html/classMB_1_1ModbusException.html
[6.140s] -- Up-to-date symlink: /home/user/Desktop/ur_pick/ros2_ws/install/onrobot_driver/include/onrobot_driver/Modbus/docs/html/classMB_1_1ModbusException.png
[6.140s] -- Up-to-date symlink: /home/user/Desktop/ur_pick/ros2_ws/install/onrobot_driver/include/onrobot_driver/Modbus/docs/html/classMB_1_1ModbusRequest-members.html
[6.140s] -- Up-to-date symlink: /home/user/Desktop/ur_pick/ros2_ws/install/onrobot_driver/include/onrobot_driver/Modbus/docs/html/classMB_1_1ModbusRequest.html
[6.140s] -- Up-to-date symlink: /home/user/Desktop/ur_pick/ros2_ws/install/onrobot_driver/include/onrobot_driver/Modbus/docs/html/classMB_1_1ModbusResponse-members.html
[6.140s] -- Up-to-date symlink: /home/user/Desktop/ur_pick/ros2_ws/install/onrobot_driver/include/onrobot_driver/Modbus/docs/html/classMB_1_1ModbusResponse.html
[6.140s] -- Up-to-date symlink: /home/user/Desktop/ur_pick/ros2_ws/install/onrobot_driver/include/onrobot_driver/Modbus/docs/html/classMB_1_1Serial_1_1Connection-members.html
[6.140s] -- Up-to-date symlink: /home/user/Desktop/ur_pick/ros2_ws/install/onrobot_driver/include/onrobot_driver/Modbus/docs/html/classMB_1_1Serial_1_1Connection.html
[6.140s] -- Up-to-date symlink: /home/user/Desktop/ur_pick/ros2_ws/install/onrobot_driver/include/onrobot_driver/Modbus/docs/html/classMB_1_1TCP_1_1Connection-members.html
[6.141s] -- Up-to-date symlink: /home/user/Desktop/ur_pick/ros2_ws/install/onrobot_driver/include/onrobot_driver/Modbus/docs/html/classMB_1_1TCP_1_1Connection.html
[6.141s] -- Up-to-date symlink: /home/user/Desktop/ur_pick/ros2_ws/install/onrobot_driver/include/onrobot_driver/Modbus/docs/html/classMB_1_1TCP_1_1Server-members.html
[6.141s] -- Up-to-date symlink: /home/user/Desktop/ur_pick/ros2_ws/install/onrobot_driver/include/onrobot_driver/Modbus/docs/html/classMB_1_1TCP_1_1Server.html
[6.141s] -- Up-to-date symlink: /home/user/Desktop/ur_pick/ros2_ws/install/onrobot_driver/include/onrobot_driver/Modbus/docs/html/classes.html
[6.141s] -- Up-to-date symlink: /home/user/Desktop/ur_pick/ros2_ws/install/onrobot_driver/include/onrobot_driver/Modbus/docs/html/clipboard.js
[6.142s] -- Up-to-date symlink: /home/user/Desktop/ur_pick/ros2_ws/install/onrobot_driver/include/onrobot_driver/Modbus/docs/html/closed.png
[6.142s] -- Up-to-date symlink: /home/user/Desktop/ur_pick/ros2_ws/install/onrobot_driver/include/onrobot_driver/Modbus/docs/html/cookie.js
[6.142s] -- Up-to-date symlink: /home/user/Desktop/ur_pick/ros2_ws/install/onrobot_driver/include/onrobot_driver/Modbus/docs/html/crc_8hpp_source.html
[6.142s] -- Up-to-date symlink: /home/user/Desktop/ur_pick/ros2_ws/install/onrobot_driver/include/onrobot_driver/Modbus/docs/html/deprecated.html
[6.142s] -- Up-to-date symlink: /home/user/Desktop/ur_pick/ros2_ws/install/onrobot_driver/include/onrobot_driver/Modbus/docs/html/dir_5c4711b76244cf820e6fc766a3eae98f.html
[6.142s] -- Up-to-date symlink: /home/user/Desktop/ur_pick/ros2_ws/install/onrobot_driver/include/onrobot_driver/Modbus/docs/html/dir_68267d1309a1af8e8297ef4c3efbcdba.html
[6.142s] -- Up-to-date symlink: /home/user/Desktop/ur_pick/ros2_ws/install/onrobot_driver/include/onrobot_driver/Modbus/docs/html/dir_89deb882b528f943e97271a20701dad4.html
[6.142s] -- Up-to-date symlink: /home/user/Desktop/ur_pick/ros2_ws/install/onrobot_driver/include/onrobot_driver/Modbus/docs/html/dir_bce4fe468017adc58bf81882531ea016.html
[6.143s] -- Up-to-date symlink: /home/user/Desktop/ur_pick/ros2_ws/install/onrobot_driver/include/onrobot_driver/Modbus/docs/html/dir_d44c64559bbebec7f509842c48db8b23.html
[6.143s] -- Up-to-date symlink: /home/user/Desktop/ur_pick/ros2_ws/install/onrobot_driver/include/onrobot_driver/Modbus/docs/html/dir_f8aebf652183de33714d471cbd098255.html
[6.143s] -- Up-to-date symlink: /home/user/Desktop/ur_pick/ros2_ws/install/onrobot_driver/include/onrobot_driver/Modbus/docs/html/dir_fa17a7b3bf7c731ce009520520ae23a8.html
[6.143s] -- Up-to-date symlink: /home/user/Desktop/ur_pick/ros2_ws/install/onrobot_driver/include/onrobot_driver/Modbus/docs/html/doc.png
[6.143s] -- Up-to-date symlink: /home/user/Desktop/ur_pick/ros2_ws/install/onrobot_driver/include/onrobot_driver/Modbus/docs/html/doc.svg
[6.144s] -- Up-to-date symlink: /home/user/Desktop/ur_pick/ros2_ws/install/onrobot_driver/include/onrobot_driver/Modbus/docs/html/docd.svg
[6.144s] -- Up-to-date symlink: /home/user/Desktop/ur_pick/ros2_ws/install/onrobot_driver/include/onrobot_driver/Modbus/docs/html/doxygen.css
[6.144s] -- Up-to-date symlink: /home/user/Desktop/ur_pick/ros2_ws/install/onrobot_driver/include/onrobot_driver/Modbus/docs/html/doxygen.svg
[6.144s] -- Up-to-date symlink: /home/user/Desktop/ur_pick/ros2_ws/install/onrobot_driver/include/onrobot_driver/Modbus/docs/html/doxygen_crawl.html
[6.144s] -- Up-to-date symlink: /home/user/Desktop/ur_pick/ros2_ws/install/onrobot_driver/include/onrobot_driver/Modbus/docs/html/dynsections.js
[6.144s] -- Up-to-date symlink: /home/user/Desktop/ur_pick/ros2_ws/install/onrobot_driver/include/onrobot_driver/Modbus/docs/html/files.html
[6.144s] -- Up-to-date symlink: /home/user/Desktop/ur_pick/ros2_ws/install/onrobot_driver/include/onrobot_driver/Modbus/docs/html/folderclosed.png
[6.144s] -- Up-to-date symlink: /home/user/Desktop/ur_pick/ros2_ws/install/onrobot_driver/include/onrobot_driver/Modbus/docs/html/folderclosed.svg
[6.145s] -- Up-to-date symlink: /home/user/Desktop/ur_pick/ros2_ws/install/onrobot_driver/include/onrobot_driver/Modbus/docs/html/folderclosedd.svg
[6.145s] -- Up-to-date symlink: /home/user/Desktop/ur_pick/ros2_ws/install/onrobot_driver/include/onrobot_driver/Modbus/docs/html/folderopen.png
[6.145s] -- Up-to-date symlink: /home/user/Desktop/ur_pick/ros2_ws/install/onrobot_driver/include/onrobot_driver/Modbus/docs/html/folderopen.svg
[6.145s] -- Up-to-date symlink: /home/user/Desktop/ur_pick/ros2_ws/install/onrobot_driver/include/onrobot_driver/Modbus/docs/html/folderopend.svg
[6.145s] -- Up-to-date symlink: /home/user/Desktop/ur_pick/ros2_ws/install/onrobot_driver/include/onrobot_driver/Modbus/docs/html/functions.html
[6.145s] -- Up-to-date symlink: /home/user/Desktop/ur_pick/ros2_ws/install/onrobot_driver/include/onrobot_driver/Modbus/docs/html/functions_func.html
[6.146s] -- Up-to-date symlink: /home/user/Desktop/ur_pick/ros2_ws/install/onrobot_driver/include/onrobot_driver/Modbus/docs/html/group__MB.html
[6.146s] -- Up-to-date symlink: /home/user/Desktop/ur_pick/ros2_ws/install/onrobot_driver/include/onrobot_driver/Modbus/docs/html/hierarchy.html
[6.146s] -- Up-to-date symlink: /home/user/Desktop/ur_pick/ros2_ws/install/onrobot_driver/include/onrobot_driver/Modbus/docs/html/index.html
[6.146s] -- Up-to-date symlink: /home/user/Desktop/ur_pick/ros2_ws/install/onrobot_driver/include/onrobot_driver/Modbus/docs/html/jquery.js
[6.146s] -- Up-to-date symlink: /home/user/Desktop/ur_pick/ros2_ws/install/onrobot_driver/include/onrobot_driver/Modbus/docs/html/menu.js
[6.146s] -- Up-to-date symlink: /home/user/Desktop/ur_pick/ros2_ws/install/onrobot_driver/include/onrobot_driver/Modbus/docs/html/menudata.js
[6.146s] -- Up-to-date symlink: /home/user/Desktop/ur_pick/ros2_ws/install/onrobot_driver/include/onrobot_driver/Modbus/docs/html/minus.svg
[6.146s] -- Up-to-date symlink: /home/user/Desktop/ur_pick/ros2_ws/install/onrobot_driver/include/onrobot_driver/Modbus/docs/html/minusd.svg
[6.146s] -- Up-to-date symlink: /home/user/Desktop/ur_pick/ros2_ws/install/onrobot_driver/include/onrobot_driver/Modbus/docs/html/modbusCell_8hpp_source.html
[6.147s] -- Up-to-date symlink: /home/user/Desktop/ur_pick/ros2_ws/install/onrobot_driver/include/onrobot_driver/Modbus/docs/html/modbusException_8hpp_source.html
[6.147s] -- Up-to-date symlink: /home/user/Desktop/ur_pick/ros2_ws/install/onrobot_driver/include/onrobot_driver/Modbus/docs/html/modbusRequest_8hpp_source.html
[6.147s] -- Up-to-date symlink: /home/user/Desktop/ur_pick/ros2_ws/install/onrobot_driver/include/onrobot_driver/Modbus/docs/html/modbusResponse_8hpp_source.html
[6.147s] -- Up-to-date symlink: /home/user/Desktop/ur_pick/ros2_ws/install/onrobot_driver/include/onrobot_driver/Modbus/docs/html/modbusUtils_8hpp_source.html
[6.147s] -- Up-to-date symlink: /home/user/Desktop/ur_pick/ros2_ws/install/onrobot_driver/include/onrobot_driver/Modbus/docs/html/modules.html
[6.147s] -- Up-to-date symlink: /home/user/Desktop/ur_pick/ros2_ws/install/onrobot_driver/include/onrobot_driver/Modbus/docs/html/namespaceMB.html
[6.147s] -- Up-to-date symlink: /home/user/Desktop/ur_pick/ros2_ws/install/onrobot_driver/include/onrobot_driver/Modbus/docs/html/namespaceMB_1_1CRC.html
[6.147s] -- Up-to-date symlink: /home/user/Desktop/ur_pick/ros2_ws/install/onrobot_driver/include/onrobot_driver/Modbus/docs/html/namespaceMB_1_1utils.html
[6.147s] -- Up-to-date symlink: /home/user/Desktop/ur_pick/ros2_ws/install/onrobot_driver/include/onrobot_driver/Modbus/docs/html/namespacemembers.html
[6.148s] -- Up-to-date symlink: /home/user/Desktop/ur_pick/ros2_ws/install/onrobot_driver/include/onrobot_driver/Modbus/docs/html/namespacemembers_enum.html
[6.148s] -- Up-to-date symlink: /home/user/Desktop/ur_pick/ros2_ws/install/onrobot_driver/include/onrobot_driver/Modbus/docs/html/namespacemembers_func.html
[6.148s] -- Up-to-date symlink: /home/user/Desktop/ur_pick/ros2_ws/install/onrobot_driver/include/onrobot_driver/Modbus/docs/html/namespaces.html
[6.148s] -- Up-to-date symlink: /home/user/Desktop/ur_pick/ros2_ws/install/onrobot_driver/include/onrobot_driver/Modbus/docs/html/nav_f.png
[6.148s] -- Up-to-date symlink: /home/user/Desktop/ur_pick/ros2_ws/install/onrobot_driver/include/onrobot_driver/Modbus/docs/html/nav_fd.png
[6.148s] -- Up-to-date symlink: /home/user/Desktop/ur_pick/ros2_ws/install/onrobot_driver/include/onrobot_driver/Modbus/docs/html/nav_g.png
[6.148s] -- Up-to-date symlink: /home/user/Desktop/ur_pick/ros2_ws/install/onrobot_driver/include/onrobot_driver/Modbus/docs/html/nav_h.png
[6.148s] -- Up-to-date symlink: /home/user/Desktop/ur_pick/ros2_ws/install/onrobot_driver/include/onrobot_driver/Modbus/docs/html/nav_hd.png
[6.148s] -- Up-to-date symlink: /home/user/Desktop/ur_pick/ros2_ws/install/onrobot_driver/include/onrobot_driver/Modbus/docs/html/open.png
[6.149s] -- Up-to-date symlink: /home/user/Desktop/ur_pick/ros2_ws/install/onrobot_driver/include/onrobot_driver/Modbus/docs/html/pages.html
[6.149s] -- Up-to-date symlink: /home/user/Desktop/ur_pick/ros2_ws/install/onrobot_driver/include/onrobot_driver/Modbus/docs/html/plus.svg
[6.149s] -- Up-to-date symlink: /home/user/Desktop/ur_pick/ros2_ws/install/onrobot_driver/include/onrobot_driver/Modbus/docs/html/plusd.svg
[6.149s] -- Up-to-date symlink: /home/user/Desktop/ur_pick/ros2_ws/install/onrobot_driver/include/onrobot_driver/Modbus/docs/html/search/all_0.html
[6.149s] -- Up-to-date symlink: /home/user/Desktop/ur_pick/ros2_ws/install/onrobot_driver/include/onrobot_driver/Modbus/docs/html/search/all_0.js
[6.149s] -- Up-to-date symlink: /home/user/Desktop/ur_pick/ros2_ws/install/onrobot_driver/include/onrobot_driver/Modbus/docs/html/search/all_1.html
[6.149s] -- Up-to-date symlink: /home/user/Desktop/ur_pick/ros2_ws/install/onrobot_driver/include/onrobot_driver/Modbus/docs/html/search/all_1.js
[6.149s] -- Up-to-date symlink: /home/user/Desktop/ur_pick/ros2_ws/install/onrobot_driver/include/onrobot_driver/Modbus/docs/html/search/all_10.js
[6.149s] -- Up-to-date symlink: /home/user/Desktop/ur_pick/ros2_ws/install/onrobot_driver/include/onrobot_driver/Modbus/docs/html/search/all_11.js
[6.149s] -- Up-to-date symlink: /home/user/Desktop/ur_pick/ros2_ws/install/onrobot_driver/include/onrobot_driver/Modbus/docs/html/search/all_2.html
[6.149s] -- Up-to-date symlink: /home/user/Desktop/ur_pick/ros2_ws/install/onrobot_driver/include/onrobot_driver/Modbus/docs/html/search/all_2.js
[6.149s] -- Up-to-date symlink: /home/user/Desktop/ur_pick/ros2_ws/install/onrobot_driver/include/onrobot_driver/Modbus/docs/html/search/all_3.html
[6.149s] -- Up-to-date symlink: /home/user/Desktop/ur_pick/ros2_ws/install/onrobot_driver/include/onrobot_driver/Modbus/docs/html/search/all_3.js
[6.150s] -- Up-to-date symlink: /home/user/Desktop/ur_pick/ros2_ws/install/onrobot_driver/include/onrobot_driver/Modbus/docs/html/search/all_4.html
[6.150s] -- Up-to-date symlink: /home/user/Desktop/ur_pick/ros2_ws/install/onrobot_driver/include/onrobot_driver/Modbus/docs/html/search/all_4.js
[6.150s] -- Up-to-date symlink: /home/user/Desktop/ur_pick/ros2_ws/install/onrobot_driver/include/onrobot_driver/Modbus/docs/html/search/all_5.html
[6.150s] -- Up-to-date symlink: /home/user/Desktop/ur_pick/ros2_ws/install/onrobot_driver/include/onrobot_driver/Modbus/docs/html/search/all_5.js
[6.150s] -- Up-to-date symlink: /home/user/Desktop/ur_pick/ros2_ws/install/onrobot_driver/include/onrobot_driver/Modbus/docs/html/search/all_6.html
[6.150s] -- Up-to-date symlink: /home/user/Desktop/ur_pick/ros2_ws/install/onrobot_driver/include/onrobot_driver/Modbus/docs/html/search/all_6.js
[6.150s] -- Up-to-date symlink: /home/user/Desktop/ur_pick/ros2_ws/install/onrobot_driver/include/onrobot_driver/Modbus/docs/html/search/all_7.html
[6.150s] -- Up-to-date symlink: /home/user/Desktop/ur_pick/ros2_ws/install/onrobot_driver/include/onrobot_driver/Modbus/docs/html/search/all_7.js
[6.150s] -- Up-to-date symlink: /home/user/Desktop/ur_pick/ros2_ws/install/onrobot_driver/include/onrobot_driver/Modbus/docs/html/search/all_8.html
[6.151s] -- Up-to-date symlink: /home/user/Desktop/ur_pick/ros2_ws/install/onrobot_driver/include/onrobot_driver/Modbus/docs/html/search/all_8.js
[6.151s] -- Up-to-date symlink: /home/user/Desktop/ur_pick/ros2_ws/install/onrobot_driver/include/onrobot_driver/Modbus/docs/html/search/all_9.html
[6.151s] -- Up-to-date symlink: /home/user/Desktop/ur_pick/ros2_ws/install/onrobot_driver/include/onrobot_driver/Modbus/docs/html/search/all_9.js
[6.151s] -- Up-to-date symlink: /home/user/Desktop/ur_pick/ros2_ws/install/onrobot_driver/include/onrobot_driver/Modbus/docs/html/search/all_a.js
[6.151s] -- Up-to-date symlink: /home/user/Desktop/ur_pick/ros2_ws/install/onrobot_driver/include/onrobot_driver/Modbus/docs/html/search/all_b.js
[6.151s] -- Up-to-date symlink: /home/user/Desktop/ur_pick/ros2_ws/install/onrobot_driver/include/onrobot_driver/Modbus/docs/html/search/all_c.js
[6.151s] -- Up-to-date symlink: /home/user/Desktop/ur_pick/ros2_ws/install/onrobot_driver/include/onrobot_driver/Modbus/docs/html/search/all_d.js
[6.151s] -- Up-to-date symlink: /home/user/Desktop/ur_pick/ros2_ws/install/onrobot_driver/include/onrobot_driver/Modbus/docs/html/search/all_e.js
[6.152s] -- Up-to-date symlink: /home/user/Desktop/ur_pick/ros2_ws/install/onrobot_driver/include/onrobot_driver/Modbus/docs/html/search/all_f.js
[6.152s] -- Up-to-date symlink: /home/user/Desktop/ur_pick/ros2_ws/install/onrobot_driver/include/onrobot_driver/Modbus/docs/html/search/classes_0.html
[6.152s] -- Up-to-date symlink: /home/user/Desktop/ur_pick/ros2_ws/install/onrobot_driver/include/onrobot_driver/Modbus/docs/html/search/classes_0.js
[6.152s] -- Up-to-date symlink: /home/user/Desktop/ur_pick/ros2_ws/install/onrobot_driver/include/onrobot_driver/Modbus/docs/html/search/classes_1.html
[6.152s] -- Up-to-date symlink: /home/user/Desktop/ur_pick/ros2_ws/install/onrobot_driver/include/onrobot_driver/Modbus/docs/html/search/classes_1.js
[6.152s] -- Up-to-date symlink: /home/user/Desktop/ur_pick/ros2_ws/install/onrobot_driver/include/onrobot_driver/Modbus/docs/html/search/classes_2.html
[6.153s] -- Up-to-date symlink: /home/user/Desktop/ur_pick/ros2_ws/install/onrobot_driver/include/onrobot_driver/Modbus/docs/html/search/classes_2.js
[6.153s] -- Up-to-date symlink: /home/user/Desktop/ur_pick/ros2_ws/install/onrobot_driver/include/onrobot_driver/Modbus/docs/html/search/close.svg
[6.153s] -- Up-to-date symlink: /home/user/Desktop/ur_pick/ros2_ws/install/onrobot_driver/include/onrobot_driver/Modbus/docs/html/search/enums_0.html
[6.153s] -- Up-to-date symlink: /home/user/Desktop/ur_pick/ros2_ws/install/onrobot_driver/include/onrobot_driver/Modbus/docs/html/search/enums_0.js
[6.153s] -- Up-to-date symlink: /home/user/Desktop/ur_pick/ros2_ws/install/onrobot_driver/include/onrobot_driver/Modbus/docs/html/search/functions_0.html
[6.153s] -- Up-to-date symlink: /home/user/Desktop/ur_pick/ros2_ws/install/onrobot_driver/include/onrobot_driver/Modbus/docs/html/search/functions_0.js
[6.153s] -- Up-to-date symlink: /home/user/Desktop/ur_pick/ros2_ws/install/onrobot_driver/include/onrobot_driver/Modbus/docs/html/search/functions_1.html
[6.154s] -- Up-to-date symlink: /home/user/Desktop/ur_pick/ros2_ws/install/onrobot_driver/include/onrobot_driver/Modbus/docs/html/search/functions_1.js
[6.154s] -- Up-to-date symlink: /home/user/Desktop/ur_pick/ros2_ws/install/onrobot_driver/include/onrobot_driver/Modbus/docs/html/search/functions_2.html
[6.154s] -- Up-to-date symlink: /home/user/Desktop/ur_pick/ros2_ws/install/onrobot_driver/include/onrobot_driver/Modbus/docs/html/search/functions_2.js
[6.154s] -- Up-to-date symlink: /home/user/Desktop/ur_pick/ros2_ws/install/onrobot_driver/include/onrobot_driver/Modbus/docs/html/search/functions_3.html
[6.154s] -- Up-to-date symlink: /home/user/Desktop/ur_pick/ros2_ws/install/onrobot_driver/include/onrobot_driver/Modbus/docs/html/search/functions_3.js
[6.154s] -- Up-to-date symlink: /home/user/Desktop/ur_pick/ros2_ws/install/onrobot_driver/include/onrobot_driver/Modbus/docs/html/search/functions_4.html
[6.154s] -- Up-to-date symlink: /home/user/Desktop/ur_pick/ros2_ws/install/onrobot_driver/include/onrobot_driver/Modbus/docs/html/search/functions_4.js
[6.155s] -- Up-to-date symlink: /home/user/Desktop/ur_pick/ros2_ws/install/onrobot_driver/include/onrobot_driver/Modbus/docs/html/search/functions_5.html
[6.155s] -- Up-to-date symlink: /home/user/Desktop/ur_pick/ros2_ws/install/onrobot_driver/include/onrobot_driver/Modbus/docs/html/search/functions_5.js
[6.155s] -- Up-to-date symlink: /home/user/Desktop/ur_pick/ros2_ws/install/onrobot_driver/include/onrobot_driver/Modbus/docs/html/search/functions_6.html
[6.155s] -- Up-to-date symlink: /home/user/Desktop/ur_pick/ros2_ws/install/onrobot_driver/include/onrobot_driver/Modbus/docs/html/search/functions_6.js
[6.155s] -- Up-to-date symlink: /home/user/Desktop/ur_pick/ros2_ws/install/onrobot_driver/include/onrobot_driver/Modbus/docs/html/search/functions_7.html
[6.155s] -- Up-to-date symlink: /home/user/Desktop/ur_pick/ros2_ws/install/onrobot_driver/include/onrobot_driver/Modbus/docs/html/search/functions_7.js
[6.155s] -- Up-to-date symlink: /home/user/Desktop/ur_pick/ros2_ws/install/onrobot_driver/include/onrobot_driver/Modbus/docs/html/search/functions_8.html
[6.156s] -- Up-to-date symlink: /home/user/Desktop/ur_pick/ros2_ws/install/onrobot_driver/include/onrobot_driver/Modbus/docs/html/search/functions_8.js
[6.156s] -- Up-to-date symlink: /home/user/Desktop/ur_pick/ros2_ws/install/onrobot_driver/include/onrobot_driver/Modbus/docs/html/search/functions_9.html
[6.156s] -- Up-to-date symlink: /home/user/Desktop/ur_pick/ros2_ws/install/onrobot_driver/include/onrobot_driver/Modbus/docs/html/search/functions_9.js
[6.156s] -- Up-to-date symlink: /home/user/Desktop/ur_pick/ros2_ws/install/onrobot_driver/include/onrobot_driver/Modbus/docs/html/search/functions_a.js
[6.156s] -- Up-to-date symlink: /home/user/Desktop/ur_pick/ros2_ws/install/onrobot_driver/include/onrobot_driver/Modbus/docs/html/search/mag.svg
[6.156s] -- Up-to-date symlink: /home/user/Desktop/ur_pick/ros2_ws/install/onrobot_driver/include/onrobot_driver/Modbus/docs/html/search/mag_d.svg
[6.156s] -- Up-to-date symlink: /home/user/Desktop/ur_pick/ros2_ws/install/onrobot_driver/include/onrobot_driver/Modbus/docs/html/search/mag_sel.svg
[6.157s] -- Up-to-date symlink: /home/user/Desktop/ur_pick/ros2_ws/install/onrobot_driver/include/onrobot_driver/Modbus/docs/html/search/mag_seld.svg
[6.157s] -- Up-to-date symlink: /home/user/Desktop/ur_pick/ros2_ws/install/onrobot_driver/include/onrobot_driver/Modbus/docs/html/search/namespaces_0.html
[6.157s] -- Up-to-date symlink: /home/user/Desktop/ur_pick/ros2_ws/install/onrobot_driver/include/onrobot_driver/Modbus/docs/html/search/namespaces_0.js
[6.157s] -- Up-to-date symlink: /home/user/Desktop/ur_pick/ros2_ws/install/onrobot_driver/include/onrobot_driver/Modbus/docs/html/search/nomatches.html
[6.157s] -- Up-to-date symlink: /home/user/Desktop/ur_pick/ros2_ws/install/onrobot_driver/include/onrobot_driver/Modbus/docs/html/search/pages_0.js
[6.157s] -- Up-to-date symlink: /home/user/Desktop/ur_pick/ros2_ws/install/onrobot_driver/include/onrobot_driver/Modbus/docs/html/search/pages_1.js
[6.157s] -- Up-to-date symlink: /home/user/Desktop/ur_pick/ros2_ws/install/onrobot_driver/include/onrobot_driver/Modbus/docs/html/search/pages_2.js
[6.158s] -- Up-to-date symlink: /home/user/Desktop/ur_pick/ros2_ws/install/onrobot_driver/include/onrobot_driver/Modbus/docs/html/search/pages_3.js
[6.158s] -- Up-to-date symlink: /home/user/Desktop/ur_pick/ros2_ws/install/onrobot_driver/include/onrobot_driver/Modbus/docs/html/search/search.css
[6.158s] -- Up-to-date symlink: /home/user/Desktop/ur_pick/ros2_ws/install/onrobot_driver/include/onrobot_driver/Modbus/docs/html/search/search.js
[6.158s] -- Up-to-date symlink: /home/user/Desktop/ur_pick/ros2_ws/install/onrobot_driver/include/onrobot_driver/Modbus/docs/html/search/search_l.png
[6.158s] -- Up-to-date symlink: /home/user/Desktop/ur_pick/ros2_ws/install/onrobot_driver/include/onrobot_driver/Modbus/docs/html/search/search_m.png
[6.158s] -- Up-to-date symlink: /home/user/Desktop/ur_pick/ros2_ws/install/onrobot_driver/include/onrobot_driver/Modbus/docs/html/search/search_r.png
[6.159s] -- Up-to-date symlink: /home/user/Desktop/ur_pick/ros2_ws/install/onrobot_driver/include/onrobot_driver/Modbus/docs/html/search/searchdata.js
[6.159s] -- Up-to-date symlink: /home/user/Desktop/ur_pick/ros2_ws/install/onrobot_driver/include/onrobot_driver/Modbus/docs/html/server_8hpp_source.html
[6.159s] -- Up-to-date symlink: /home/user/Desktop/ur_pick/ros2_ws/install/onrobot_driver/include/onrobot_driver/Modbus/docs/html/splitbar.png
[6.159s] -- Up-to-date symlink: /home/user/Desktop/ur_pick/ros2_ws/install/onrobot_driver/include/onrobot_driver/Modbus/docs/html/splitbard.png
[6.159s] -- Up-to-date symlink: /home/user/Desktop/ur_pick/ros2_ws/install/onrobot_driver/include/onrobot_driver/Modbus/docs/html/sync_off.png
[6.159s] -- Up-to-date symlink: /home/user/Desktop/ur_pick/ros2_ws/install/onrobot_driver/include/onrobot_driver/Modbus/docs/html/sync_on.png
[6.159s] -- Up-to-date symlink: /home/user/Desktop/ur_pick/ros2_ws/install/onrobot_driver/include/onrobot_driver/Modbus/docs/html/tab_a.png
[6.160s] -- Up-to-date symlink: /home/user/Desktop/ur_pick/ros2_ws/install/onrobot_driver/include/onrobot_driver/Modbus/docs/html/tab_ad.png
[6.160s] -- Up-to-date symlink: /home/user/Desktop/ur_pick/ros2_ws/install/onrobot_driver/include/onrobot_driver/Modbus/docs/html/tab_b.png
[6.160s] -- Up-to-date symlink: /home/user/Desktop/ur_pick/ros2_ws/install/onrobot_driver/include/onrobot_driver/Modbus/docs/html/tab_bd.png
[6.160s] -- Up-to-date symlink: /home/user/Desktop/ur_pick/ros2_ws/install/onrobot_driver/include/onrobot_driver/Modbus/docs/html/tab_h.png
[6.160s] -- Up-to-date symlink: /home/user/Desktop/ur_pick/ros2_ws/install/onrobot_driver/include/onrobot_driver/Modbus/docs/html/tab_hd.png
[6.160s] -- Up-to-date symlink: /home/user/Desktop/ur_pick/ros2_ws/install/onrobot_driver/include/onrobot_driver/Modbus/docs/html/tab_s.png
[6.160s] -- Up-to-date symlink: /home/user/Desktop/ur_pick/ros2_ws/install/onrobot_driver/include/onrobot_driver/Modbus/docs/html/tab_sd.png
[6.160s] -- Up-to-date symlink: /home/user/Desktop/ur_pick/ros2_ws/install/onrobot_driver/include/onrobot_driver/Modbus/docs/html/tabs.css
[6.161s] -- Up-to-date symlink: /home/user/Desktop/ur_pick/ros2_ws/install/onrobot_driver/include/onrobot_driver/Modbus/example/main.cpp
[6.161s] -- Up-to-date symlink: /home/user/Desktop/ur_pick/ros2_ws/install/onrobot_driver/include/onrobot_driver/Modbus/include/MB/Serial/connection.hpp
[6.161s] -- Up-to-date symlink: /home/user/Desktop/ur_pick/ros2_ws/install/onrobot_driver/include/onrobot_driver/Modbus/include/MB/TCP/connection.hpp
[6.161s] -- Up-to-date symlink: /home/user/Desktop/ur_pick/ros2_ws/install/onrobot_driver/include/onrobot_driver/Modbus/include/MB/TCP/server.hpp
[6.161s] -- Up-to-date symlink: /home/user/Desktop/ur_pick/ros2_ws/install/onrobot_driver/include/onrobot_driver/Modbus/include/MB/crc.hpp
[6.161s] -- Up-to-date symlink: /home/user/Desktop/ur_pick/ros2_ws/install/onrobot_driver/include/onrobot_driver/Modbus/include/MB/modbusCell.hpp
[6.161s] -- Up-to-date symlink: /home/user/Desktop/ur_pick/ros2_ws/install/onrobot_driver/include/onrobot_driver/Modbus/include/MB/modbusException.hpp
[6.162s] -- Up-to-date symlink: /home/user/Desktop/ur_pick/ros2_ws/install/onrobot_driver/include/onrobot_driver/Modbus/include/MB/modbusRequest.hpp
[6.162s] -- Up-to-date symlink: /home/user/Desktop/ur_pick/ros2_ws/install/onrobot_driver/include/onrobot_driver/Modbus/include/MB/modbusResponse.hpp
[6.162s] -- Up-to-date symlink: /home/user/Desktop/ur_pick/ros2_ws/install/onrobot_driver/include/onrobot_driver/Modbus/include/MB/modbusUtils.hpp
[6.162s] -- Up-to-date symlink: /home/user/Desktop/ur_pick/ros2_ws/install/onrobot_driver/include/onrobot_driver/Modbus/reformat-all.sh
[6.162s] -- Up-to-date symlink: /home/user/Desktop/ur_pick/ros2_ws/install/onrobot_driver/include/onrobot_driver/Modbus/shell.nix
[6.162s] -- Up-to-date symlink: /home/user/Desktop/ur_pick/ros2_ws/install/onrobot_driver/include/onrobot_driver/Modbus/src/CMakeLists.txt
[6.162s] -- Up-to-date symlink: /home/user/Desktop/ur_pick/ros2_ws/install/onrobot_driver/include/onrobot_driver/Modbus/src/Serial/CMakeLists.txt
[6.162s] -- Up-to-date symlink: /home/user/Desktop/ur_pick/ros2_ws/install/onrobot_driver/include/onrobot_driver/Modbus/src/Serial/connection.cpp
[6.163s] -- Up-to-date symlink: /home/user/Desktop/ur_pick/ros2_ws/install/onrobot_driver/include/onrobot_driver/Modbus/src/TCP/CMakeLists.txt
[6.163s] -- Up-to-date symlink: /home/user/Desktop/ur_pick/ros2_ws/install/onrobot_driver/include/onrobot_driver/Modbus/src/TCP/connection.cpp
[6.163s] -- Up-to-date symlink: /home/user/Desktop/ur_pick/ros2_ws/install/onrobot_driver/include/onrobot_driver/Modbus/src/TCP/server.cpp
[6.163s] -- Up-to-date symlink: /home/user/Desktop/ur_pick/ros2_ws/install/onrobot_driver/include/onrobot_driver/Modbus/src/crc.cpp
[6.163s] -- Up-to-date symlink: /home/user/Desktop/ur_pick/ros2_ws/install/onrobot_driver/include/onrobot_driver/Modbus/src/modbusException.cpp
[6.163s] -- Up-to-date symlink: /home/user/Desktop/ur_pick/ros2_ws/install/onrobot_driver/include/onrobot_driver/Modbus/src/modbusRequest.cpp
[6.163s] -- Up-to-date symlink: /home/user/Desktop/ur_pick/ros2_ws/install/onrobot_driver/include/onrobot_driver/Modbus/src/modbusResponse.cpp
[6.164s] -- Up-to-date symlink: /home/user/Desktop/ur_pick/ros2_ws/install/onrobot_driver/include/onrobot_driver/Modbus/tests/CMakeLists.txt
[6.164s] -- Up-to-date symlink: /home/user/Desktop/ur_pick/ros2_ws/install/onrobot_driver/include/onrobot_driver/Modbus/tests/MB/ModbusCellTests.cpp
[6.164s] -- Up-to-date symlink: /home/user/Desktop/ur_pick/ros2_ws/install/onrobot_driver/include/onrobot_driver/Modbus/tests/MB/ModbusExceptionTests.cpp
[6.164s] -- Up-to-date symlink: /home/user/Desktop/ur_pick/ros2_ws/install/onrobot_driver/include/onrobot_driver/Modbus/tests/MB/ModbusFunctionalTests.cpp
[6.164s] -- Up-to-date symlink: /home/user/Desktop/ur_pick/ros2_ws/install/onrobot_driver/include/onrobot_driver/Modbus/tests/MB/ModbusRequestTests.cpp
[6.164s] -- Up-to-date symlink: /home/user/Desktop/ur_pick/ros2_ws/install/onrobot_driver/include/onrobot_driver/Modbus/tests/MB/ModbusResponseTests.cpp
[6.164s] -- Up-to-date symlink: /home/user/Desktop/ur_pick/ros2_ws/install/onrobot_driver/include/onrobot_driver/Modbus/tests/googletest/.clang-format
[6.164s] -- Up-to-date symlink: /home/user/Desktop/ur_pick/ros2_ws/install/onrobot_driver/include/onrobot_driver/Modbus/tests/googletest/.git
[6.165s] -- Up-to-date symlink: /home/user/Desktop/ur_pick/ros2_ws/install/onrobot_driver/include/onrobot_driver/Modbus/tests/googletest/.github/ISSUE_TEMPLATE/00-bug_report.md
[6.165s] -- Up-to-date symlink: /home/user/Desktop/ur_pick/ros2_ws/install/onrobot_driver/include/onrobot_driver/Modbus/tests/googletest/.github/ISSUE_TEMPLATE/10-feature_request.md
[6.165s] -- Up-to-date symlink: /home/user/Desktop/ur_pick/ros2_ws/install/onrobot_driver/include/onrobot_driver/Modbus/tests/googletest/.github/ISSUE_TEMPLATE/config.yml
[6.165s] -- Up-to-date symlink: /home/user/Desktop/ur_pick/ros2_ws/install/onrobot_driver/include/onrobot_driver/Modbus/tests/googletest/.github/workflows/gtest-ci.yml
[6.165s] -- Up-to-date symlink: /home/user/Desktop/ur_pick/ros2_ws/install/onrobot_driver/include/onrobot_driver/Modbus/tests/googletest/.gitignore
[6.165s] -- Up-to-date symlink: /home/user/Desktop/ur_pick/ros2_ws/install/onrobot_driver/include/onrobot_driver/Modbus/tests/googletest/BUILD.bazel
[6.165s] -- Up-to-date symlink: /home/user/Desktop/ur_pick/ros2_ws/install/onrobot_driver/include/onrobot_driver/Modbus/tests/googletest/CMakeLists.txt
[6.165s] -- Up-to-date symlink: /home/user/Desktop/ur_pick/ros2_ws/install/onrobot_driver/include/onrobot_driver/Modbus/tests/googletest/CONTRIBUTING.md
[6.165s] -- Up-to-date symlink: /home/user/Desktop/ur_pick/ros2_ws/install/onrobot_driver/include/onrobot_driver/Modbus/tests/googletest/CONTRIBUTORS
[6.166s] -- Up-to-date symlink: /home/user/Desktop/ur_pick/ros2_ws/install/onrobot_driver/include/onrobot_driver/Modbus/tests/googletest/LICENSE
[6.166s] -- Up-to-date symlink: /home/user/Desktop/ur_pick/ros2_ws/install/onrobot_driver/include/onrobot_driver/Modbus/tests/googletest/README.md
[6.166s] -- Up-to-date symlink: /home/user/Desktop/ur_pick/ros2_ws/install/onrobot_driver/include/onrobot_driver/Modbus/tests/googletest/WORKSPACE
[6.166s] -- Up-to-date symlink: /home/user/Desktop/ur_pick/ros2_ws/install/onrobot_driver/include/onrobot_driver/Modbus/tests/googletest/ci/linux-presubmit.sh
[6.166s] -- Up-to-date symlink: /home/user/Desktop/ur_pick/ros2_ws/install/onrobot_driver/include/onrobot_driver/Modbus/tests/googletest/ci/macos-presubmit.sh
[6.166s] -- Up-to-date symlink: /home/user/Desktop/ur_pick/ros2_ws/install/onrobot_driver/include/onrobot_driver/Modbus/tests/googletest/docs/_config.yml
[6.166s] -- Up-to-date symlink: /home/user/Desktop/ur_pick/ros2_ws/install/onrobot_driver/include/onrobot_driver/Modbus/tests/googletest/docs/_data/navigation.yml
[6.166s] -- Up-to-date symlink: /home/user/Desktop/ur_pick/ros2_ws/install/onrobot_driver/include/onrobot_driver/Modbus/tests/googletest/docs/_layouts/default.html
[6.167s] -- Up-to-date symlink: /home/user/Desktop/ur_pick/ros2_ws/install/onrobot_driver/include/onrobot_driver/Modbus/tests/googletest/docs/_sass/main.scss
[6.167s] -- Up-to-date symlink: /home/user/Desktop/ur_pick/ros2_ws/install/onrobot_driver/include/onrobot_driver/Modbus/tests/googletest/docs/advanced.md
[6.167s] -- Up-to-date symlink: /home/user/Desktop/ur_pick/ros2_ws/install/onrobot_driver/include/onrobot_driver/Modbus/tests/googletest/docs/assets/css/style.scss
[6.167s] -- Up-to-date symlink: /home/user/Desktop/ur_pick/ros2_ws/install/onrobot_driver/include/onrobot_driver/Modbus/tests/googletest/docs/community_created_documentation.md
[6.167s] -- Up-to-date symlink: /home/user/Desktop/ur_pick/ros2_ws/install/onrobot_driver/include/onrobot_driver/Modbus/tests/googletest/docs/faq.md
[6.167s] -- Up-to-date symlink: /home/user/Desktop/ur_pick/ros2_ws/install/onrobot_driver/include/onrobot_driver/Modbus/tests/googletest/docs/gmock_cheat_sheet.md
[6.168s] -- Up-to-date symlink: /home/user/Desktop/ur_pick/ros2_ws/install/onrobot_driver/include/onrobot_driver/Modbus/tests/googletest/docs/gmock_cook_book.md
[6.168s] -- Up-to-date symlink: /home/user/Desktop/ur_pick/ros2_ws/install/onrobot_driver/include/onrobot_driver/Modbus/tests/googletest/docs/gmock_faq.md
[6.168s] -- Up-to-date symlink: /home/user/Desktop/ur_pick/ros2_ws/install/onrobot_driver/include/onrobot_driver/Modbus/tests/googletest/docs/gmock_for_dummies.md
[6.168s] -- Up-to-date symlink: /home/user/Desktop/ur_pick/ros2_ws/install/onrobot_driver/include/onrobot_driver/Modbus/tests/googletest/docs/index.md
[6.168s] -- Up-to-date symlink: /home/user/Desktop/ur_pick/ros2_ws/install/onrobot_driver/include/onrobot_driver/Modbus/tests/googletest/docs/pkgconfig.md
[6.168s] -- Up-to-date symlink: /home/user/Desktop/ur_pick/ros2_ws/install/onrobot_driver/include/onrobot_driver/Modbus/tests/googletest/docs/platforms.md
[6.168s] -- Up-to-date symlink: /home/user/Desktop/ur_pick/ros2_ws/install/onrobot_driver/include/onrobot_driver/Modbus/tests/googletest/docs/primer.md
[6.169s] -- Up-to-date symlink: /home/user/Desktop/ur_pick/ros2_ws/install/onrobot_driver/include/onrobot_driver/Modbus/tests/googletest/docs/quickstart-bazel.md
[6.169s] -- Up-to-date symlink: /home/user/Desktop/ur_pick/ros2_ws/install/onrobot_driver/include/onrobot_driver/Modbus/tests/googletest/docs/quickstart-cmake.md
[6.169s] -- Up-to-date symlink: /home/user/Desktop/ur_pick/ros2_ws/install/onrobot_driver/include/onrobot_driver/Modbus/tests/googletest/docs/reference/actions.md
[6.169s] -- Up-to-date symlink: /home/user/Desktop/ur_pick/ros2_ws/install/onrobot_driver/include/onrobot_driver/Modbus/tests/googletest/docs/reference/assertions.md
[6.169s] -- Up-to-date symlink: /home/user/Desktop/ur_pick/ros2_ws/install/onrobot_driver/include/onrobot_driver/Modbus/tests/googletest/docs/reference/matchers.md
[6.169s] -- Up-to-date symlink: /home/user/Desktop/ur_pick/ros2_ws/install/onrobot_driver/include/onrobot_driver/Modbus/tests/googletest/docs/reference/mocking.md
[6.169s] -- Up-to-date symlink: /home/user/Desktop/ur_pick/ros2_ws/install/onrobot_driver/include/onrobot_driver/Modbus/tests/googletest/docs/reference/testing.md
[6.170s] -- Up-to-date symlink: /home/user/Desktop/ur_pick/ros2_ws/install/onrobot_driver/include/onrobot_driver/Modbus/tests/googletest/docs/samples.md
[6.170s] -- Up-to-date symlink: /home/user/Desktop/ur_pick/ros2_ws/install/onrobot_driver/include/onrobot_driver/Modbus/tests/googletest/googlemock/CMakeLists.txt
[6.170s] -- Up-to-date symlink: /home/user/Desktop/ur_pick/ros2_ws/install/onrobot_driver/include/onrobot_driver/Modbus/tests/googletest/googlemock/README.md
[6.170s] -- Up-to-date symlink: /home/user/Desktop/ur_pick/ros2_ws/install/onrobot_driver/include/onrobot_driver/Modbus/tests/googletest/googlemock/cmake/gmock.pc.in
[6.170s] -- Up-to-date symlink: /home/user/Desktop/ur_pick/ros2_ws/install/onrobot_driver/include/onrobot_driver/Modbus/tests/googletest/googlemock/cmake/gmock_main.pc.in
[6.170s] -- Up-to-date symlink: /home/user/Desktop/ur_pick/ros2_ws/install/onrobot_driver/include/onrobot_driver/Modbus/tests/googletest/googlemock/docs/README.md
[6.170s] -- Up-to-date symlink: /home/user/Desktop/ur_pick/ros2_ws/install/onrobot_driver/include/onrobot_driver/Modbus/tests/googletest/googlemock/include/gmock/gmock-actions.h
[6.171s] -- Up-to-date symlink: /home/user/Desktop/ur_pick/ros2_ws/install/onrobot_driver/include/onrobot_driver/Modbus/tests/googletest/googlemock/include/gmock/gmock-cardinalities.h
[6.171s] -- Up-to-date symlink: /home/user/Desktop/ur_pick/ros2_ws/install/onrobot_driver/include/onrobot_driver/Modbus/tests/googletest/googlemock/include/gmock/gmock-function-mocker.h
[6.171s] -- Up-to-date symlink: /home/user/Desktop/ur_pick/ros2_ws/install/onrobot_driver/include/onrobot_driver/Modbus/tests/googletest/googlemock/include/gmock/gmock-matchers.h
[6.171s] -- Up-to-date symlink: /home/user/Desktop/ur_pick/ros2_ws/install/onrobot_driver/include/onrobot_driver/Modbus/tests/googletest/googlemock/include/gmock/gmock-more-actions.h
[6.171s] -- Up-to-date symlink: /home/user/Desktop/ur_pick/ros2_ws/install/onrobot_driver/include/onrobot_driver/Modbus/tests/googletest/googlemock/include/gmock/gmock-more-matchers.h
[6.171s] -- Up-to-date symlink: /home/user/Desktop/ur_pick/ros2_ws/install/onrobot_driver/include/onrobot_driver/Modbus/tests/googletest/googlemock/include/gmock/gmock-nice-strict.h
[6.172s] -- Up-to-date symlink: /home/user/Desktop/ur_pick/ros2_ws/install/onrobot_driver/include/onrobot_driver/Modbus/tests/googletest/googlemock/include/gmock/gmock-spec-builders.h
[6.172s] -- Up-to-date symlink: /home/user/Desktop/ur_pick/ros2_ws/install/onrobot_driver/include/onrobot_driver/Modbus/tests/googletest/googlemock/include/gmock/gmock.h
[6.172s] -- Up-to-date symlink: /home/user/Desktop/ur_pick/ros2_ws/install/onrobot_driver/include/onrobot_driver/Modbus/tests/googletest/googlemock/include/gmock/internal/custom/README.md
[6.172s] -- Up-to-date symlink: /home/user/Desktop/ur_pick/ros2_ws/install/onrobot_driver/include/onrobot_driver/Modbus/tests/googletest/googlemock/include/gmock/internal/custom/gmock-generated-actions.h
[6.172s] -- Up-to-date symlink: /home/user/Desktop/ur_pick/ros2_ws/install/onrobot_driver/include/onrobot_driver/Modbus/tests/googletest/googlemock/include/gmock/internal/custom/gmock-matchers.h
[6.172s] -- Up-to-date symlink: /home/user/Desktop/ur_pick/ros2_ws/install/onrobot_driver/include/onrobot_driver/Modbus/tests/googletest/googlemock/include/gmock/internal/custom/gmock-port.h
[6.173s] -- Up-to-date symlink: /home/user/Desktop/ur_pick/ros2_ws/install/onrobot_driver/include/onrobot_driver/Modbus/tests/googletest/googlemock/include/gmock/internal/gmock-internal-utils.h
[6.173s] -- Up-to-date symlink: /home/user/Desktop/ur_pick/ros2_ws/install/onrobot_driver/include/onrobot_driver/Modbus/tests/googletest/googlemock/include/gmock/internal/gmock-port.h
[6.173s] -- Up-to-date symlink: /home/user/Desktop/ur_pick/ros2_ws/install/onrobot_driver/include/onrobot_driver/Modbus/tests/googletest/googlemock/include/gmock/internal/gmock-pp.h
[6.173s] -- Up-to-date symlink: /home/user/Desktop/ur_pick/ros2_ws/install/onrobot_driver/include/onrobot_driver/Modbus/tests/googletest/googlemock/src/gmock-all.cc
[6.173s] -- Up-to-date symlink: /home/user/Desktop/ur_pick/ros2_ws/install/onrobot_driver/include/onrobot_driver/Modbus/tests/googletest/googlemock/src/gmock-cardinalities.cc
[6.173s] -- Up-to-date symlink: /home/user/Desktop/ur_pick/ros2_ws/install/onrobot_driver/include/onrobot_driver/Modbus/tests/googletest/googlemock/src/gmock-internal-utils.cc
[6.174s] -- Up-to-date symlink: /home/user/Desktop/ur_pick/ros2_ws/install/onrobot_driver/include/onrobot_driver/Modbus/tests/googletest/googlemock/src/gmock-matchers.cc
[6.174s] -- Up-to-date symlink: /home/user/Desktop/ur_pick/ros2_ws/install/onrobot_driver/include/onrobot_driver/Modbus/tests/googletest/googlemock/src/gmock-spec-builders.cc
[6.174s] -- Up-to-date symlink: /home/user/Desktop/ur_pick/ros2_ws/install/onrobot_driver/include/onrobot_driver/Modbus/tests/googletest/googlemock/src/gmock.cc
[6.174s] -- Up-to-date symlink: /home/user/Desktop/ur_pick/ros2_ws/install/onrobot_driver/include/onrobot_driver/Modbus/tests/googletest/googlemock/src/gmock_main.cc
[6.174s] -- Up-to-date symlink: /home/user/Desktop/ur_pick/ros2_ws/install/onrobot_driver/include/onrobot_driver/Modbus/tests/googletest/googlemock/test/BUILD.bazel
[6.174s] -- Up-to-date symlink: /home/user/Desktop/ur_pick/ros2_ws/install/onrobot_driver/include/onrobot_driver/Modbus/tests/googletest/googlemock/test/gmock-actions_test.cc
[6.174s] -- Up-to-date symlink: /home/user/Desktop/ur_pick/ros2_ws/install/onrobot_driver/include/onrobot_driver/Modbus/tests/googletest/googlemock/test/gmock-cardinalities_test.cc
[6.175s] -- Up-to-date symlink: /home/user/Desktop/ur_pick/ros2_ws/install/onrobot_driver/include/onrobot_driver/Modbus/tests/googletest/googlemock/test/gmock-function-mocker_test.cc
[6.175s] -- Up-to-date symlink: /home/user/Desktop/ur_pick/ros2_ws/install/onrobot_driver/include/onrobot_driver/Modbus/tests/googletest/googlemock/test/gmock-internal-utils_test.cc
[6.175s] -- Up-to-date symlink: /home/user/Desktop/ur_pick/ros2_ws/install/onrobot_driver/include/onrobot_driver/Modbus/tests/googletest/googlemock/test/gmock-matchers-arithmetic_test.cc
[6.175s] -- Up-to-date symlink: /home/user/Desktop/ur_pick/ros2_ws/install/onrobot_driver/include/onrobot_driver/Modbus/tests/googletest/googlemock/test/gmock-matchers-comparisons_test.cc
[6.175s] -- Up-to-date symlink: /home/user/Desktop/ur_pick/ros2_ws/install/onrobot_driver/include/onrobot_driver/Modbus/tests/googletest/googlemock/test/gmock-matchers-containers_test.cc
[6.175s] -- Up-to-date symlink: /home/user/Desktop/ur_pick/ros2_ws/install/onrobot_driver/include/onrobot_driver/Modbus/tests/googletest/googlemock/test/gmock-matchers-misc_test.cc
[6.175s] -- Up-to-date symlink: /home/user/Desktop/ur_pick/ros2_ws/install/onrobot_driver/include/onrobot_driver/Modbus/tests/googletest/googlemock/test/gmock-matchers_test.h
[6.176s] -- Up-to-date symlink: /home/user/Desktop/ur_pick/ros2_ws/install/onrobot_driver/include/onrobot_driver/Modbus/tests/googletest/googlemock/test/gmock-more-actions_test.cc
[6.176s] -- Up-to-date symlink: /home/user/Desktop/ur_pick/ros2_ws/install/onrobot_driver/include/onrobot_driver/Modbus/tests/googletest/googlemock/test/gmock-nice-strict_test.cc
[6.176s] -- Up-to-date symlink: /home/user/Desktop/ur_pick/ros2_ws/install/onrobot_driver/include/onrobot_driver/Modbus/tests/googletest/googlemock/test/gmock-port_test.cc
[6.176s] -- Up-to-date symlink: /home/user/Desktop/ur_pick/ros2_ws/install/onrobot_driver/include/onrobot_driver/Modbus/tests/googletest/googlemock/test/gmock-pp-string_test.cc
[6.176s] -- Up-to-date symlink: /home/user/Desktop/ur_pick/ros2_ws/install/onrobot_driver/include/onrobot_driver/Modbus/tests/googletest/googlemock/test/gmock-pp_test.cc
[6.176s] -- Up-to-date symlink: /home/user/Desktop/ur_pick/ros2_ws/install/onrobot_driver/include/onrobot_driver/Modbus/tests/googletest/googlemock/test/gmock-spec-builders_test.cc
[6.177s] -- Up-to-date symlink: /home/user/Desktop/ur_pick/ros2_ws/install/onrobot_driver/include/onrobot_driver/Modbus/tests/googletest/googlemock/test/gmock_all_test.cc
[6.177s] -- Up-to-date symlink: /home/user/Desktop/ur_pick/ros2_ws/install/onrobot_driver/include/onrobot_driver/Modbus/tests/googletest/googlemock/test/gmock_ex_test.cc
[6.177s] -- Up-to-date symlink: /home/user/Desktop/ur_pick/ros2_ws/install/onrobot_driver/include/onrobot_driver/Modbus/tests/googletest/googlemock/test/gmock_leak_test.py
[6.177s] -- Up-to-date symlink: /home/user/Desktop/ur_pick/ros2_ws/install/onrobot_driver/include/onrobot_driver/Modbus/tests/googletest/googlemock/test/gmock_leak_test_.cc
[6.177s] -- Up-to-date symlink: /home/user/Desktop/ur_pick/ros2_ws/install/onrobot_driver/include/onrobot_driver/Modbus/tests/googletest/googlemock/test/gmock_link2_test.cc
[6.177s] -- Up-to-date symlink: /home/user/Desktop/ur_pick/ros2_ws/install/onrobot_driver/include/onrobot_driver/Modbus/tests/googletest/googlemock/test/gmock_link_test.cc
[6.177s] -- Up-to-date symlink: /home/user/Desktop/ur_pick/ros2_ws/install/onrobot_driver/include/onrobot_driver/Modbus/tests/googletest/googlemock/test/gmock_link_test.h
[6.178s] -- Up-to-date symlink: /home/user/Desktop/ur_pick/ros2_ws/install/onrobot_driver/include/onrobot_driver/Modbus/tests/googletest/googlemock/test/gmock_output_test.py
[6.178s] -- Up-to-date symlink: /home/user/Desktop/ur_pick/ros2_ws/install/onrobot_driver/include/onrobot_driver/Modbus/tests/googletest/googlemock/test/gmock_output_test_.cc
[6.178s] -- Up-to-date symlink: /home/user/Desktop/ur_pick/ros2_ws/install/onrobot_driver/include/onrobot_driver/Modbus/tests/googletest/googlemock/test/gmock_output_test_golden.txt
[6.178s] -- Up-to-date symlink: /home/user/Desktop/ur_pick/ros2_ws/install/onrobot_driver/include/onrobot_driver/Modbus/tests/googletest/googlemock/test/gmock_stress_test.cc
[6.178s] -- Up-to-date symlink: /home/user/Desktop/ur_pick/ros2_ws/install/onrobot_driver/include/onrobot_driver/Modbus/tests/googletest/googlemock/test/gmock_test.cc
[6.178s] -- Up-to-date symlink: /home/user/Desktop/ur_pick/ros2_ws/install/onrobot_driver/include/onrobot_driver/Modbus/tests/googletest/googlemock/test/gmock_test_utils.py
[6.178s] -- Up-to-date symlink: /home/user/Desktop/ur_pick/ros2_ws/install/onrobot_driver/include/onrobot_driver/Modbus/tests/googletest/googletest/CMakeLists.txt
[6.179s] -- Up-to-date symlink: /home/user/Desktop/ur_pick/ros2_ws/install/onrobot_driver/include/onrobot_driver/Modbus/tests/googletest/googletest/README.md
[6.179s] -- Up-to-date symlink: /home/user/Desktop/ur_pick/ros2_ws/install/onrobot_driver/include/onrobot_driver/Modbus/tests/googletest/googletest/cmake/Config.cmake.in
[6.179s] -- Up-to-date symlink: /home/user/Desktop/ur_pick/ros2_ws/install/onrobot_driver/include/onrobot_driver/Modbus/tests/googletest/googletest/cmake/gtest.pc.in
[6.179s] -- Up-to-date symlink: /home/user/Desktop/ur_pick/ros2_ws/install/onrobot_driver/include/onrobot_driver/Modbus/tests/googletest/googletest/cmake/gtest_main.pc.in
[6.179s] -- Up-to-date symlink: /home/user/Desktop/ur_pick/ros2_ws/install/onrobot_driver/include/onrobot_driver/Modbus/tests/googletest/googletest/cmake/internal_utils.cmake
[6.179s] -- Up-to-date symlink: /home/user/Desktop/ur_pick/ros2_ws/install/onrobot_driver/include/onrobot_driver/Modbus/tests/googletest/googletest/cmake/libgtest.la.in
[6.180s] -- Up-to-date symlink: /home/user/Desktop/ur_pick/ros2_ws/install/onrobot_driver/include/onrobot_driver/Modbus/tests/googletest/googletest/docs/README.md
[6.180s] -- Up-to-date symlink: /home/user/Desktop/ur_pick/ros2_ws/install/onrobot_driver/include/onrobot_driver/Modbus/tests/googletest/googletest/include/gtest/gtest-assertion-result.h
[6.180s] -- Up-to-date symlink: /home/user/Desktop/ur_pick/ros2_ws/install/onrobot_driver/include/onrobot_driver/Modbus/tests/googletest/googletest/include/gtest/gtest-death-test.h
[6.180s] -- Up-to-date symlink: /home/user/Desktop/ur_pick/ros2_ws/install/onrobot_driver/include/onrobot_driver/Modbus/tests/googletest/googletest/include/gtest/gtest-matchers.h
[6.180s] -- Up-to-date symlink: /home/user/Desktop/ur_pick/ros2_ws/install/onrobot_driver/include/onrobot_driver/Modbus/tests/googletest/googletest/include/gtest/gtest-message.h
[6.180s] -- Up-to-date symlink: /home/user/Desktop/ur_pick/ros2_ws/install/onrobot_driver/include/onrobot_driver/Modbus/tests/googletest/googletest/include/gtest/gtest-param-test.h
[6.181s] -- Up-to-date symlink: /home/user/Desktop/ur_pick/ros2_ws/install/onrobot_driver/include/onrobot_driver/Modbus/tests/googletest/googletest/include/gtest/gtest-printers.h
[6.181s] -- Up-to-date symlink: /home/user/Desktop/ur_pick/ros2_ws/install/onrobot_driver/include/onrobot_driver/Modbus/tests/googletest/googletest/include/gtest/gtest-spi.h
[6.181s] -- Up-to-date symlink: /home/user/Desktop/ur_pick/ros2_ws/install/onrobot_driver/include/onrobot_driver/Modbus/tests/googletest/googletest/include/gtest/gtest-test-part.h
[6.181s] -- Up-to-date symlink: /home/user/Desktop/ur_pick/ros2_ws/install/onrobot_driver/include/onrobot_driver/Modbus/tests/googletest/googletest/include/gtest/gtest-typed-test.h
[6.181s] -- Up-to-date symlink: /home/user/Desktop/ur_pick/ros2_ws/install/onrobot_driver/include/onrobot_driver/Modbus/tests/googletest/googletest/include/gtest/gtest.h
[6.181s] -- Up-to-date symlink: /home/user/Desktop/ur_pick/ros2_ws/install/onrobot_driver/include/onrobot_driver/Modbus/tests/googletest/googletest/include/gtest/gtest_pred_impl.h
[6.181s] -- Up-to-date symlink: /home/user/Desktop/ur_pick/ros2_ws/install/onrobot_driver/include/onrobot_driver/Modbus/tests/googletest/googletest/include/gtest/gtest_prod.h
[6.182s] -- Up-to-date symlink: /home/user/Desktop/ur_pick/ros2_ws/install/onrobot_driver/include/onrobot_driver/Modbus/tests/googletest/googletest/include/gtest/internal/custom/README.md
[6.182s] -- Up-to-date symlink: /home/user/Desktop/ur_pick/ros2_ws/install/onrobot_driver/include/onrobot_driver/Modbus/tests/googletest/googletest/include/gtest/internal/custom/gtest-port.h
[6.182s] -- Up-to-date symlink: /home/user/Desktop/ur_pick/ros2_ws/install/onrobot_driver/include/onrobot_driver/Modbus/tests/googletest/googletest/include/gtest/internal/custom/gtest-printers.h
[6.182s] -- Up-to-date symlink: /home/user/Desktop/ur_pick/ros2_ws/install/onrobot_driver/include/onrobot_driver/Modbus/tests/googletest/googletest/include/gtest/internal/custom/gtest.h
[6.182s] -- Up-to-date symlink: /home/user/Desktop/ur_pick/ros2_ws/install/onrobot_driver/include/onrobot_driver/Modbus/tests/googletest/googletest/include/gtest/internal/gtest-death-test-internal.h
[6.182s] -- Up-to-date symlink: /home/user/Desktop/ur_pick/ros2_ws/install/onrobot_driver/include/onrobot_driver/Modbus/tests/googletest/googletest/include/gtest/internal/gtest-filepath.h
[6.183s] -- Up-to-date symlink: /home/user/Desktop/ur_pick/ros2_ws/install/onrobot_driver/include/onrobot_driver/Modbus/tests/googletest/googletest/include/gtest/internal/gtest-internal.h
[6.183s] -- Up-to-date symlink: /home/user/Desktop/ur_pick/ros2_ws/install/onrobot_driver/include/onrobot_driver/Modbus/tests/googletest/googletest/include/gtest/internal/gtest-param-util.h
[6.183s] -- Up-to-date symlink: /home/user/Desktop/ur_pick/ros2_ws/install/onrobot_driver/include/onrobot_driver/Modbus/tests/googletest/googletest/include/gtest/internal/gtest-port-arch.h
[6.183s] -- Up-to-date symlink: /home/user/Desktop/ur_pick/ros2_ws/install/onrobot_driver/include/onrobot_driver/Modbus/tests/googletest/googletest/include/gtest/internal/gtest-port.h
[6.183s] -- Up-to-date symlink: /home/user/Desktop/ur_pick/ros2_ws/install/onrobot_driver/include/onrobot_driver/Modbus/tests/googletest/googletest/include/gtest/internal/gtest-string.h
[6.183s] -- Up-to-date symlink: /home/user/Desktop/ur_pick/ros2_ws/install/onrobot_driver/include/onrobot_driver/Modbus/tests/googletest/googletest/include/gtest/internal/gtest-type-util.h
[6.184s] -- Up-to-date symlink: /home/user/Desktop/ur_pick/ros2_ws/install/onrobot_driver/include/onrobot_driver/Modbus/tests/googletest/googletest/samples/prime_tables.h
[6.184s] -- Up-to-date symlink: /home/user/Desktop/ur_pick/ros2_ws/install/onrobot_driver/include/onrobot_driver/Modbus/tests/googletest/googletest/samples/sample1.cc
[6.184s] -- Up-to-date symlink: /home/user/Desktop/ur_pick/ros2_ws/install/onrobot_driver/include/onrobot_driver/Modbus/tests/googletest/googletest/samples/sample1.h
[6.184s] -- Up-to-date symlink: /home/user/Desktop/ur_pick/ros2_ws/install/onrobot_driver/include/onrobot_driver/Modbus/tests/googletest/googletest/samples/sample10_unittest.cc
[6.184s] -- Up-to-date symlink: /home/user/Desktop/ur_pick/ros2_ws/install/onrobot_driver/include/onrobot_driver/Modbus/tests/googletest/googletest/samples/sample1_unittest.cc
[6.184s] -- Up-to-date symlink: /home/user/Desktop/ur_pick/ros2_ws/install/onrobot_driver/include/onrobot_driver/Modbus/tests/googletest/googletest/samples/sample2.cc
[6.185s] -- Up-to-date symlink: /home/user/Desktop/ur_pick/ros2_ws/install/onrobot_driver/include/onrobot_driver/Modbus/tests/googletest/googletest/samples/sample2.h
[6.185s] -- Up-to-date symlink: /home/user/Desktop/ur_pick/ros2_ws/install/onrobot_driver/include/onrobot_driver/Modbus/tests/googletest/googletest/samples/sample2_unittest.cc
[6.185s] -- Up-to-date symlink: /home/user/Desktop/ur_pick/ros2_ws/install/onrobot_driver/include/onrobot_driver/Modbus/tests/googletest/googletest/samples/sample3-inl.h
[6.185s] -- Up-to-date symlink: /home/user/Desktop/ur_pick/ros2_ws/install/onrobot_driver/include/onrobot_driver/Modbus/tests/googletest/googletest/samples/sample3_unittest.cc
[6.185s] -- Up-to-date symlink: /home/user/Desktop/ur_pick/ros2_ws/install/onrobot_driver/include/onrobot_driver/Modbus/tests/googletest/googletest/samples/sample4.cc
[6.185s] -- Up-to-date symlink: /home/user/Desktop/ur_pick/ros2_ws/install/onrobot_driver/include/onrobot_driver/Modbus/tests/googletest/googletest/samples/sample4.h
[6.185s] -- Up-to-date symlink: /home/user/Desktop/ur_pick/ros2_ws/install/onrobot_driver/include/onrobot_driver/Modbus/tests/googletest/googletest/samples/sample4_unittest.cc
[6.186s] -- Up-to-date symlink: /home/user/Desktop/ur_pick/ros2_ws/install/onrobot_driver/include/onrobot_driver/Modbus/tests/googletest/googletest/samples/sample5_unittest.cc
[6.186s] -- Up-to-date symlink: /home/user/Desktop/ur_pick/ros2_ws/install/onrobot_driver/include/onrobot_driver/Modbus/tests/googletest/googletest/samples/sample6_unittest.cc
[6.186s] -- Up-to-date symlink: /home/user/Desktop/ur_pick/ros2_ws/install/onrobot_driver/include/onrobot_driver/Modbus/tests/googletest/googletest/samples/sample7_unittest.cc
[6.186s] -- Up-to-date symlink: /home/user/Desktop/ur_pick/ros2_ws/install/onrobot_driver/include/onrobot_driver/Modbus/tests/googletest/googletest/samples/sample8_unittest.cc
[6.186s] -- Up-to-date symlink: /home/user/Desktop/ur_pick/ros2_ws/install/onrobot_driver/include/onrobot_driver/Modbus/tests/googletest/googletest/samples/sample9_unittest.cc
[6.186s] -- Up-to-date symlink: /home/user/Desktop/ur_pick/ros2_ws/install/onrobot_driver/include/onrobot_driver/Modbus/tests/googletest/googletest/src/gtest-all.cc
[6.187s] -- Up-to-date symlink: /home/user/Desktop/ur_pick/ros2_ws/install/onrobot_driver/include/onrobot_driver/Modbus/tests/googletest/googletest/src/gtest-assertion-result.cc
[6.187s] -- Up-to-date symlink: /home/user/Desktop/ur_pick/ros2_ws/install/onrobot_driver/include/onrobot_driver/Modbus/tests/googletest/googletest/src/gtest-death-test.cc
[6.187s] -- Up-to-date symlink: /home/user/Desktop/ur_pick/ros2_ws/install/onrobot_driver/include/onrobot_driver/Modbus/tests/googletest/googletest/src/gtest-filepath.cc
[6.187s] -- Up-to-date symlink: /home/user/Desktop/ur_pick/ros2_ws/install/onrobot_driver/include/onrobot_driver/Modbus/tests/googletest/googletest/src/gtest-internal-inl.h
[6.187s] -- Up-to-date symlink: /home/user/Desktop/ur_pick/ros2_ws/install/onrobot_driver/include/onrobot_driver/Modbus/tests/googletest/googletest/src/gtest-matchers.cc
[6.187s] -- Up-to-date symlink: /home/user/Desktop/ur_pick/ros2_ws/install/onrobot_driver/include/onrobot_driver/Modbus/tests/googletest/googletest/src/gtest-port.cc
[6.187s] -- Up-to-date symlink: /home/user/Desktop/ur_pick/ros2_ws/install/onrobot_driver/include/onrobot_driver/Modbus/tests/googletest/googletest/src/gtest-printers.cc
[6.188s] -- Up-to-date symlink: /home/user/Desktop/ur_pick/ros2_ws/install/onrobot_driver/include/onrobot_driver/Modbus/tests/googletest/googletest/src/gtest-test-part.cc
[6.188s] -- Up-to-date symlink: /home/user/Desktop/ur_pick/ros2_ws/install/onrobot_driver/include/onrobot_driver/Modbus/tests/googletest/googletest/src/gtest-typed-test.cc
[6.188s] -- Up-to-date symlink: /home/user/Desktop/ur_pick/ros2_ws/install/onrobot_driver/include/onrobot_driver/Modbus/tests/googletest/googletest/src/gtest.cc
[6.188s] -- Up-to-date symlink: /home/user/Desktop/ur_pick/ros2_ws/install/onrobot_driver/include/onrobot_driver/Modbus/tests/googletest/googletest/src/gtest_main.cc
[6.188s] -- Up-to-date symlink: /home/user/Desktop/ur_pick/ros2_ws/install/onrobot_driver/include/onrobot_driver/Modbus/tests/googletest/googletest/test/BUILD.bazel
[6.188s] -- Up-to-date symlink: /home/user/Desktop/ur_pick/ros2_ws/install/onrobot_driver/include/onrobot_driver/Modbus/tests/googletest/googletest/test/googletest-break-on-failure-unittest.py
[6.189s] -- Up-to-date symlink: /home/user/Desktop/ur_pick/ros2_ws/install/onrobot_driver/include/onrobot_driver/Modbus/tests/googletest/googletest/test/googletest-break-on-failure-unittest_.cc
[6.189s] -- Up-to-date symlink: /home/user/Desktop/ur_pick/ros2_ws/install/onrobot_driver/include/onrobot_driver/Modbus/tests/googletest/googletest/test/googletest-catch-exceptions-test.py
[6.189s] -- Up-to-date symlink: /home/user/Desktop/ur_pick/ros2_ws/install/onrobot_driver/include/onrobot_driver/Modbus/tests/googletest/googletest/test/googletest-catch-exceptions-test_.cc
[6.189s] -- Up-to-date symlink: /home/user/Desktop/ur_pick/ros2_ws/install/onrobot_driver/include/onrobot_driver/Modbus/tests/googletest/googletest/test/googletest-color-test.py
[6.189s] -- Up-to-date symlink: /home/user/Desktop/ur_pick/ros2_ws/install/onrobot_driver/include/onrobot_driver/Modbus/tests/googletest/googletest/test/googletest-color-test_.cc
[6.189s] -- Up-to-date symlink: /home/user/Desktop/ur_pick/ros2_ws/install/onrobot_driver/include/onrobot_driver/Modbus/tests/googletest/googletest/test/googletest-death-test-test.cc
[6.189s] -- Up-to-date symlink: /home/user/Desktop/ur_pick/ros2_ws/install/onrobot_driver/include/onrobot_driver/Modbus/tests/googletest/googletest/test/googletest-death-test_ex_test.cc
[6.190s] -- Up-to-date symlink: /home/user/Desktop/ur_pick/ros2_ws/install/onrobot_driver/include/onrobot_driver/Modbus/tests/googletest/googletest/test/googletest-env-var-test.py
[6.190s] -- Up-to-date symlink: /home/user/Desktop/ur_pick/ros2_ws/install/onrobot_driver/include/onrobot_driver/Modbus/tests/googletest/googletest/test/googletest-env-var-test_.cc
[6.190s] -- Up-to-date symlink: /home/user/Desktop/ur_pick/ros2_ws/install/onrobot_driver/include/onrobot_driver/Modbus/tests/googletest/googletest/test/googletest-failfast-unittest.py
[6.190s] -- Up-to-date symlink: /home/user/Desktop/ur_pick/ros2_ws/install/onrobot_driver/include/onrobot_driver/Modbus/tests/googletest/googletest/test/googletest-failfast-unittest_.cc
[6.190s] -- Up-to-date symlink: /home/user/Desktop/ur_pick/ros2_ws/install/onrobot_driver/include/onrobot_driver/Modbus/tests/googletest/googletest/test/googletest-filepath-test.cc
[6.190s] -- Up-to-date symlink: /home/user/Desktop/ur_pick/ros2_ws/install/onrobot_driver/include/onrobot_driver/Modbus/tests/googletest/googletest/test/googletest-filter-unittest.py
[6.190s] -- Up-to-date symlink: /home/user/Desktop/ur_pick/ros2_ws/install/onrobot_driver/include/onrobot_driver/Modbus/tests/googletest/googletest/test/googletest-filter-unittest_.cc
[6.191s] -- Up-to-date symlink: /home/user/Desktop/ur_pick/ros2_ws/install/onrobot_driver/include/onrobot_driver/Modbus/tests/googletest/googletest/test/googletest-global-environment-unittest.py
[6.191s] -- Up-to-date symlink: /home/user/Desktop/ur_pick/ros2_ws/install/onrobot_driver/include/onrobot_driver/Modbus/tests/googletest/googletest/test/googletest-global-environment-unittest_.cc
[6.191s] -- Up-to-date symlink: /home/user/Desktop/ur_pick/ros2_ws/install/onrobot_driver/include/onrobot_driver/Modbus/tests/googletest/googletest/test/googletest-json-outfiles-test.py
[6.191s] -- Up-to-date symlink: /home/user/Desktop/ur_pick/ros2_ws/install/onrobot_driver/include/onrobot_driver/Modbus/tests/googletest/googletest/test/googletest-json-output-unittest.py
[6.191s] -- Up-to-date symlink: /home/user/Desktop/ur_pick/ros2_ws/install/onrobot_driver/include/onrobot_driver/Modbus/tests/googletest/googletest/test/googletest-list-tests-unittest.py
[6.191s] -- Up-to-date symlink: /home/user/Desktop/ur_pick/ros2_ws/install/onrobot_driver/include/onrobot_driver/Modbus/tests/googletest/googletest/test/googletest-list-tests-unittest_.cc
[6.192s] -- Up-to-date symlink: /home/user/Desktop/ur_pick/ros2_ws/install/onrobot_driver/include/onrobot_driver/Modbus/tests/googletest/googletest/test/googletest-listener-test.cc
[6.192s] -- Up-to-date symlink: /home/user/Desktop/ur_pick/ros2_ws/install/onrobot_driver/include/onrobot_driver/Modbus/tests/googletest/googletest/test/googletest-message-test.cc
[6.192s] -- Up-to-date symlink: /home/user/Desktop/ur_pick/ros2_ws/install/onrobot_driver/include/onrobot_driver/Modbus/tests/googletest/googletest/test/googletest-options-test.cc
[6.192s] -- Up-to-date symlink: /home/user/Desktop/ur_pick/ros2_ws/install/onrobot_driver/include/onrobot_driver/Modbus/tests/googletest/googletest/test/googletest-output-test-golden-lin.txt
[6.192s] -- Up-to-date symlink: /home/user/Desktop/ur_pick/ros2_ws/install/onrobot_driver/include/onrobot_driver/Modbus/tests/googletest/googletest/test/googletest-output-test.py
[6.192s] -- Up-to-date symlink: /home/user/Desktop/ur_pick/ros2_ws/install/onrobot_driver/include/onrobot_driver/Modbus/tests/googletest/googletest/test/googletest-output-test_.cc
[6.192s] -- Up-to-date symlink: /home/user/Desktop/ur_pick/ros2_ws/install/onrobot_driver/include/onrobot_driver/Modbus/tests/googletest/googletest/test/googletest-param-test-invalid-name1-test.py
[6.193s] -- Up-to-date symlink: /home/user/Desktop/ur_pick/ros2_ws/install/onrobot_driver/include/onrobot_driver/Modbus/tests/googletest/googletest/test/googletest-param-test-invalid-name1-test_.cc
[6.193s] -- Up-to-date symlink: /home/user/Desktop/ur_pick/ros2_ws/install/onrobot_driver/include/onrobot_driver/Modbus/tests/googletest/googletest/test/googletest-param-test-invalid-name2-test.py
[6.193s] -- Up-to-date symlink: /home/user/Desktop/ur_pick/ros2_ws/install/onrobot_driver/include/onrobot_driver/Modbus/tests/googletest/googletest/test/googletest-param-test-invalid-name2-test_.cc
[6.193s] -- Up-to-date symlink: /home/user/Desktop/ur_pick/ros2_ws/install/onrobot_driver/include/onrobot_driver/Modbus/tests/googletest/googletest/test/googletest-param-test-test.cc
[6.193s] -- Up-to-date symlink: /home/user/Desktop/ur_pick/ros2_ws/install/onrobot_driver/include/onrobot_driver/Modbus/tests/googletest/googletest/test/googletest-param-test-test.h
[6.193s] -- Up-to-date symlink: /home/user/Desktop/ur_pick/ros2_ws/install/onrobot_driver/include/onrobot_driver/Modbus/tests/googletest/googletest/test/googletest-param-test2-test.cc
[6.194s] -- Up-to-date symlink: /home/user/Desktop/ur_pick/ros2_ws/install/onrobot_driver/include/onrobot_driver/Modbus/tests/googletest/googletest/test/googletest-port-test.cc
[6.194s] -- Up-to-date symlink: /home/user/Desktop/ur_pick/ros2_ws/install/onrobot_driver/include/onrobot_driver/Modbus/tests/googletest/googletest/test/googletest-printers-test.cc
[6.194s] -- Up-to-date symlink: /home/user/Desktop/ur_pick/ros2_ws/install/onrobot_driver/include/onrobot_driver/Modbus/tests/googletest/googletest/test/googletest-setuptestsuite-test.py
[6.194s] -- Up-to-date symlink: /home/user/Desktop/ur_pick/ros2_ws/install/onrobot_driver/include/onrobot_driver/Modbus/tests/googletest/googletest/test/googletest-setuptestsuite-test_.cc
[6.194s] -- Up-to-date symlink: /home/user/Desktop/ur_pick/ros2_ws/install/onrobot_driver/include/onrobot_driver/Modbus/tests/googletest/googletest/test/googletest-shuffle-test.py
[6.194s] -- Up-to-date symlink: /home/user/Desktop/ur_pick/ros2_ws/install/onrobot_driver/include/onrobot_driver/Modbus/tests/googletest/googletest/test/googletest-shuffle-test_.cc
[6.194s] -- Up-to-date symlink: /home/user/Desktop/ur_pick/ros2_ws/install/onrobot_driver/include/onrobot_driver/Modbus/tests/googletest/googletest/test/googletest-test-part-test.cc
[6.195s] -- Up-to-date symlink: /home/user/Desktop/ur_pick/ros2_ws/install/onrobot_driver/include/onrobot_driver/Modbus/tests/googletest/googletest/test/googletest-throw-on-failure-test.py
[6.195s] -- Up-to-date symlink: /home/user/Desktop/ur_pick/ros2_ws/install/onrobot_driver/include/onrobot_driver/Modbus/tests/googletest/googletest/test/googletest-throw-on-failure-test_.cc
[6.195s] -- Up-to-date symlink: /home/user/Desktop/ur_pick/ros2_ws/install/onrobot_driver/include/onrobot_driver/Modbus/tests/googletest/googletest/test/googletest-uninitialized-test.py
[6.195s] -- Up-to-date symlink: /home/user/Desktop/ur_pick/ros2_ws/install/onrobot_driver/include/onrobot_driver/Modbus/tests/googletest/googletest/test/googletest-uninitialized-test_.cc
[6.195s] -- Up-to-date symlink: /home/user/Desktop/ur_pick/ros2_ws/install/onrobot_driver/include/onrobot_driver/Modbus/tests/googletest/googletest/test/gtest-typed-test2_test.cc
[6.195s] -- Up-to-date symlink: /home/user/Desktop/ur_pick/ros2_ws/install/onrobot_driver/include/onrobot_driver/Modbus/tests/googletest/googletest/test/gtest-typed-test_test.cc
[6.195s] -- Up-to-date symlink: /home/user/Desktop/ur_pick/ros2_ws/install/onrobot_driver/include/onrobot_driver/Modbus/tests/googletest/googletest/test/gtest-typed-test_test.h
[6.196s] -- Up-to-date symlink: /home/user/Desktop/ur_pick/ros2_ws/install/onrobot_driver/include/onrobot_driver/Modbus/tests/googletest/googletest/test/gtest-unittest-api_test.cc
[6.196s] -- Up-to-date symlink: /home/user/Desktop/ur_pick/ros2_ws/install/onrobot_driver/include/onrobot_driver/Modbus/tests/googletest/googletest/test/gtest_all_test.cc
[6.196s] -- Up-to-date symlink: /home/user/Desktop/ur_pick/ros2_ws/install/onrobot_driver/include/onrobot_driver/Modbus/tests/googletest/googletest/test/gtest_assert_by_exception_test.cc
[6.196s] -- Up-to-date symlink: /home/user/Desktop/ur_pick/ros2_ws/install/onrobot_driver/include/onrobot_driver/Modbus/tests/googletest/googletest/test/gtest_environment_test.cc
[6.196s] -- Up-to-date symlink: /home/user/Desktop/ur_pick/ros2_ws/install/onrobot_driver/include/onrobot_driver/Modbus/tests/googletest/googletest/test/gtest_help_test.py
[6.196s] -- Up-to-date symlink: /home/user/Desktop/ur_pick/ros2_ws/install/onrobot_driver/include/onrobot_driver/Modbus/tests/googletest/googletest/test/gtest_help_test_.cc
[6.197s] -- Up-to-date symlink: /home/user/Desktop/ur_pick/ros2_ws/install/onrobot_driver/include/onrobot_driver/Modbus/tests/googletest/googletest/test/gtest_json_test_utils.py
[6.197s] -- Up-to-date symlink: /home/user/Desktop/ur_pick/ros2_ws/install/onrobot_driver/include/onrobot_driver/Modbus/tests/googletest/googletest/test/gtest_list_output_unittest.py
[6.197s] -- Up-to-date symlink: /home/user/Desktop/ur_pick/ros2_ws/install/onrobot_driver/include/onrobot_driver/Modbus/tests/googletest/googletest/test/gtest_list_output_unittest_.cc
[6.197s] -- Up-to-date symlink: /home/user/Desktop/ur_pick/ros2_ws/install/onrobot_driver/include/onrobot_driver/Modbus/tests/googletest/googletest/test/gtest_main_unittest.cc
[6.197s] -- Up-to-date symlink: /home/user/Desktop/ur_pick/ros2_ws/install/onrobot_driver/include/onrobot_driver/Modbus/tests/googletest/googletest/test/gtest_no_test_unittest.cc
[6.197s] -- Up-to-date symlink: /home/user/Desktop/ur_pick/ros2_ws/install/onrobot_driver/include/onrobot_driver/Modbus/tests/googletest/googletest/test/gtest_pred_impl_unittest.cc
[6.197s] -- Up-to-date symlink: /home/user/Desktop/ur_pick/ros2_ws/install/onrobot_driver/include/onrobot_driver/Modbus/tests/googletest/googletest/test/gtest_premature_exit_test.cc
[6.198s] -- Up-to-date symlink: /home/user/Desktop/ur_pick/ros2_ws/install/onrobot_driver/include/onrobot_driver/Modbus/tests/googletest/googletest/test/gtest_prod_test.cc
[6.198s] -- Up-to-date symlink: /home/user/Desktop/ur_pick/ros2_ws/install/onrobot_driver/include/onrobot_driver/Modbus/tests/googletest/googletest/test/gtest_repeat_test.cc
[6.198s] -- Up-to-date symlink: /home/user/Desktop/ur_pick/ros2_ws/install/onrobot_driver/include/onrobot_driver/Modbus/tests/googletest/googletest/test/gtest_skip_check_output_test.py
[6.198s] -- Up-to-date symlink: /home/user/Desktop/ur_pick/ros2_ws/install/onrobot_driver/include/onrobot_driver/Modbus/tests/googletest/googletest/test/gtest_skip_environment_check_output_test.py
[6.198s] -- Up-to-date symlink: /home/user/Desktop/ur_pick/ros2_ws/install/onrobot_driver/include/onrobot_driver/Modbus/tests/googletest/googletest/test/gtest_skip_in_environment_setup_test.cc
[6.198s] -- Up-to-date symlink: /home/user/Desktop/ur_pick/ros2_ws/install/onrobot_driver/include/onrobot_driver/Modbus/tests/googletest/googletest/test/gtest_skip_test.cc
[6.198s] -- Up-to-date symlink: /home/user/Desktop/ur_pick/ros2_ws/install/onrobot_driver/include/onrobot_driver/Modbus/tests/googletest/googletest/test/gtest_sole_header_test.cc
[6.199s] -- Up-to-date symlink: /home/user/Desktop/ur_pick/ros2_ws/install/onrobot_driver/include/onrobot_driver/Modbus/tests/googletest/googletest/test/gtest_stress_test.cc
[6.199s] -- Up-to-date symlink: /home/user/Desktop/ur_pick/ros2_ws/install/onrobot_driver/include/onrobot_driver/Modbus/tests/googletest/googletest/test/gtest_test_macro_stack_footprint_test.cc
[6.199s] -- Up-to-date symlink: /home/user/Desktop/ur_pick/ros2_ws/install/onrobot_driver/include/onrobot_driver/Modbus/tests/googletest/googletest/test/gtest_test_utils.py
[6.199s] -- Up-to-date symlink: /home/user/Desktop/ur_pick/ros2_ws/install/onrobot_driver/include/onrobot_driver/Modbus/tests/googletest/googletest/test/gtest_testbridge_test.py
[6.199s] -- Up-to-date symlink: /home/user/Desktop/ur_pick/ros2_ws/install/onrobot_driver/include/onrobot_driver/Modbus/tests/googletest/googletest/test/gtest_testbridge_test_.cc
[6.199s] -- Up-to-date symlink: /home/user/Desktop/ur_pick/ros2_ws/install/onrobot_driver/include/onrobot_driver/Modbus/tests/googletest/googletest/test/gtest_throw_on_failure_ex_test.cc
[6.200s] -- Up-to-date symlink: /home/user/Desktop/ur_pick/ros2_ws/install/onrobot_driver/include/onrobot_driver/Modbus/tests/googletest/googletest/test/gtest_unittest.cc
[6.200s] -- Up-to-date symlink: /home/user/Desktop/ur_pick/ros2_ws/install/onrobot_driver/include/onrobot_driver/Modbus/tests/googletest/googletest/test/gtest_xml_outfile1_test_.cc
[6.200s] -- Up-to-date symlink: /home/user/Desktop/ur_pick/ros2_ws/install/onrobot_driver/include/onrobot_driver/Modbus/tests/googletest/googletest/test/gtest_xml_outfile2_test_.cc
[6.200s] -- Up-to-date symlink: /home/user/Desktop/ur_pick/ros2_ws/install/onrobot_driver/include/onrobot_driver/Modbus/tests/googletest/googletest/test/gtest_xml_outfiles_test.py
[6.200s] -- Up-to-date symlink: /home/user/Desktop/ur_pick/ros2_ws/install/onrobot_driver/include/onrobot_driver/Modbus/tests/googletest/googletest/test/gtest_xml_output_unittest.py
[6.200s] -- Up-to-date symlink: /home/user/Desktop/ur_pick/ros2_ws/install/onrobot_driver/include/onrobot_driver/Modbus/tests/googletest/googletest/test/gtest_xml_output_unittest_.cc
[6.201s] -- Up-to-date symlink: /home/user/Desktop/ur_pick/ros2_ws/install/onrobot_driver/include/onrobot_driver/Modbus/tests/googletest/googletest/test/gtest_xml_test_utils.py
[6.201s] -- Up-to-date symlink: /home/user/Desktop/ur_pick/ros2_ws/install/onrobot_driver/include/onrobot_driver/Modbus/tests/googletest/googletest/test/production.cc
[6.201s] -- Up-to-date symlink: /home/user/Desktop/ur_pick/ros2_ws/install/onrobot_driver/include/onrobot_driver/Modbus/tests/googletest/googletest/test/production.h
[6.201s] -- Up-to-date symlink: /home/user/Desktop/ur_pick/ros2_ws/install/onrobot_driver/include/onrobot_driver/Modbus/tests/main.cpp
[6.201s] -- Up-to-date symlink: /home/user/Desktop/ur_pick/ros2_ws/install/onrobot_driver/include/onrobot_driver/RG.hpp
[6.201s] -- Up-to-date symlink: /home/user/Desktop/ur_pick/ros2_ws/install/onrobot_driver/include/onrobot_driver/SerialConnectionWrapper.hpp
[6.201s] -- Up-to-date symlink: /home/user/Desktop/ur_pick/ros2_ws/install/onrobot_driver/include/onrobot_driver/TCPConnectionWrapper.hpp
[6.201s] -- Up-to-date symlink: /home/user/Desktop/ur_pick/ros2_ws/install/onrobot_driver/include/onrobot_driver/rg_hardware_interface.hpp
[6.202s] -- Symlinking: /home/user/Desktop/ur_pick/ros2_ws/install/onrobot_driver/share/onrobot_driver/launch/onrobot_control.launch.py
[6.216s] -- Symlinking: /home/user/Desktop/ur_pick/ros2_ws/install/onrobot_driver/share/onrobot_driver/config/rg_controllers.yaml
[6.225s] -- Symlinking: /home/user/Desktop/ur_pick/ros2_ws/install/onrobot_driver/share/ament_index/resource_index/package_run_dependencies/onrobot_driver
[6.240s] -- Symlinking: /home/user/Desktop/ur_pick/ros2_ws/install/onrobot_driver/share/ament_index/resource_index/parent_prefix_path/onrobot_driver
[6.249s] -- Symlinking: /home/user/Desktop/ur_pick/ros2_ws/install/onrobot_driver/share/onrobot_driver/environment/ament_prefix_path.sh
[6.273s] -- Symlinking: /home/user/Desktop/ur_pick/ros2_ws/install/onrobot_driver/share/onrobot_driver/environment/ament_prefix_path.dsv
[6.287s] -- Symlinking: /home/user/Desktop/ur_pick/ros2_ws/install/onrobot_driver/share/onrobot_driver/environment/path.sh
[6.303s] -- Symlinking: /home/user/Desktop/ur_pick/ros2_ws/install/onrobot_driver/share/onrobot_driver/environment/path.dsv
[6.317s] -- Symlinking: /home/user/Desktop/ur_pick/ros2_ws/install/onrobot_driver/share/onrobot_driver/local_setup.bash
[6.331s] -- Symlinking: /home/user/Desktop/ur_pick/ros2_ws/install/onrobot_driver/share/onrobot_driver/local_setup.sh
[6.342s] -- Symlinking: /home/user/Desktop/ur_pick/ros2_ws/install/onrobot_driver/share/onrobot_driver/local_setup.zsh
[6.354s] -- Symlinking: /home/user/Desktop/ur_pick/ros2_ws/install/onrobot_driver/share/onrobot_driver/local_setup.dsv
[6.367s] -- Symlinking: /home/user/Desktop/ur_pick/ros2_ws/install/onrobot_driver/share/onrobot_driver/package.dsv
[6.383s] -- Symlinking: /home/user/Desktop/ur_pick/ros2_ws/install/onrobot_driver/share/ament_index/resource_index/packages/onrobot_driver
[6.397s] -- Symlinking: /home/user/Desktop/ur_pick/ros2_ws/install/onrobot_driver/share/ament_index/resource_index/hardware_interface__pluginlib__plugin/onrobot_driver
[6.411s] -- Symlinking: /home/user/Desktop/ur_pick/ros2_ws/install/onrobot_driver/share/onrobot_driver/cmake/ament_cmake_export_include_directories-extras.cmake
[6.424s] -- Symlinking: /home/user/Desktop/ur_pick/ros2_ws/install/onrobot_driver/share/onrobot_driver/cmake/ament_cmake_export_libraries-extras.cmake
[6.433s] -- Symlinking: /home/user/Desktop/ur_pick/ros2_ws/install/onrobot_driver/share/onrobot_driver/cmake/ament_cmake_export_dependencies-extras.cmake
[6.443s] -- Symlinking: /home/user/Desktop/ur_pick/ros2_ws/install/onrobot_driver/share/onrobot_driver/cmake/onrobot_driverConfig.cmake
[6.457s] -- Symlinking: /home/user/Desktop/ur_pick/ros2_ws/install/onrobot_driver/share/onrobot_driver/cmake/onrobot_driverConfig-version.cmake
[6.471s] -- Symlinking: /home/user/Desktop/ur_pick/ros2_ws/install/onrobot_driver/share/onrobot_driver/package.xml
[6.491s] Invoked command in '/home/user/Desktop/ur_pick/ros2_ws/build/onrobot_driver' returned '0': AMENT_PREFIX_PATH=/home/user/Desktop/ur_pick/ros2_ws/install/onrobot_description:${AMENT_PREFIX_PATH} CMAKE_PREFIX_PATH=/home/user/Desktop/ur_pick/ros2_ws/install/onrobot_description:/opt/ros/humble /usr/bin/cmake --install /home/user/Desktop/ur_pick/ros2_ws/build/onrobot_driver
