[ 35%] Built target Modbus_Core
[ 71%] Built target Modbus_TCP
[ 57%] Built target Modbus_Serial
[ 78%] Built target Modbus
[100%] Built target onrobot_driver_plugin
-- Install configuration: ""
-- Execute custom install script
-- Up-to-date symlink: /home/user/Desktop/ur_pick/ros2_ws/install/onrobot_driver/share/onrobot_driver//rg_hardware_interface.xml
-- Up-to-date symlink: /home/user/Desktop/ur_pick/ros2_ws/install/onrobot_driver/lib/libonrobot_driver_plugin.so
-- Up-to-date symlink: /home/user/Desktop/ur_pick/ros2_ws/install/onrobot_driver/include/onrobot_driver/IModbusConnection.hpp
-- Up-to-date symlink: /home/user/Desktop/ur_pick/ros2_ws/install/onrobot_driver/include/onrobot_driver/Modbus/.clang-format
-- Up-to-date symlink: /home/user/Desktop/ur_pick/ros2_ws/install/onrobot_driver/include/onrobot_driver/Modbus/.git
-- Up-to-date symlink: /home/user/Desktop/ur_pick/ros2_ws/install/onrobot_driver/include/onrobot_driver/Modbus/.github/workflows/clang-format.yml
-- Up-to-date symlink: /home/user/Desktop/ur_pick/ros2_ws/install/onrobot_driver/include/onrobot_driver/Modbus/.github/workflows/cmake-multi-platform.yml
-- Up-to-date symlink: /home/user/Desktop/ur_pick/ros2_ws/install/onrobot_driver/include/onrobot_driver/Modbus/.gitignore
-- Up-to-date symlink: /home/user/Desktop/ur_pick/ros2_ws/install/onrobot_driver/include/onrobot_driver/Modbus/.gitmodules
-- Up-to-date symlink: /home/user/Desktop/ur_pick/ros2_ws/install/onrobot_driver/include/onrobot_driver/Modbus/CMakeLists.txt
-- Up-to-date symlink: /home/user/Desktop/ur_pick/ros2_ws/install/onrobot_driver/include/onrobot_driver/Modbus/Doxyfile
-- Up-to-date symlink: /home/user/Desktop/ur_pick/ros2_ws/install/onrobot_driver/include/onrobot_driver/Modbus/LICENSE
-- Up-to-date symlink: /home/user/Desktop/ur_pick/ros2_ws/install/onrobot_driver/include/onrobot_driver/Modbus/README.md
-- Up-to-date symlink: /home/user/Desktop/ur_pick/ros2_ws/install/onrobot_driver/include/onrobot_driver/Modbus/docs/html/Serial_2connection_8hpp_source.html
-- Up-to-date symlink: /home/user/Desktop/ur_pick/ros2_ws/install/onrobot_driver/include/onrobot_driver/Modbus/docs/html/TCP_2connection_8hpp_source.html
-- Up-to-date symlink: /home/user/Desktop/ur_pick/ros2_ws/install/onrobot_driver/include/onrobot_driver/Modbus/docs/html/annotated.html
-- Up-to-date symlink: /home/user/Desktop/ur_pick/ros2_ws/install/onrobot_driver/include/onrobot_driver/Modbus/docs/html/bc_s.png
-- Up-to-date symlink: /home/user/Desktop/ur_pick/ros2_ws/install/onrobot_driver/include/onrobot_driver/Modbus/docs/html/bc_sd.png
-- Up-to-date symlink: /home/user/Desktop/ur_pick/ros2_ws/install/onrobot_driver/include/onrobot_driver/Modbus/docs/html/bdwn.png
-- Up-to-date symlink: /home/user/Desktop/ur_pick/ros2_ws/install/onrobot_driver/include/onrobot_driver/Modbus/docs/html/classMB_1_1ModbusCell-members.html
-- Up-to-date symlink: /home/user/Desktop/ur_pick/ros2_ws/install/onrobot_driver/include/onrobot_driver/Modbus/docs/html/classMB_1_1ModbusCell.html
-- Up-to-date symlink: /home/user/Desktop/ur_pick/ros2_ws/install/onrobot_driver/include/onrobot_driver/Modbus/docs/html/classMB_1_1ModbusException-members.html
-- Up-to-date symlink: /home/user/Desktop/ur_pick/ros2_ws/install/onrobot_driver/include/onrobot_driver/Modbus/docs/html/classMB_1_1ModbusException.html
-- Up-to-date symlink: /home/user/Desktop/ur_pick/ros2_ws/install/onrobot_driver/include/onrobot_driver/Modbus/docs/html/classMB_1_1ModbusException.png
-- Up-to-date symlink: /home/user/Desktop/ur_pick/ros2_ws/install/onrobot_driver/include/onrobot_driver/Modbus/docs/html/classMB_1_1ModbusRequest-members.html
-- Up-to-date symlink: /home/user/Desktop/ur_pick/ros2_ws/install/onrobot_driver/include/onrobot_driver/Modbus/docs/html/classMB_1_1ModbusRequest.html
-- Up-to-date symlink: /home/user/Desktop/ur_pick/ros2_ws/install/onrobot_driver/include/onrobot_driver/Modbus/docs/html/classMB_1_1ModbusResponse-members.html
-- Up-to-date symlink: /home/user/Desktop/ur_pick/ros2_ws/install/onrobot_driver/include/onrobot_driver/Modbus/docs/html/classMB_1_1ModbusResponse.html
-- Up-to-date symlink: /home/user/Desktop/ur_pick/ros2_ws/install/onrobot_driver/include/onrobot_driver/Modbus/docs/html/classMB_1_1Serial_1_1Connection-members.html
-- Up-to-date symlink: /home/user/Desktop/ur_pick/ros2_ws/install/onrobot_driver/include/onrobot_driver/Modbus/docs/html/classMB_1_1Serial_1_1Connection.html
-- Up-to-date symlink: /home/user/Desktop/ur_pick/ros2_ws/install/onrobot_driver/include/onrobot_driver/Modbus/docs/html/classMB_1_1TCP_1_1Connection-members.html
-- Up-to-date symlink: /home/user/Desktop/ur_pick/ros2_ws/install/onrobot_driver/include/onrobot_driver/Modbus/docs/html/classMB_1_1TCP_1_1Connection.html
-- Up-to-date symlink: /home/user/Desktop/ur_pick/ros2_ws/install/onrobot_driver/include/onrobot_driver/Modbus/docs/html/classMB_1_1TCP_1_1Server-members.html
-- Up-to-date symlink: /home/user/Desktop/ur_pick/ros2_ws/install/onrobot_driver/include/onrobot_driver/Modbus/docs/html/classMB_1_1TCP_1_1Server.html
-- Up-to-date symlink: /home/user/Desktop/ur_pick/ros2_ws/install/onrobot_driver/include/onrobot_driver/Modbus/docs/html/classes.html
-- Up-to-date symlink: /home/user/Desktop/ur_pick/ros2_ws/install/onrobot_driver/include/onrobot_driver/Modbus/docs/html/clipboard.js
-- Up-to-date symlink: /home/user/Desktop/ur_pick/ros2_ws/install/onrobot_driver/include/onrobot_driver/Modbus/docs/html/closed.png
-- Up-to-date symlink: /home/user/Desktop/ur_pick/ros2_ws/install/onrobot_driver/include/onrobot_driver/Modbus/docs/html/cookie.js
-- Up-to-date symlink: /home/user/Desktop/ur_pick/ros2_ws/install/onrobot_driver/include/onrobot_driver/Modbus/docs/html/crc_8hpp_source.html
-- Up-to-date symlink: /home/user/Desktop/ur_pick/ros2_ws/install/onrobot_driver/include/onrobot_driver/Modbus/docs/html/deprecated.html
-- Up-to-date symlink: /home/user/Desktop/ur_pick/ros2_ws/install/onrobot_driver/include/onrobot_driver/Modbus/docs/html/dir_5c4711b76244cf820e6fc766a3eae98f.html
-- Up-to-date symlink: /home/user/Desktop/ur_pick/ros2_ws/install/onrobot_driver/include/onrobot_driver/Modbus/docs/html/dir_68267d1309a1af8e8297ef4c3efbcdba.html
-- Up-to-date symlink: /home/user/Desktop/ur_pick/ros2_ws/install/onrobot_driver/include/onrobot_driver/Modbus/docs/html/dir_89deb882b528f943e97271a20701dad4.html
-- Up-to-date symlink: /home/user/Desktop/ur_pick/ros2_ws/install/onrobot_driver/include/onrobot_driver/Modbus/docs/html/dir_bce4fe468017adc58bf81882531ea016.html
-- Up-to-date symlink: /home/user/Desktop/ur_pick/ros2_ws/install/onrobot_driver/include/onrobot_driver/Modbus/docs/html/dir_d44c64559bbebec7f509842c48db8b23.html
-- Up-to-date symlink: /home/user/Desktop/ur_pick/ros2_ws/install/onrobot_driver/include/onrobot_driver/Modbus/docs/html/dir_f8aebf652183de33714d471cbd098255.html
-- Up-to-date symlink: /home/user/Desktop/ur_pick/ros2_ws/install/onrobot_driver/include/onrobot_driver/Modbus/docs/html/dir_fa17a7b3bf7c731ce009520520ae23a8.html
-- Up-to-date symlink: /home/user/Desktop/ur_pick/ros2_ws/install/onrobot_driver/include/onrobot_driver/Modbus/docs/html/doc.png
-- Up-to-date symlink: /home/user/Desktop/ur_pick/ros2_ws/install/onrobot_driver/include/onrobot_driver/Modbus/docs/html/doc.svg
-- Up-to-date symlink: /home/user/Desktop/ur_pick/ros2_ws/install/onrobot_driver/include/onrobot_driver/Modbus/docs/html/docd.svg
-- Up-to-date symlink: /home/user/Desktop/ur_pick/ros2_ws/install/onrobot_driver/include/onrobot_driver/Modbus/docs/html/doxygen.css
-- Up-to-date symlink: /home/user/Desktop/ur_pick/ros2_ws/install/onrobot_driver/include/onrobot_driver/Modbus/docs/html/doxygen.svg
-- Up-to-date symlink: /home/user/Desktop/ur_pick/ros2_ws/install/onrobot_driver/include/onrobot_driver/Modbus/docs/html/doxygen_crawl.html
-- Up-to-date symlink: /home/user/Desktop/ur_pick/ros2_ws/install/onrobot_driver/include/onrobot_driver/Modbus/docs/html/dynsections.js
-- Up-to-date symlink: /home/user/Desktop/ur_pick/ros2_ws/install/onrobot_driver/include/onrobot_driver/Modbus/docs/html/files.html
-- Up-to-date symlink: /home/user/Desktop/ur_pick/ros2_ws/install/onrobot_driver/include/onrobot_driver/Modbus/docs/html/folderclosed.png
-- Up-to-date symlink: /home/user/Desktop/ur_pick/ros2_ws/install/onrobot_driver/include/onrobot_driver/Modbus/docs/html/folderclosed.svg
-- Up-to-date symlink: /home/user/Desktop/ur_pick/ros2_ws/install/onrobot_driver/include/onrobot_driver/Modbus/docs/html/folderclosedd.svg
-- Up-to-date symlink: /home/user/Desktop/ur_pick/ros2_ws/install/onrobot_driver/include/onrobot_driver/Modbus/docs/html/folderopen.png
-- Up-to-date symlink: /home/user/Desktop/ur_pick/ros2_ws/install/onrobot_driver/include/onrobot_driver/Modbus/docs/html/folderopen.svg
-- Up-to-date symlink: /home/user/Desktop/ur_pick/ros2_ws/install/onrobot_driver/include/onrobot_driver/Modbus/docs/html/folderopend.svg
-- Up-to-date symlink: /home/user/Desktop/ur_pick/ros2_ws/install/onrobot_driver/include/onrobot_driver/Modbus/docs/html/functions.html
-- Up-to-date symlink: /home/user/Desktop/ur_pick/ros2_ws/install/onrobot_driver/include/onrobot_driver/Modbus/docs/html/functions_func.html
-- Up-to-date symlink: /home/user/Desktop/ur_pick/ros2_ws/install/onrobot_driver/include/onrobot_driver/Modbus/docs/html/group__MB.html
-- Up-to-date symlink: /home/user/Desktop/ur_pick/ros2_ws/install/onrobot_driver/include/onrobot_driver/Modbus/docs/html/hierarchy.html
-- Up-to-date symlink: /home/user/Desktop/ur_pick/ros2_ws/install/onrobot_driver/include/onrobot_driver/Modbus/docs/html/index.html
-- Up-to-date symlink: /home/user/Desktop/ur_pick/ros2_ws/install/onrobot_driver/include/onrobot_driver/Modbus/docs/html/jquery.js
-- Up-to-date symlink: /home/user/Desktop/ur_pick/ros2_ws/install/onrobot_driver/include/onrobot_driver/Modbus/docs/html/menu.js
-- Up-to-date symlink: /home/user/Desktop/ur_pick/ros2_ws/install/onrobot_driver/include/onrobot_driver/Modbus/docs/html/menudata.js
-- Up-to-date symlink: /home/user/Desktop/ur_pick/ros2_ws/install/onrobot_driver/include/onrobot_driver/Modbus/docs/html/minus.svg
-- Up-to-date symlink: /home/user/Desktop/ur_pick/ros2_ws/install/onrobot_driver/include/onrobot_driver/Modbus/docs/html/minusd.svg
-- Up-to-date symlink: /home/user/Desktop/ur_pick/ros2_ws/install/onrobot_driver/include/onrobot_driver/Modbus/docs/html/modbusCell_8hpp_source.html
-- Up-to-date symlink: /home/user/Desktop/ur_pick/ros2_ws/install/onrobot_driver/include/onrobot_driver/Modbus/docs/html/modbusException_8hpp_source.html
-- Up-to-date symlink: /home/user/Desktop/ur_pick/ros2_ws/install/onrobot_driver/include/onrobot_driver/Modbus/docs/html/modbusRequest_8hpp_source.html
-- Up-to-date symlink: /home/user/Desktop/ur_pick/ros2_ws/install/onrobot_driver/include/onrobot_driver/Modbus/docs/html/modbusResponse_8hpp_source.html
-- Up-to-date symlink: /home/user/Desktop/ur_pick/ros2_ws/install/onrobot_driver/include/onrobot_driver/Modbus/docs/html/modbusUtils_8hpp_source.html
-- Up-to-date symlink: /home/user/Desktop/ur_pick/ros2_ws/install/onrobot_driver/include/onrobot_driver/Modbus/docs/html/modules.html
-- Up-to-date symlink: /home/user/Desktop/ur_pick/ros2_ws/install/onrobot_driver/include/onrobot_driver/Modbus/docs/html/namespaceMB.html
-- Up-to-date symlink: /home/user/Desktop/ur_pick/ros2_ws/install/onrobot_driver/include/onrobot_driver/Modbus/docs/html/namespaceMB_1_1CRC.html
-- Up-to-date symlink: /home/user/Desktop/ur_pick/ros2_ws/install/onrobot_driver/include/onrobot_driver/Modbus/docs/html/namespaceMB_1_1utils.html
-- Up-to-date symlink: /home/user/Desktop/ur_pick/ros2_ws/install/onrobot_driver/include/onrobot_driver/Modbus/docs/html/namespacemembers.html
-- Up-to-date symlink: /home/user/Desktop/ur_pick/ros2_ws/install/onrobot_driver/include/onrobot_driver/Modbus/docs/html/namespacemembers_enum.html
-- Up-to-date symlink: /home/user/Desktop/ur_pick/ros2_ws/install/onrobot_driver/include/onrobot_driver/Modbus/docs/html/namespacemembers_func.html
-- Up-to-date symlink: /home/user/Desktop/ur_pick/ros2_ws/install/onrobot_driver/include/onrobot_driver/Modbus/docs/html/namespaces.html
-- Up-to-date symlink: /home/user/Desktop/ur_pick/ros2_ws/install/onrobot_driver/include/onrobot_driver/Modbus/docs/html/nav_f.png
-- Up-to-date symlink: /home/user/Desktop/ur_pick/ros2_ws/install/onrobot_driver/include/onrobot_driver/Modbus/docs/html/nav_fd.png
-- Up-to-date symlink: /home/user/Desktop/ur_pick/ros2_ws/install/onrobot_driver/include/onrobot_driver/Modbus/docs/html/nav_g.png
-- Up-to-date symlink: /home/user/Desktop/ur_pick/ros2_ws/install/onrobot_driver/include/onrobot_driver/Modbus/docs/html/nav_h.png
-- Up-to-date symlink: /home/user/Desktop/ur_pick/ros2_ws/install/onrobot_driver/include/onrobot_driver/Modbus/docs/html/nav_hd.png
-- Up-to-date symlink: /home/user/Desktop/ur_pick/ros2_ws/install/onrobot_driver/include/onrobot_driver/Modbus/docs/html/open.png
-- Up-to-date symlink: /home/user/Desktop/ur_pick/ros2_ws/install/onrobot_driver/include/onrobot_driver/Modbus/docs/html/pages.html
-- Up-to-date symlink: /home/user/Desktop/ur_pick/ros2_ws/install/onrobot_driver/include/onrobot_driver/Modbus/docs/html/plus.svg
-- Up-to-date symlink: /home/user/Desktop/ur_pick/ros2_ws/install/onrobot_driver/include/onrobot_driver/Modbus/docs/html/plusd.svg
-- Up-to-date symlink: /home/user/Desktop/ur_pick/ros2_ws/install/onrobot_driver/include/onrobot_driver/Modbus/docs/html/search/all_0.html
-- Up-to-date symlink: /home/user/Desktop/ur_pick/ros2_ws/install/onrobot_driver/include/onrobot_driver/Modbus/docs/html/search/all_0.js
-- Up-to-date symlink: /home/user/Desktop/ur_pick/ros2_ws/install/onrobot_driver/include/onrobot_driver/Modbus/docs/html/search/all_1.html
-- Up-to-date symlink: /home/user/Desktop/ur_pick/ros2_ws/install/onrobot_driver/include/onrobot_driver/Modbus/docs/html/search/all_1.js
-- Up-to-date symlink: /home/user/Desktop/ur_pick/ros2_ws/install/onrobot_driver/include/onrobot_driver/Modbus/docs/html/search/all_10.js
-- Up-to-date symlink: /home/user/Desktop/ur_pick/ros2_ws/install/onrobot_driver/include/onrobot_driver/Modbus/docs/html/search/all_11.js
-- Up-to-date symlink: /home/user/Desktop/ur_pick/ros2_ws/install/onrobot_driver/include/onrobot_driver/Modbus/docs/html/search/all_2.html
-- Up-to-date symlink: /home/user/Desktop/ur_pick/ros2_ws/install/onrobot_driver/include/onrobot_driver/Modbus/docs/html/search/all_2.js
-- Up-to-date symlink: /home/user/Desktop/ur_pick/ros2_ws/install/onrobot_driver/include/onrobot_driver/Modbus/docs/html/search/all_3.html
-- Up-to-date symlink: /home/user/Desktop/ur_pick/ros2_ws/install/onrobot_driver/include/onrobot_driver/Modbus/docs/html/search/all_3.js
-- Up-to-date symlink: /home/user/Desktop/ur_pick/ros2_ws/install/onrobot_driver/include/onrobot_driver/Modbus/docs/html/search/all_4.html
-- Up-to-date symlink: /home/user/Desktop/ur_pick/ros2_ws/install/onrobot_driver/include/onrobot_driver/Modbus/docs/html/search/all_4.js
-- Up-to-date symlink: /home/user/Desktop/ur_pick/ros2_ws/install/onrobot_driver/include/onrobot_driver/Modbus/docs/html/search/all_5.html
-- Up-to-date symlink: /home/user/Desktop/ur_pick/ros2_ws/install/onrobot_driver/include/onrobot_driver/Modbus/docs/html/search/all_5.js
-- Up-to-date symlink: /home/user/Desktop/ur_pick/ros2_ws/install/onrobot_driver/include/onrobot_driver/Modbus/docs/html/search/all_6.html
-- Up-to-date symlink: /home/user/Desktop/ur_pick/ros2_ws/install/onrobot_driver/include/onrobot_driver/Modbus/docs/html/search/all_6.js
-- Up-to-date symlink: /home/user/Desktop/ur_pick/ros2_ws/install/onrobot_driver/include/onrobot_driver/Modbus/docs/html/search/all_7.html
-- Up-to-date symlink: /home/user/Desktop/ur_pick/ros2_ws/install/onrobot_driver/include/onrobot_driver/Modbus/docs/html/search/all_7.js
-- Up-to-date symlink: /home/user/Desktop/ur_pick/ros2_ws/install/onrobot_driver/include/onrobot_driver/Modbus/docs/html/search/all_8.html
-- Up-to-date symlink: /home/user/Desktop/ur_pick/ros2_ws/install/onrobot_driver/include/onrobot_driver/Modbus/docs/html/search/all_8.js
-- Up-to-date symlink: /home/user/Desktop/ur_pick/ros2_ws/install/onrobot_driver/include/onrobot_driver/Modbus/docs/html/search/all_9.html
-- Up-to-date symlink: /home/user/Desktop/ur_pick/ros2_ws/install/onrobot_driver/include/onrobot_driver/Modbus/docs/html/search/all_9.js
-- Up-to-date symlink: /home/user/Desktop/ur_pick/ros2_ws/install/onrobot_driver/include/onrobot_driver/Modbus/docs/html/search/all_a.js
-- Up-to-date symlink: /home/user/Desktop/ur_pick/ros2_ws/install/onrobot_driver/include/onrobot_driver/Modbus/docs/html/search/all_b.js
-- Up-to-date symlink: /home/user/Desktop/ur_pick/ros2_ws/install/onrobot_driver/include/onrobot_driver/Modbus/docs/html/search/all_c.js
-- Up-to-date symlink: /home/user/Desktop/ur_pick/ros2_ws/install/onrobot_driver/include/onrobot_driver/Modbus/docs/html/search/all_d.js
-- Up-to-date symlink: /home/user/Desktop/ur_pick/ros2_ws/install/onrobot_driver/include/onrobot_driver/Modbus/docs/html/search/all_e.js
-- Up-to-date symlink: /home/user/Desktop/ur_pick/ros2_ws/install/onrobot_driver/include/onrobot_driver/Modbus/docs/html/search/all_f.js
-- Up-to-date symlink: /home/user/Desktop/ur_pick/ros2_ws/install/onrobot_driver/include/onrobot_driver/Modbus/docs/html/search/classes_0.html
-- Up-to-date symlink: /home/user/Desktop/ur_pick/ros2_ws/install/onrobot_driver/include/onrobot_driver/Modbus/docs/html/search/classes_0.js
-- Up-to-date symlink: /home/user/Desktop/ur_pick/ros2_ws/install/onrobot_driver/include/onrobot_driver/Modbus/docs/html/search/classes_1.html
-- Up-to-date symlink: /home/user/Desktop/ur_pick/ros2_ws/install/onrobot_driver/include/onrobot_driver/Modbus/docs/html/search/classes_1.js
-- Up-to-date symlink: /home/user/Desktop/ur_pick/ros2_ws/install/onrobot_driver/include/onrobot_driver/Modbus/docs/html/search/classes_2.html
-- Up-to-date symlink: /home/user/Desktop/ur_pick/ros2_ws/install/onrobot_driver/include/onrobot_driver/Modbus/docs/html/search/classes_2.js
-- Up-to-date symlink: /home/user/Desktop/ur_pick/ros2_ws/install/onrobot_driver/include/onrobot_driver/Modbus/docs/html/search/close.svg
-- Up-to-date symlink: /home/user/Desktop/ur_pick/ros2_ws/install/onrobot_driver/include/onrobot_driver/Modbus/docs/html/search/enums_0.html
-- Up-to-date symlink: /home/user/Desktop/ur_pick/ros2_ws/install/onrobot_driver/include/onrobot_driver/Modbus/docs/html/search/enums_0.js
-- Up-to-date symlink: /home/user/Desktop/ur_pick/ros2_ws/install/onrobot_driver/include/onrobot_driver/Modbus/docs/html/search/functions_0.html
-- Up-to-date symlink: /home/user/Desktop/ur_pick/ros2_ws/install/onrobot_driver/include/onrobot_driver/Modbus/docs/html/search/functions_0.js
-- Up-to-date symlink: /home/user/Desktop/ur_pick/ros2_ws/install/onrobot_driver/include/onrobot_driver/Modbus/docs/html/search/functions_1.html
-- Up-to-date symlink: /home/user/Desktop/ur_pick/ros2_ws/install/onrobot_driver/include/onrobot_driver/Modbus/docs/html/search/functions_1.js
-- Up-to-date symlink: /home/user/Desktop/ur_pick/ros2_ws/install/onrobot_driver/include/onrobot_driver/Modbus/docs/html/search/functions_2.html
-- Up-to-date symlink: /home/user/Desktop/ur_pick/ros2_ws/install/onrobot_driver/include/onrobot_driver/Modbus/docs/html/search/functions_2.js
-- Up-to-date symlink: /home/user/Desktop/ur_pick/ros2_ws/install/onrobot_driver/include/onrobot_driver/Modbus/docs/html/search/functions_3.html
-- Up-to-date symlink: /home/user/Desktop/ur_pick/ros2_ws/install/onrobot_driver/include/onrobot_driver/Modbus/docs/html/search/functions_3.js
-- Up-to-date symlink: /home/user/Desktop/ur_pick/ros2_ws/install/onrobot_driver/include/onrobot_driver/Modbus/docs/html/search/functions_4.html
-- Up-to-date symlink: /home/user/Desktop/ur_pick/ros2_ws/install/onrobot_driver/include/onrobot_driver/Modbus/docs/html/search/functions_4.js
-- Up-to-date symlink: /home/user/Desktop/ur_pick/ros2_ws/install/onrobot_driver/include/onrobot_driver/Modbus/docs/html/search/functions_5.html
-- Up-to-date symlink: /home/user/Desktop/ur_pick/ros2_ws/install/onrobot_driver/include/onrobot_driver/Modbus/docs/html/search/functions_5.js
-- Up-to-date symlink: /home/user/Desktop/ur_pick/ros2_ws/install/onrobot_driver/include/onrobot_driver/Modbus/docs/html/search/functions_6.html
-- Up-to-date symlink: /home/user/Desktop/ur_pick/ros2_ws/install/onrobot_driver/include/onrobot_driver/Modbus/docs/html/search/functions_6.js
-- Up-to-date symlink: /home/user/Desktop/ur_pick/ros2_ws/install/onrobot_driver/include/onrobot_driver/Modbus/docs/html/search/functions_7.html
-- Up-to-date symlink: /home/user/Desktop/ur_pick/ros2_ws/install/onrobot_driver/include/onrobot_driver/Modbus/docs/html/search/functions_7.js
-- Up-to-date symlink: /home/user/Desktop/ur_pick/ros2_ws/install/onrobot_driver/include/onrobot_driver/Modbus/docs/html/search/functions_8.html
-- Up-to-date symlink: /home/user/Desktop/ur_pick/ros2_ws/install/onrobot_driver/include/onrobot_driver/Modbus/docs/html/search/functions_8.js
-- Up-to-date symlink: /home/user/Desktop/ur_pick/ros2_ws/install/onrobot_driver/include/onrobot_driver/Modbus/docs/html/search/functions_9.html
-- Up-to-date symlink: /home/user/Desktop/ur_pick/ros2_ws/install/onrobot_driver/include/onrobot_driver/Modbus/docs/html/search/functions_9.js
-- Up-to-date symlink: /home/user/Desktop/ur_pick/ros2_ws/install/onrobot_driver/include/onrobot_driver/Modbus/docs/html/search/functions_a.js
-- Up-to-date symlink: /home/user/Desktop/ur_pick/ros2_ws/install/onrobot_driver/include/onrobot_driver/Modbus/docs/html/search/mag.svg
-- Up-to-date symlink: /home/user/Desktop/ur_pick/ros2_ws/install/onrobot_driver/include/onrobot_driver/Modbus/docs/html/search/mag_d.svg
-- Up-to-date symlink: /home/user/Desktop/ur_pick/ros2_ws/install/onrobot_driver/include/onrobot_driver/Modbus/docs/html/search/mag_sel.svg
-- Up-to-date symlink: /home/user/Desktop/ur_pick/ros2_ws/install/onrobot_driver/include/onrobot_driver/Modbus/docs/html/search/mag_seld.svg
-- Up-to-date symlink: /home/user/Desktop/ur_pick/ros2_ws/install/onrobot_driver/include/onrobot_driver/Modbus/docs/html/search/namespaces_0.html
-- Up-to-date symlink: /home/user/Desktop/ur_pick/ros2_ws/install/onrobot_driver/include/onrobot_driver/Modbus/docs/html/search/namespaces_0.js
-- Up-to-date symlink: /home/user/Desktop/ur_pick/ros2_ws/install/onrobot_driver/include/onrobot_driver/Modbus/docs/html/search/nomatches.html
-- Up-to-date symlink: /home/user/Desktop/ur_pick/ros2_ws/install/onrobot_driver/include/onrobot_driver/Modbus/docs/html/search/pages_0.js
-- Up-to-date symlink: /home/user/Desktop/ur_pick/ros2_ws/install/onrobot_driver/include/onrobot_driver/Modbus/docs/html/search/pages_1.js
-- Up-to-date symlink: /home/user/Desktop/ur_pick/ros2_ws/install/onrobot_driver/include/onrobot_driver/Modbus/docs/html/search/pages_2.js
-- Up-to-date symlink: /home/user/Desktop/ur_pick/ros2_ws/install/onrobot_driver/include/onrobot_driver/Modbus/docs/html/search/pages_3.js
-- Up-to-date symlink: /home/user/Desktop/ur_pick/ros2_ws/install/onrobot_driver/include/onrobot_driver/Modbus/docs/html/search/search.css
-- Up-to-date symlink: /home/user/Desktop/ur_pick/ros2_ws/install/onrobot_driver/include/onrobot_driver/Modbus/docs/html/search/search.js
-- Up-to-date symlink: /home/user/Desktop/ur_pick/ros2_ws/install/onrobot_driver/include/onrobot_driver/Modbus/docs/html/search/search_l.png
-- Up-to-date symlink: /home/user/Desktop/ur_pick/ros2_ws/install/onrobot_driver/include/onrobot_driver/Modbus/docs/html/search/search_m.png
-- Up-to-date symlink: /home/user/Desktop/ur_pick/ros2_ws/install/onrobot_driver/include/onrobot_driver/Modbus/docs/html/search/search_r.png
-- Up-to-date symlink: /home/user/Desktop/ur_pick/ros2_ws/install/onrobot_driver/include/onrobot_driver/Modbus/docs/html/search/searchdata.js
-- Up-to-date symlink: /home/user/Desktop/ur_pick/ros2_ws/install/onrobot_driver/include/onrobot_driver/Modbus/docs/html/server_8hpp_source.html
-- Up-to-date symlink: /home/user/Desktop/ur_pick/ros2_ws/install/onrobot_driver/include/onrobot_driver/Modbus/docs/html/splitbar.png
-- Up-to-date symlink: /home/user/Desktop/ur_pick/ros2_ws/install/onrobot_driver/include/onrobot_driver/Modbus/docs/html/splitbard.png
-- Up-to-date symlink: /home/user/Desktop/ur_pick/ros2_ws/install/onrobot_driver/include/onrobot_driver/Modbus/docs/html/sync_off.png
-- Up-to-date symlink: /home/user/Desktop/ur_pick/ros2_ws/install/onrobot_driver/include/onrobot_driver/Modbus/docs/html/sync_on.png
-- Up-to-date symlink: /home/user/Desktop/ur_pick/ros2_ws/install/onrobot_driver/include/onrobot_driver/Modbus/docs/html/tab_a.png
-- Up-to-date symlink: /home/user/Desktop/ur_pick/ros2_ws/install/onrobot_driver/include/onrobot_driver/Modbus/docs/html/tab_ad.png
-- Up-to-date symlink: /home/user/Desktop/ur_pick/ros2_ws/install/onrobot_driver/include/onrobot_driver/Modbus/docs/html/tab_b.png
-- Up-to-date symlink: /home/user/Desktop/ur_pick/ros2_ws/install/onrobot_driver/include/onrobot_driver/Modbus/docs/html/tab_bd.png
-- Up-to-date symlink: /home/user/Desktop/ur_pick/ros2_ws/install/onrobot_driver/include/onrobot_driver/Modbus/docs/html/tab_h.png
-- Up-to-date symlink: /home/user/Desktop/ur_pick/ros2_ws/install/onrobot_driver/include/onrobot_driver/Modbus/docs/html/tab_hd.png
-- Up-to-date symlink: /home/user/Desktop/ur_pick/ros2_ws/install/onrobot_driver/include/onrobot_driver/Modbus/docs/html/tab_s.png
-- Up-to-date symlink: /home/user/Desktop/ur_pick/ros2_ws/install/onrobot_driver/include/onrobot_driver/Modbus/docs/html/tab_sd.png
-- Up-to-date symlink: /home/user/Desktop/ur_pick/ros2_ws/install/onrobot_driver/include/onrobot_driver/Modbus/docs/html/tabs.css
-- Up-to-date symlink: /home/user/Desktop/ur_pick/ros2_ws/install/onrobot_driver/include/onrobot_driver/Modbus/example/main.cpp
-- Up-to-date symlink: /home/user/Desktop/ur_pick/ros2_ws/install/onrobot_driver/include/onrobot_driver/Modbus/include/MB/Serial/connection.hpp
-- Up-to-date symlink: /home/user/Desktop/ur_pick/ros2_ws/install/onrobot_driver/include/onrobot_driver/Modbus/include/MB/TCP/connection.hpp
-- Up-to-date symlink: /home/user/Desktop/ur_pick/ros2_ws/install/onrobot_driver/include/onrobot_driver/Modbus/include/MB/TCP/server.hpp
-- Up-to-date symlink: /home/user/Desktop/ur_pick/ros2_ws/install/onrobot_driver/include/onrobot_driver/Modbus/include/MB/crc.hpp
-- Up-to-date symlink: /home/user/Desktop/ur_pick/ros2_ws/install/onrobot_driver/include/onrobot_driver/Modbus/include/MB/modbusCell.hpp
-- Up-to-date symlink: /home/user/Desktop/ur_pick/ros2_ws/install/onrobot_driver/include/onrobot_driver/Modbus/include/MB/modbusException.hpp
-- Up-to-date symlink: /home/user/Desktop/ur_pick/ros2_ws/install/onrobot_driver/include/onrobot_driver/Modbus/include/MB/modbusRequest.hpp
-- Up-to-date symlink: /home/user/Desktop/ur_pick/ros2_ws/install/onrobot_driver/include/onrobot_driver/Modbus/include/MB/modbusResponse.hpp
-- Up-to-date symlink: /home/user/Desktop/ur_pick/ros2_ws/install/onrobot_driver/include/onrobot_driver/Modbus/include/MB/modbusUtils.hpp
-- Up-to-date symlink: /home/user/Desktop/ur_pick/ros2_ws/install/onrobot_driver/include/onrobot_driver/Modbus/reformat-all.sh
-- Up-to-date symlink: /home/user/Desktop/ur_pick/ros2_ws/install/onrobot_driver/include/onrobot_driver/Modbus/shell.nix
-- Up-to-date symlink: /home/user/Desktop/ur_pick/ros2_ws/install/onrobot_driver/include/onrobot_driver/Modbus/src/CMakeLists.txt
-- Up-to-date symlink: /home/user/Desktop/ur_pick/ros2_ws/install/onrobot_driver/include/onrobot_driver/Modbus/src/Serial/CMakeLists.txt
-- Up-to-date symlink: /home/user/Desktop/ur_pick/ros2_ws/install/onrobot_driver/include/onrobot_driver/Modbus/src/Serial/connection.cpp
-- Up-to-date symlink: /home/user/Desktop/ur_pick/ros2_ws/install/onrobot_driver/include/onrobot_driver/Modbus/src/TCP/CMakeLists.txt
-- Up-to-date symlink: /home/user/Desktop/ur_pick/ros2_ws/install/onrobot_driver/include/onrobot_driver/Modbus/src/TCP/connection.cpp
-- Up-to-date symlink: /home/user/Desktop/ur_pick/ros2_ws/install/onrobot_driver/include/onrobot_driver/Modbus/src/TCP/server.cpp
-- Up-to-date symlink: /home/user/Desktop/ur_pick/ros2_ws/install/onrobot_driver/include/onrobot_driver/Modbus/src/crc.cpp
-- Up-to-date symlink: /home/user/Desktop/ur_pick/ros2_ws/install/onrobot_driver/include/onrobot_driver/Modbus/src/modbusException.cpp
-- Up-to-date symlink: /home/user/Desktop/ur_pick/ros2_ws/install/onrobot_driver/include/onrobot_driver/Modbus/src/modbusRequest.cpp
-- Up-to-date symlink: /home/user/Desktop/ur_pick/ros2_ws/install/onrobot_driver/include/onrobot_driver/Modbus/src/modbusResponse.cpp
-- Up-to-date symlink: /home/user/Desktop/ur_pick/ros2_ws/install/onrobot_driver/include/onrobot_driver/Modbus/tests/CMakeLists.txt
-- Up-to-date symlink: /home/user/Desktop/ur_pick/ros2_ws/install/onrobot_driver/include/onrobot_driver/Modbus/tests/MB/ModbusCellTests.cpp
-- Up-to-date symlink: /home/user/Desktop/ur_pick/ros2_ws/install/onrobot_driver/include/onrobot_driver/Modbus/tests/MB/ModbusExceptionTests.cpp
-- Up-to-date symlink: /home/user/Desktop/ur_pick/ros2_ws/install/onrobot_driver/include/onrobot_driver/Modbus/tests/MB/ModbusFunctionalTests.cpp
-- Up-to-date symlink: /home/user/Desktop/ur_pick/ros2_ws/install/onrobot_driver/include/onrobot_driver/Modbus/tests/MB/ModbusRequestTests.cpp
-- Up-to-date symlink: /home/user/Desktop/ur_pick/ros2_ws/install/onrobot_driver/include/onrobot_driver/Modbus/tests/MB/ModbusResponseTests.cpp
-- Up-to-date symlink: /home/user/Desktop/ur_pick/ros2_ws/install/onrobot_driver/include/onrobot_driver/Modbus/tests/googletest/.clang-format
-- Up-to-date symlink: /home/user/Desktop/ur_pick/ros2_ws/install/onrobot_driver/include/onrobot_driver/Modbus/tests/googletest/.git
-- Up-to-date symlink: /home/user/Desktop/ur_pick/ros2_ws/install/onrobot_driver/include/onrobot_driver/Modbus/tests/googletest/.github/ISSUE_TEMPLATE/00-bug_report.md
-- Up-to-date symlink: /home/user/Desktop/ur_pick/ros2_ws/install/onrobot_driver/include/onrobot_driver/Modbus/tests/googletest/.github/ISSUE_TEMPLATE/10-feature_request.md
-- Up-to-date symlink: /home/user/Desktop/ur_pick/ros2_ws/install/onrobot_driver/include/onrobot_driver/Modbus/tests/googletest/.github/ISSUE_TEMPLATE/config.yml
-- Up-to-date symlink: /home/user/Desktop/ur_pick/ros2_ws/install/onrobot_driver/include/onrobot_driver/Modbus/tests/googletest/.github/workflows/gtest-ci.yml
-- Up-to-date symlink: /home/user/Desktop/ur_pick/ros2_ws/install/onrobot_driver/include/onrobot_driver/Modbus/tests/googletest/.gitignore
-- Up-to-date symlink: /home/user/Desktop/ur_pick/ros2_ws/install/onrobot_driver/include/onrobot_driver/Modbus/tests/googletest/BUILD.bazel
-- Up-to-date symlink: /home/user/Desktop/ur_pick/ros2_ws/install/onrobot_driver/include/onrobot_driver/Modbus/tests/googletest/CMakeLists.txt
-- Up-to-date symlink: /home/user/Desktop/ur_pick/ros2_ws/install/onrobot_driver/include/onrobot_driver/Modbus/tests/googletest/CONTRIBUTING.md
-- Up-to-date symlink: /home/user/Desktop/ur_pick/ros2_ws/install/onrobot_driver/include/onrobot_driver/Modbus/tests/googletest/CONTRIBUTORS
-- Up-to-date symlink: /home/user/Desktop/ur_pick/ros2_ws/install/onrobot_driver/include/onrobot_driver/Modbus/tests/googletest/LICENSE
-- Up-to-date symlink: /home/user/Desktop/ur_pick/ros2_ws/install/onrobot_driver/include/onrobot_driver/Modbus/tests/googletest/README.md
-- Up-to-date symlink: /home/user/Desktop/ur_pick/ros2_ws/install/onrobot_driver/include/onrobot_driver/Modbus/tests/googletest/WORKSPACE
-- Up-to-date symlink: /home/user/Desktop/ur_pick/ros2_ws/install/onrobot_driver/include/onrobot_driver/Modbus/tests/googletest/ci/linux-presubmit.sh
-- Up-to-date symlink: /home/user/Desktop/ur_pick/ros2_ws/install/onrobot_driver/include/onrobot_driver/Modbus/tests/googletest/ci/macos-presubmit.sh
-- Up-to-date symlink: /home/user/Desktop/ur_pick/ros2_ws/install/onrobot_driver/include/onrobot_driver/Modbus/tests/googletest/docs/_config.yml
-- Up-to-date symlink: /home/user/Desktop/ur_pick/ros2_ws/install/onrobot_driver/include/onrobot_driver/Modbus/tests/googletest/docs/_data/navigation.yml
-- Up-to-date symlink: /home/user/Desktop/ur_pick/ros2_ws/install/onrobot_driver/include/onrobot_driver/Modbus/tests/googletest/docs/_layouts/default.html
-- Up-to-date symlink: /home/user/Desktop/ur_pick/ros2_ws/install/onrobot_driver/include/onrobot_driver/Modbus/tests/googletest/docs/_sass/main.scss
-- Up-to-date symlink: /home/user/Desktop/ur_pick/ros2_ws/install/onrobot_driver/include/onrobot_driver/Modbus/tests/googletest/docs/advanced.md
-- Up-to-date symlink: /home/user/Desktop/ur_pick/ros2_ws/install/onrobot_driver/include/onrobot_driver/Modbus/tests/googletest/docs/assets/css/style.scss
-- Up-to-date symlink: /home/user/Desktop/ur_pick/ros2_ws/install/onrobot_driver/include/onrobot_driver/Modbus/tests/googletest/docs/community_created_documentation.md
-- Up-to-date symlink: /home/user/Desktop/ur_pick/ros2_ws/install/onrobot_driver/include/onrobot_driver/Modbus/tests/googletest/docs/faq.md
-- Up-to-date symlink: /home/user/Desktop/ur_pick/ros2_ws/install/onrobot_driver/include/onrobot_driver/Modbus/tests/googletest/docs/gmock_cheat_sheet.md
-- Up-to-date symlink: /home/user/Desktop/ur_pick/ros2_ws/install/onrobot_driver/include/onrobot_driver/Modbus/tests/googletest/docs/gmock_cook_book.md
-- Up-to-date symlink: /home/user/Desktop/ur_pick/ros2_ws/install/onrobot_driver/include/onrobot_driver/Modbus/tests/googletest/docs/gmock_faq.md
-- Up-to-date symlink: /home/user/Desktop/ur_pick/ros2_ws/install/onrobot_driver/include/onrobot_driver/Modbus/tests/googletest/docs/gmock_for_dummies.md
-- Up-to-date symlink: /home/user/Desktop/ur_pick/ros2_ws/install/onrobot_driver/include/onrobot_driver/Modbus/tests/googletest/docs/index.md
-- Up-to-date symlink: /home/user/Desktop/ur_pick/ros2_ws/install/onrobot_driver/include/onrobot_driver/Modbus/tests/googletest/docs/pkgconfig.md
-- Up-to-date symlink: /home/user/Desktop/ur_pick/ros2_ws/install/onrobot_driver/include/onrobot_driver/Modbus/tests/googletest/docs/platforms.md
-- Up-to-date symlink: /home/user/Desktop/ur_pick/ros2_ws/install/onrobot_driver/include/onrobot_driver/Modbus/tests/googletest/docs/primer.md
-- Up-to-date symlink: /home/user/Desktop/ur_pick/ros2_ws/install/onrobot_driver/include/onrobot_driver/Modbus/tests/googletest/docs/quickstart-bazel.md
-- Up-to-date symlink: /home/user/Desktop/ur_pick/ros2_ws/install/onrobot_driver/include/onrobot_driver/Modbus/tests/googletest/docs/quickstart-cmake.md
-- Up-to-date symlink: /home/user/Desktop/ur_pick/ros2_ws/install/onrobot_driver/include/onrobot_driver/Modbus/tests/googletest/docs/reference/actions.md
-- Up-to-date symlink: /home/user/Desktop/ur_pick/ros2_ws/install/onrobot_driver/include/onrobot_driver/Modbus/tests/googletest/docs/reference/assertions.md
-- Up-to-date symlink: /home/user/Desktop/ur_pick/ros2_ws/install/onrobot_driver/include/onrobot_driver/Modbus/tests/googletest/docs/reference/matchers.md
-- Up-to-date symlink: /home/user/Desktop/ur_pick/ros2_ws/install/onrobot_driver/include/onrobot_driver/Modbus/tests/googletest/docs/reference/mocking.md
-- Up-to-date symlink: /home/user/Desktop/ur_pick/ros2_ws/install/onrobot_driver/include/onrobot_driver/Modbus/tests/googletest/docs/reference/testing.md
-- Up-to-date symlink: /home/user/Desktop/ur_pick/ros2_ws/install/onrobot_driver/include/onrobot_driver/Modbus/tests/googletest/docs/samples.md
-- Up-to-date symlink: /home/user/Desktop/ur_pick/ros2_ws/install/onrobot_driver/include/onrobot_driver/Modbus/tests/googletest/googlemock/CMakeLists.txt
-- Up-to-date symlink: /home/user/Desktop/ur_pick/ros2_ws/install/onrobot_driver/include/onrobot_driver/Modbus/tests/googletest/googlemock/README.md
-- Up-to-date symlink: /home/user/Desktop/ur_pick/ros2_ws/install/onrobot_driver/include/onrobot_driver/Modbus/tests/googletest/googlemock/cmake/gmock.pc.in
-- Up-to-date symlink: /home/user/Desktop/ur_pick/ros2_ws/install/onrobot_driver/include/onrobot_driver/Modbus/tests/googletest/googlemock/cmake/gmock_main.pc.in
-- Up-to-date symlink: /home/user/Desktop/ur_pick/ros2_ws/install/onrobot_driver/include/onrobot_driver/Modbus/tests/googletest/googlemock/docs/README.md
-- Up-to-date symlink: /home/user/Desktop/ur_pick/ros2_ws/install/onrobot_driver/include/onrobot_driver/Modbus/tests/googletest/googlemock/include/gmock/gmock-actions.h
-- Up-to-date symlink: /home/user/Desktop/ur_pick/ros2_ws/install/onrobot_driver/include/onrobot_driver/Modbus/tests/googletest/googlemock/include/gmock/gmock-cardinalities.h
-- Up-to-date symlink: /home/user/Desktop/ur_pick/ros2_ws/install/onrobot_driver/include/onrobot_driver/Modbus/tests/googletest/googlemock/include/gmock/gmock-function-mocker.h
-- Up-to-date symlink: /home/user/Desktop/ur_pick/ros2_ws/install/onrobot_driver/include/onrobot_driver/Modbus/tests/googletest/googlemock/include/gmock/gmock-matchers.h
-- Up-to-date symlink: /home/user/Desktop/ur_pick/ros2_ws/install/onrobot_driver/include/onrobot_driver/Modbus/tests/googletest/googlemock/include/gmock/gmock-more-actions.h
-- Up-to-date symlink: /home/user/Desktop/ur_pick/ros2_ws/install/onrobot_driver/include/onrobot_driver/Modbus/tests/googletest/googlemock/include/gmock/gmock-more-matchers.h
-- Up-to-date symlink: /home/user/Desktop/ur_pick/ros2_ws/install/onrobot_driver/include/onrobot_driver/Modbus/tests/googletest/googlemock/include/gmock/gmock-nice-strict.h
-- Up-to-date symlink: /home/user/Desktop/ur_pick/ros2_ws/install/onrobot_driver/include/onrobot_driver/Modbus/tests/googletest/googlemock/include/gmock/gmock-spec-builders.h
-- Up-to-date symlink: /home/user/Desktop/ur_pick/ros2_ws/install/onrobot_driver/include/onrobot_driver/Modbus/tests/googletest/googlemock/include/gmock/gmock.h
-- Up-to-date symlink: /home/user/Desktop/ur_pick/ros2_ws/install/onrobot_driver/include/onrobot_driver/Modbus/tests/googletest/googlemock/include/gmock/internal/custom/README.md
-- Up-to-date symlink: /home/user/Desktop/ur_pick/ros2_ws/install/onrobot_driver/include/onrobot_driver/Modbus/tests/googletest/googlemock/include/gmock/internal/custom/gmock-generated-actions.h
-- Up-to-date symlink: /home/user/Desktop/ur_pick/ros2_ws/install/onrobot_driver/include/onrobot_driver/Modbus/tests/googletest/googlemock/include/gmock/internal/custom/gmock-matchers.h
-- Up-to-date symlink: /home/user/Desktop/ur_pick/ros2_ws/install/onrobot_driver/include/onrobot_driver/Modbus/tests/googletest/googlemock/include/gmock/internal/custom/gmock-port.h
-- Up-to-date symlink: /home/user/Desktop/ur_pick/ros2_ws/install/onrobot_driver/include/onrobot_driver/Modbus/tests/googletest/googlemock/include/gmock/internal/gmock-internal-utils.h
-- Up-to-date symlink: /home/user/Desktop/ur_pick/ros2_ws/install/onrobot_driver/include/onrobot_driver/Modbus/tests/googletest/googlemock/include/gmock/internal/gmock-port.h
-- Up-to-date symlink: /home/user/Desktop/ur_pick/ros2_ws/install/onrobot_driver/include/onrobot_driver/Modbus/tests/googletest/googlemock/include/gmock/internal/gmock-pp.h
-- Up-to-date symlink: /home/user/Desktop/ur_pick/ros2_ws/install/onrobot_driver/include/onrobot_driver/Modbus/tests/googletest/googlemock/src/gmock-all.cc
-- Up-to-date symlink: /home/user/Desktop/ur_pick/ros2_ws/install/onrobot_driver/include/onrobot_driver/Modbus/tests/googletest/googlemock/src/gmock-cardinalities.cc
-- Up-to-date symlink: /home/user/Desktop/ur_pick/ros2_ws/install/onrobot_driver/include/onrobot_driver/Modbus/tests/googletest/googlemock/src/gmock-internal-utils.cc
-- Up-to-date symlink: /home/user/Desktop/ur_pick/ros2_ws/install/onrobot_driver/include/onrobot_driver/Modbus/tests/googletest/googlemock/src/gmock-matchers.cc
-- Up-to-date symlink: /home/user/Desktop/ur_pick/ros2_ws/install/onrobot_driver/include/onrobot_driver/Modbus/tests/googletest/googlemock/src/gmock-spec-builders.cc
-- Up-to-date symlink: /home/user/Desktop/ur_pick/ros2_ws/install/onrobot_driver/include/onrobot_driver/Modbus/tests/googletest/googlemock/src/gmock.cc
-- Up-to-date symlink: /home/user/Desktop/ur_pick/ros2_ws/install/onrobot_driver/include/onrobot_driver/Modbus/tests/googletest/googlemock/src/gmock_main.cc
-- Up-to-date symlink: /home/user/Desktop/ur_pick/ros2_ws/install/onrobot_driver/include/onrobot_driver/Modbus/tests/googletest/googlemock/test/BUILD.bazel
-- Up-to-date symlink: /home/user/Desktop/ur_pick/ros2_ws/install/onrobot_driver/include/onrobot_driver/Modbus/tests/googletest/googlemock/test/gmock-actions_test.cc
-- Up-to-date symlink: /home/user/Desktop/ur_pick/ros2_ws/install/onrobot_driver/include/onrobot_driver/Modbus/tests/googletest/googlemock/test/gmock-cardinalities_test.cc
-- Up-to-date symlink: /home/user/Desktop/ur_pick/ros2_ws/install/onrobot_driver/include/onrobot_driver/Modbus/tests/googletest/googlemock/test/gmock-function-mocker_test.cc
-- Up-to-date symlink: /home/user/Desktop/ur_pick/ros2_ws/install/onrobot_driver/include/onrobot_driver/Modbus/tests/googletest/googlemock/test/gmock-internal-utils_test.cc
-- Up-to-date symlink: /home/user/Desktop/ur_pick/ros2_ws/install/onrobot_driver/include/onrobot_driver/Modbus/tests/googletest/googlemock/test/gmock-matchers-arithmetic_test.cc
-- Up-to-date symlink: /home/user/Desktop/ur_pick/ros2_ws/install/onrobot_driver/include/onrobot_driver/Modbus/tests/googletest/googlemock/test/gmock-matchers-comparisons_test.cc
-- Up-to-date symlink: /home/user/Desktop/ur_pick/ros2_ws/install/onrobot_driver/include/onrobot_driver/Modbus/tests/googletest/googlemock/test/gmock-matchers-containers_test.cc
-- Up-to-date symlink: /home/user/Desktop/ur_pick/ros2_ws/install/onrobot_driver/include/onrobot_driver/Modbus/tests/googletest/googlemock/test/gmock-matchers-misc_test.cc
-- Up-to-date symlink: /home/user/Desktop/ur_pick/ros2_ws/install/onrobot_driver/include/onrobot_driver/Modbus/tests/googletest/googlemock/test/gmock-matchers_test.h
-- Up-to-date symlink: /home/user/Desktop/ur_pick/ros2_ws/install/onrobot_driver/include/onrobot_driver/Modbus/tests/googletest/googlemock/test/gmock-more-actions_test.cc
-- Up-to-date symlink: /home/user/Desktop/ur_pick/ros2_ws/install/onrobot_driver/include/onrobot_driver/Modbus/tests/googletest/googlemock/test/gmock-nice-strict_test.cc
-- Up-to-date symlink: /home/user/Desktop/ur_pick/ros2_ws/install/onrobot_driver/include/onrobot_driver/Modbus/tests/googletest/googlemock/test/gmock-port_test.cc
-- Up-to-date symlink: /home/user/Desktop/ur_pick/ros2_ws/install/onrobot_driver/include/onrobot_driver/Modbus/tests/googletest/googlemock/test/gmock-pp-string_test.cc
-- Up-to-date symlink: /home/user/Desktop/ur_pick/ros2_ws/install/onrobot_driver/include/onrobot_driver/Modbus/tests/googletest/googlemock/test/gmock-pp_test.cc
-- Up-to-date symlink: /home/user/Desktop/ur_pick/ros2_ws/install/onrobot_driver/include/onrobot_driver/Modbus/tests/googletest/googlemock/test/gmock-spec-builders_test.cc
-- Up-to-date symlink: /home/user/Desktop/ur_pick/ros2_ws/install/onrobot_driver/include/onrobot_driver/Modbus/tests/googletest/googlemock/test/gmock_all_test.cc
-- Up-to-date symlink: /home/user/Desktop/ur_pick/ros2_ws/install/onrobot_driver/include/onrobot_driver/Modbus/tests/googletest/googlemock/test/gmock_ex_test.cc
-- Up-to-date symlink: /home/user/Desktop/ur_pick/ros2_ws/install/onrobot_driver/include/onrobot_driver/Modbus/tests/googletest/googlemock/test/gmock_leak_test.py
-- Up-to-date symlink: /home/user/Desktop/ur_pick/ros2_ws/install/onrobot_driver/include/onrobot_driver/Modbus/tests/googletest/googlemock/test/gmock_leak_test_.cc
-- Up-to-date symlink: /home/user/Desktop/ur_pick/ros2_ws/install/onrobot_driver/include/onrobot_driver/Modbus/tests/googletest/googlemock/test/gmock_link2_test.cc
-- Up-to-date symlink: /home/user/Desktop/ur_pick/ros2_ws/install/onrobot_driver/include/onrobot_driver/Modbus/tests/googletest/googlemock/test/gmock_link_test.cc
-- Up-to-date symlink: /home/user/Desktop/ur_pick/ros2_ws/install/onrobot_driver/include/onrobot_driver/Modbus/tests/googletest/googlemock/test/gmock_link_test.h
-- Up-to-date symlink: /home/user/Desktop/ur_pick/ros2_ws/install/onrobot_driver/include/onrobot_driver/Modbus/tests/googletest/googlemock/test/gmock_output_test.py
-- Up-to-date symlink: /home/user/Desktop/ur_pick/ros2_ws/install/onrobot_driver/include/onrobot_driver/Modbus/tests/googletest/googlemock/test/gmock_output_test_.cc
-- Up-to-date symlink: /home/user/Desktop/ur_pick/ros2_ws/install/onrobot_driver/include/onrobot_driver/Modbus/tests/googletest/googlemock/test/gmock_output_test_golden.txt
-- Up-to-date symlink: /home/user/Desktop/ur_pick/ros2_ws/install/onrobot_driver/include/onrobot_driver/Modbus/tests/googletest/googlemock/test/gmock_stress_test.cc
-- Up-to-date symlink: /home/user/Desktop/ur_pick/ros2_ws/install/onrobot_driver/include/onrobot_driver/Modbus/tests/googletest/googlemock/test/gmock_test.cc
-- Up-to-date symlink: /home/user/Desktop/ur_pick/ros2_ws/install/onrobot_driver/include/onrobot_driver/Modbus/tests/googletest/googlemock/test/gmock_test_utils.py
-- Up-to-date symlink: /home/user/Desktop/ur_pick/ros2_ws/install/onrobot_driver/include/onrobot_driver/Modbus/tests/googletest/googletest/CMakeLists.txt
-- Up-to-date symlink: /home/user/Desktop/ur_pick/ros2_ws/install/onrobot_driver/include/onrobot_driver/Modbus/tests/googletest/googletest/README.md
-- Up-to-date symlink: /home/user/Desktop/ur_pick/ros2_ws/install/onrobot_driver/include/onrobot_driver/Modbus/tests/googletest/googletest/cmake/Config.cmake.in
-- Up-to-date symlink: /home/user/Desktop/ur_pick/ros2_ws/install/onrobot_driver/include/onrobot_driver/Modbus/tests/googletest/googletest/cmake/gtest.pc.in
-- Up-to-date symlink: /home/user/Desktop/ur_pick/ros2_ws/install/onrobot_driver/include/onrobot_driver/Modbus/tests/googletest/googletest/cmake/gtest_main.pc.in
-- Up-to-date symlink: /home/user/Desktop/ur_pick/ros2_ws/install/onrobot_driver/include/onrobot_driver/Modbus/tests/googletest/googletest/cmake/internal_utils.cmake
-- Up-to-date symlink: /home/user/Desktop/ur_pick/ros2_ws/install/onrobot_driver/include/onrobot_driver/Modbus/tests/googletest/googletest/cmake/libgtest.la.in
-- Up-to-date symlink: /home/user/Desktop/ur_pick/ros2_ws/install/onrobot_driver/include/onrobot_driver/Modbus/tests/googletest/googletest/docs/README.md
-- Up-to-date symlink: /home/user/Desktop/ur_pick/ros2_ws/install/onrobot_driver/include/onrobot_driver/Modbus/tests/googletest/googletest/include/gtest/gtest-assertion-result.h
-- Up-to-date symlink: /home/user/Desktop/ur_pick/ros2_ws/install/onrobot_driver/include/onrobot_driver/Modbus/tests/googletest/googletest/include/gtest/gtest-death-test.h
-- Up-to-date symlink: /home/user/Desktop/ur_pick/ros2_ws/install/onrobot_driver/include/onrobot_driver/Modbus/tests/googletest/googletest/include/gtest/gtest-matchers.h
-- Up-to-date symlink: /home/user/Desktop/ur_pick/ros2_ws/install/onrobot_driver/include/onrobot_driver/Modbus/tests/googletest/googletest/include/gtest/gtest-message.h
-- Up-to-date symlink: /home/user/Desktop/ur_pick/ros2_ws/install/onrobot_driver/include/onrobot_driver/Modbus/tests/googletest/googletest/include/gtest/gtest-param-test.h
-- Up-to-date symlink: /home/user/Desktop/ur_pick/ros2_ws/install/onrobot_driver/include/onrobot_driver/Modbus/tests/googletest/googletest/include/gtest/gtest-printers.h
-- Up-to-date symlink: /home/user/Desktop/ur_pick/ros2_ws/install/onrobot_driver/include/onrobot_driver/Modbus/tests/googletest/googletest/include/gtest/gtest-spi.h
-- Up-to-date symlink: /home/user/Desktop/ur_pick/ros2_ws/install/onrobot_driver/include/onrobot_driver/Modbus/tests/googletest/googletest/include/gtest/gtest-test-part.h
-- Up-to-date symlink: /home/user/Desktop/ur_pick/ros2_ws/install/onrobot_driver/include/onrobot_driver/Modbus/tests/googletest/googletest/include/gtest/gtest-typed-test.h
-- Up-to-date symlink: /home/user/Desktop/ur_pick/ros2_ws/install/onrobot_driver/include/onrobot_driver/Modbus/tests/googletest/googletest/include/gtest/gtest.h
-- Up-to-date symlink: /home/user/Desktop/ur_pick/ros2_ws/install/onrobot_driver/include/onrobot_driver/Modbus/tests/googletest/googletest/include/gtest/gtest_pred_impl.h
-- Up-to-date symlink: /home/user/Desktop/ur_pick/ros2_ws/install/onrobot_driver/include/onrobot_driver/Modbus/tests/googletest/googletest/include/gtest/gtest_prod.h
-- Up-to-date symlink: /home/user/Desktop/ur_pick/ros2_ws/install/onrobot_driver/include/onrobot_driver/Modbus/tests/googletest/googletest/include/gtest/internal/custom/README.md
-- Up-to-date symlink: /home/user/Desktop/ur_pick/ros2_ws/install/onrobot_driver/include/onrobot_driver/Modbus/tests/googletest/googletest/include/gtest/internal/custom/gtest-port.h
-- Up-to-date symlink: /home/user/Desktop/ur_pick/ros2_ws/install/onrobot_driver/include/onrobot_driver/Modbus/tests/googletest/googletest/include/gtest/internal/custom/gtest-printers.h
-- Up-to-date symlink: /home/user/Desktop/ur_pick/ros2_ws/install/onrobot_driver/include/onrobot_driver/Modbus/tests/googletest/googletest/include/gtest/internal/custom/gtest.h
-- Up-to-date symlink: /home/user/Desktop/ur_pick/ros2_ws/install/onrobot_driver/include/onrobot_driver/Modbus/tests/googletest/googletest/include/gtest/internal/gtest-death-test-internal.h
-- Up-to-date symlink: /home/user/Desktop/ur_pick/ros2_ws/install/onrobot_driver/include/onrobot_driver/Modbus/tests/googletest/googletest/include/gtest/internal/gtest-filepath.h
-- Up-to-date symlink: /home/user/Desktop/ur_pick/ros2_ws/install/onrobot_driver/include/onrobot_driver/Modbus/tests/googletest/googletest/include/gtest/internal/gtest-internal.h
-- Up-to-date symlink: /home/user/Desktop/ur_pick/ros2_ws/install/onrobot_driver/include/onrobot_driver/Modbus/tests/googletest/googletest/include/gtest/internal/gtest-param-util.h
-- Up-to-date symlink: /home/user/Desktop/ur_pick/ros2_ws/install/onrobot_driver/include/onrobot_driver/Modbus/tests/googletest/googletest/include/gtest/internal/gtest-port-arch.h
-- Up-to-date symlink: /home/user/Desktop/ur_pick/ros2_ws/install/onrobot_driver/include/onrobot_driver/Modbus/tests/googletest/googletest/include/gtest/internal/gtest-port.h
-- Up-to-date symlink: /home/user/Desktop/ur_pick/ros2_ws/install/onrobot_driver/include/onrobot_driver/Modbus/tests/googletest/googletest/include/gtest/internal/gtest-string.h
-- Up-to-date symlink: /home/user/Desktop/ur_pick/ros2_ws/install/onrobot_driver/include/onrobot_driver/Modbus/tests/googletest/googletest/include/gtest/internal/gtest-type-util.h
-- Up-to-date symlink: /home/user/Desktop/ur_pick/ros2_ws/install/onrobot_driver/include/onrobot_driver/Modbus/tests/googletest/googletest/samples/prime_tables.h
-- Up-to-date symlink: /home/user/Desktop/ur_pick/ros2_ws/install/onrobot_driver/include/onrobot_driver/Modbus/tests/googletest/googletest/samples/sample1.cc
-- Up-to-date symlink: /home/user/Desktop/ur_pick/ros2_ws/install/onrobot_driver/include/onrobot_driver/Modbus/tests/googletest/googletest/samples/sample1.h
-- Up-to-date symlink: /home/user/Desktop/ur_pick/ros2_ws/install/onrobot_driver/include/onrobot_driver/Modbus/tests/googletest/googletest/samples/sample10_unittest.cc
-- Up-to-date symlink: /home/user/Desktop/ur_pick/ros2_ws/install/onrobot_driver/include/onrobot_driver/Modbus/tests/googletest/googletest/samples/sample1_unittest.cc
-- Up-to-date symlink: /home/user/Desktop/ur_pick/ros2_ws/install/onrobot_driver/include/onrobot_driver/Modbus/tests/googletest/googletest/samples/sample2.cc
-- Up-to-date symlink: /home/user/Desktop/ur_pick/ros2_ws/install/onrobot_driver/include/onrobot_driver/Modbus/tests/googletest/googletest/samples/sample2.h
-- Up-to-date symlink: /home/user/Desktop/ur_pick/ros2_ws/install/onrobot_driver/include/onrobot_driver/Modbus/tests/googletest/googletest/samples/sample2_unittest.cc
-- Up-to-date symlink: /home/user/Desktop/ur_pick/ros2_ws/install/onrobot_driver/include/onrobot_driver/Modbus/tests/googletest/googletest/samples/sample3-inl.h
-- Up-to-date symlink: /home/user/Desktop/ur_pick/ros2_ws/install/onrobot_driver/include/onrobot_driver/Modbus/tests/googletest/googletest/samples/sample3_unittest.cc
-- Up-to-date symlink: /home/user/Desktop/ur_pick/ros2_ws/install/onrobot_driver/include/onrobot_driver/Modbus/tests/googletest/googletest/samples/sample4.cc
-- Up-to-date symlink: /home/user/Desktop/ur_pick/ros2_ws/install/onrobot_driver/include/onrobot_driver/Modbus/tests/googletest/googletest/samples/sample4.h
-- Up-to-date symlink: /home/user/Desktop/ur_pick/ros2_ws/install/onrobot_driver/include/onrobot_driver/Modbus/tests/googletest/googletest/samples/sample4_unittest.cc
-- Up-to-date symlink: /home/user/Desktop/ur_pick/ros2_ws/install/onrobot_driver/include/onrobot_driver/Modbus/tests/googletest/googletest/samples/sample5_unittest.cc
-- Up-to-date symlink: /home/user/Desktop/ur_pick/ros2_ws/install/onrobot_driver/include/onrobot_driver/Modbus/tests/googletest/googletest/samples/sample6_unittest.cc
-- Up-to-date symlink: /home/user/Desktop/ur_pick/ros2_ws/install/onrobot_driver/include/onrobot_driver/Modbus/tests/googletest/googletest/samples/sample7_unittest.cc
-- Up-to-date symlink: /home/user/Desktop/ur_pick/ros2_ws/install/onrobot_driver/include/onrobot_driver/Modbus/tests/googletest/googletest/samples/sample8_unittest.cc
-- Up-to-date symlink: /home/user/Desktop/ur_pick/ros2_ws/install/onrobot_driver/include/onrobot_driver/Modbus/tests/googletest/googletest/samples/sample9_unittest.cc
-- Up-to-date symlink: /home/user/Desktop/ur_pick/ros2_ws/install/onrobot_driver/include/onrobot_driver/Modbus/tests/googletest/googletest/src/gtest-all.cc
-- Up-to-date symlink: /home/user/Desktop/ur_pick/ros2_ws/install/onrobot_driver/include/onrobot_driver/Modbus/tests/googletest/googletest/src/gtest-assertion-result.cc
-- Up-to-date symlink: /home/user/Desktop/ur_pick/ros2_ws/install/onrobot_driver/include/onrobot_driver/Modbus/tests/googletest/googletest/src/gtest-death-test.cc
-- Up-to-date symlink: /home/user/Desktop/ur_pick/ros2_ws/install/onrobot_driver/include/onrobot_driver/Modbus/tests/googletest/googletest/src/gtest-filepath.cc
-- Up-to-date symlink: /home/user/Desktop/ur_pick/ros2_ws/install/onrobot_driver/include/onrobot_driver/Modbus/tests/googletest/googletest/src/gtest-internal-inl.h
-- Up-to-date symlink: /home/user/Desktop/ur_pick/ros2_ws/install/onrobot_driver/include/onrobot_driver/Modbus/tests/googletest/googletest/src/gtest-matchers.cc
-- Up-to-date symlink: /home/user/Desktop/ur_pick/ros2_ws/install/onrobot_driver/include/onrobot_driver/Modbus/tests/googletest/googletest/src/gtest-port.cc
-- Up-to-date symlink: /home/user/Desktop/ur_pick/ros2_ws/install/onrobot_driver/include/onrobot_driver/Modbus/tests/googletest/googletest/src/gtest-printers.cc
-- Up-to-date symlink: /home/user/Desktop/ur_pick/ros2_ws/install/onrobot_driver/include/onrobot_driver/Modbus/tests/googletest/googletest/src/gtest-test-part.cc
-- Up-to-date symlink: /home/user/Desktop/ur_pick/ros2_ws/install/onrobot_driver/include/onrobot_driver/Modbus/tests/googletest/googletest/src/gtest-typed-test.cc
-- Up-to-date symlink: /home/user/Desktop/ur_pick/ros2_ws/install/onrobot_driver/include/onrobot_driver/Modbus/tests/googletest/googletest/src/gtest.cc
-- Up-to-date symlink: /home/user/Desktop/ur_pick/ros2_ws/install/onrobot_driver/include/onrobot_driver/Modbus/tests/googletest/googletest/src/gtest_main.cc
-- Up-to-date symlink: /home/user/Desktop/ur_pick/ros2_ws/install/onrobot_driver/include/onrobot_driver/Modbus/tests/googletest/googletest/test/BUILD.bazel
-- Up-to-date symlink: /home/user/Desktop/ur_pick/ros2_ws/install/onrobot_driver/include/onrobot_driver/Modbus/tests/googletest/googletest/test/googletest-break-on-failure-unittest.py
-- Up-to-date symlink: /home/user/Desktop/ur_pick/ros2_ws/install/onrobot_driver/include/onrobot_driver/Modbus/tests/googletest/googletest/test/googletest-break-on-failure-unittest_.cc
-- Up-to-date symlink: /home/user/Desktop/ur_pick/ros2_ws/install/onrobot_driver/include/onrobot_driver/Modbus/tests/googletest/googletest/test/googletest-catch-exceptions-test.py
-- Up-to-date symlink: /home/user/Desktop/ur_pick/ros2_ws/install/onrobot_driver/include/onrobot_driver/Modbus/tests/googletest/googletest/test/googletest-catch-exceptions-test_.cc
-- Up-to-date symlink: /home/user/Desktop/ur_pick/ros2_ws/install/onrobot_driver/include/onrobot_driver/Modbus/tests/googletest/googletest/test/googletest-color-test.py
-- Up-to-date symlink: /home/user/Desktop/ur_pick/ros2_ws/install/onrobot_driver/include/onrobot_driver/Modbus/tests/googletest/googletest/test/googletest-color-test_.cc
-- Up-to-date symlink: /home/user/Desktop/ur_pick/ros2_ws/install/onrobot_driver/include/onrobot_driver/Modbus/tests/googletest/googletest/test/googletest-death-test-test.cc
-- Up-to-date symlink: /home/user/Desktop/ur_pick/ros2_ws/install/onrobot_driver/include/onrobot_driver/Modbus/tests/googletest/googletest/test/googletest-death-test_ex_test.cc
-- Up-to-date symlink: /home/user/Desktop/ur_pick/ros2_ws/install/onrobot_driver/include/onrobot_driver/Modbus/tests/googletest/googletest/test/googletest-env-var-test.py
-- Up-to-date symlink: /home/user/Desktop/ur_pick/ros2_ws/install/onrobot_driver/include/onrobot_driver/Modbus/tests/googletest/googletest/test/googletest-env-var-test_.cc
-- Up-to-date symlink: /home/user/Desktop/ur_pick/ros2_ws/install/onrobot_driver/include/onrobot_driver/Modbus/tests/googletest/googletest/test/googletest-failfast-unittest.py
-- Up-to-date symlink: /home/user/Desktop/ur_pick/ros2_ws/install/onrobot_driver/include/onrobot_driver/Modbus/tests/googletest/googletest/test/googletest-failfast-unittest_.cc
-- Up-to-date symlink: /home/user/Desktop/ur_pick/ros2_ws/install/onrobot_driver/include/onrobot_driver/Modbus/tests/googletest/googletest/test/googletest-filepath-test.cc
-- Up-to-date symlink: /home/user/Desktop/ur_pick/ros2_ws/install/onrobot_driver/include/onrobot_driver/Modbus/tests/googletest/googletest/test/googletest-filter-unittest.py
-- Up-to-date symlink: /home/user/Desktop/ur_pick/ros2_ws/install/onrobot_driver/include/onrobot_driver/Modbus/tests/googletest/googletest/test/googletest-filter-unittest_.cc
-- Up-to-date symlink: /home/user/Desktop/ur_pick/ros2_ws/install/onrobot_driver/include/onrobot_driver/Modbus/tests/googletest/googletest/test/googletest-global-environment-unittest.py
-- Up-to-date symlink: /home/user/Desktop/ur_pick/ros2_ws/install/onrobot_driver/include/onrobot_driver/Modbus/tests/googletest/googletest/test/googletest-global-environment-unittest_.cc
-- Up-to-date symlink: /home/user/Desktop/ur_pick/ros2_ws/install/onrobot_driver/include/onrobot_driver/Modbus/tests/googletest/googletest/test/googletest-json-outfiles-test.py
-- Up-to-date symlink: /home/user/Desktop/ur_pick/ros2_ws/install/onrobot_driver/include/onrobot_driver/Modbus/tests/googletest/googletest/test/googletest-json-output-unittest.py
-- Up-to-date symlink: /home/user/Desktop/ur_pick/ros2_ws/install/onrobot_driver/include/onrobot_driver/Modbus/tests/googletest/googletest/test/googletest-list-tests-unittest.py
-- Up-to-date symlink: /home/user/Desktop/ur_pick/ros2_ws/install/onrobot_driver/include/onrobot_driver/Modbus/tests/googletest/googletest/test/googletest-list-tests-unittest_.cc
-- Up-to-date symlink: /home/user/Desktop/ur_pick/ros2_ws/install/onrobot_driver/include/onrobot_driver/Modbus/tests/googletest/googletest/test/googletest-listener-test.cc
-- Up-to-date symlink: /home/user/Desktop/ur_pick/ros2_ws/install/onrobot_driver/include/onrobot_driver/Modbus/tests/googletest/googletest/test/googletest-message-test.cc
-- Up-to-date symlink: /home/user/Desktop/ur_pick/ros2_ws/install/onrobot_driver/include/onrobot_driver/Modbus/tests/googletest/googletest/test/googletest-options-test.cc
-- Up-to-date symlink: /home/user/Desktop/ur_pick/ros2_ws/install/onrobot_driver/include/onrobot_driver/Modbus/tests/googletest/googletest/test/googletest-output-test-golden-lin.txt
-- Up-to-date symlink: /home/user/Desktop/ur_pick/ros2_ws/install/onrobot_driver/include/onrobot_driver/Modbus/tests/googletest/googletest/test/googletest-output-test.py
-- Up-to-date symlink: /home/user/Desktop/ur_pick/ros2_ws/install/onrobot_driver/include/onrobot_driver/Modbus/tests/googletest/googletest/test/googletest-output-test_.cc
-- Up-to-date symlink: /home/user/Desktop/ur_pick/ros2_ws/install/onrobot_driver/include/onrobot_driver/Modbus/tests/googletest/googletest/test/googletest-param-test-invalid-name1-test.py
-- Up-to-date symlink: /home/user/Desktop/ur_pick/ros2_ws/install/onrobot_driver/include/onrobot_driver/Modbus/tests/googletest/googletest/test/googletest-param-test-invalid-name1-test_.cc
-- Up-to-date symlink: /home/user/Desktop/ur_pick/ros2_ws/install/onrobot_driver/include/onrobot_driver/Modbus/tests/googletest/googletest/test/googletest-param-test-invalid-name2-test.py
-- Up-to-date symlink: /home/user/Desktop/ur_pick/ros2_ws/install/onrobot_driver/include/onrobot_driver/Modbus/tests/googletest/googletest/test/googletest-param-test-invalid-name2-test_.cc
-- Up-to-date symlink: /home/user/Desktop/ur_pick/ros2_ws/install/onrobot_driver/include/onrobot_driver/Modbus/tests/googletest/googletest/test/googletest-param-test-test.cc
-- Up-to-date symlink: /home/user/Desktop/ur_pick/ros2_ws/install/onrobot_driver/include/onrobot_driver/Modbus/tests/googletest/googletest/test/googletest-param-test-test.h
-- Up-to-date symlink: /home/user/Desktop/ur_pick/ros2_ws/install/onrobot_driver/include/onrobot_driver/Modbus/tests/googletest/googletest/test/googletest-param-test2-test.cc
-- Up-to-date symlink: /home/user/Desktop/ur_pick/ros2_ws/install/onrobot_driver/include/onrobot_driver/Modbus/tests/googletest/googletest/test/googletest-port-test.cc
-- Up-to-date symlink: /home/user/Desktop/ur_pick/ros2_ws/install/onrobot_driver/include/onrobot_driver/Modbus/tests/googletest/googletest/test/googletest-printers-test.cc
-- Up-to-date symlink: /home/user/Desktop/ur_pick/ros2_ws/install/onrobot_driver/include/onrobot_driver/Modbus/tests/googletest/googletest/test/googletest-setuptestsuite-test.py
-- Up-to-date symlink: /home/user/Desktop/ur_pick/ros2_ws/install/onrobot_driver/include/onrobot_driver/Modbus/tests/googletest/googletest/test/googletest-setuptestsuite-test_.cc
-- Up-to-date symlink: /home/user/Desktop/ur_pick/ros2_ws/install/onrobot_driver/include/onrobot_driver/Modbus/tests/googletest/googletest/test/googletest-shuffle-test.py
-- Up-to-date symlink: /home/user/Desktop/ur_pick/ros2_ws/install/onrobot_driver/include/onrobot_driver/Modbus/tests/googletest/googletest/test/googletest-shuffle-test_.cc
-- Up-to-date symlink: /home/user/Desktop/ur_pick/ros2_ws/install/onrobot_driver/include/onrobot_driver/Modbus/tests/googletest/googletest/test/googletest-test-part-test.cc
-- Up-to-date symlink: /home/user/Desktop/ur_pick/ros2_ws/install/onrobot_driver/include/onrobot_driver/Modbus/tests/googletest/googletest/test/googletest-throw-on-failure-test.py
-- Up-to-date symlink: /home/user/Desktop/ur_pick/ros2_ws/install/onrobot_driver/include/onrobot_driver/Modbus/tests/googletest/googletest/test/googletest-throw-on-failure-test_.cc
-- Up-to-date symlink: /home/user/Desktop/ur_pick/ros2_ws/install/onrobot_driver/include/onrobot_driver/Modbus/tests/googletest/googletest/test/googletest-uninitialized-test.py
-- Up-to-date symlink: /home/user/Desktop/ur_pick/ros2_ws/install/onrobot_driver/include/onrobot_driver/Modbus/tests/googletest/googletest/test/googletest-uninitialized-test_.cc
-- Up-to-date symlink: /home/user/Desktop/ur_pick/ros2_ws/install/onrobot_driver/include/onrobot_driver/Modbus/tests/googletest/googletest/test/gtest-typed-test2_test.cc
-- Up-to-date symlink: /home/user/Desktop/ur_pick/ros2_ws/install/onrobot_driver/include/onrobot_driver/Modbus/tests/googletest/googletest/test/gtest-typed-test_test.cc
-- Up-to-date symlink: /home/user/Desktop/ur_pick/ros2_ws/install/onrobot_driver/include/onrobot_driver/Modbus/tests/googletest/googletest/test/gtest-typed-test_test.h
-- Up-to-date symlink: /home/user/Desktop/ur_pick/ros2_ws/install/onrobot_driver/include/onrobot_driver/Modbus/tests/googletest/googletest/test/gtest-unittest-api_test.cc
-- Up-to-date symlink: /home/user/Desktop/ur_pick/ros2_ws/install/onrobot_driver/include/onrobot_driver/Modbus/tests/googletest/googletest/test/gtest_all_test.cc
-- Up-to-date symlink: /home/user/Desktop/ur_pick/ros2_ws/install/onrobot_driver/include/onrobot_driver/Modbus/tests/googletest/googletest/test/gtest_assert_by_exception_test.cc
-- Up-to-date symlink: /home/user/Desktop/ur_pick/ros2_ws/install/onrobot_driver/include/onrobot_driver/Modbus/tests/googletest/googletest/test/gtest_environment_test.cc
-- Up-to-date symlink: /home/user/Desktop/ur_pick/ros2_ws/install/onrobot_driver/include/onrobot_driver/Modbus/tests/googletest/googletest/test/gtest_help_test.py
-- Up-to-date symlink: /home/user/Desktop/ur_pick/ros2_ws/install/onrobot_driver/include/onrobot_driver/Modbus/tests/googletest/googletest/test/gtest_help_test_.cc
-- Up-to-date symlink: /home/user/Desktop/ur_pick/ros2_ws/install/onrobot_driver/include/onrobot_driver/Modbus/tests/googletest/googletest/test/gtest_json_test_utils.py
-- Up-to-date symlink: /home/user/Desktop/ur_pick/ros2_ws/install/onrobot_driver/include/onrobot_driver/Modbus/tests/googletest/googletest/test/gtest_list_output_unittest.py
-- Up-to-date symlink: /home/user/Desktop/ur_pick/ros2_ws/install/onrobot_driver/include/onrobot_driver/Modbus/tests/googletest/googletest/test/gtest_list_output_unittest_.cc
-- Up-to-date symlink: /home/user/Desktop/ur_pick/ros2_ws/install/onrobot_driver/include/onrobot_driver/Modbus/tests/googletest/googletest/test/gtest_main_unittest.cc
-- Up-to-date symlink: /home/user/Desktop/ur_pick/ros2_ws/install/onrobot_driver/include/onrobot_driver/Modbus/tests/googletest/googletest/test/gtest_no_test_unittest.cc
-- Up-to-date symlink: /home/user/Desktop/ur_pick/ros2_ws/install/onrobot_driver/include/onrobot_driver/Modbus/tests/googletest/googletest/test/gtest_pred_impl_unittest.cc
-- Up-to-date symlink: /home/user/Desktop/ur_pick/ros2_ws/install/onrobot_driver/include/onrobot_driver/Modbus/tests/googletest/googletest/test/gtest_premature_exit_test.cc
-- Up-to-date symlink: /home/user/Desktop/ur_pick/ros2_ws/install/onrobot_driver/include/onrobot_driver/Modbus/tests/googletest/googletest/test/gtest_prod_test.cc
-- Up-to-date symlink: /home/user/Desktop/ur_pick/ros2_ws/install/onrobot_driver/include/onrobot_driver/Modbus/tests/googletest/googletest/test/gtest_repeat_test.cc
-- Up-to-date symlink: /home/user/Desktop/ur_pick/ros2_ws/install/onrobot_driver/include/onrobot_driver/Modbus/tests/googletest/googletest/test/gtest_skip_check_output_test.py
-- Up-to-date symlink: /home/user/Desktop/ur_pick/ros2_ws/install/onrobot_driver/include/onrobot_driver/Modbus/tests/googletest/googletest/test/gtest_skip_environment_check_output_test.py
-- Up-to-date symlink: /home/user/Desktop/ur_pick/ros2_ws/install/onrobot_driver/include/onrobot_driver/Modbus/tests/googletest/googletest/test/gtest_skip_in_environment_setup_test.cc
-- Up-to-date symlink: /home/user/Desktop/ur_pick/ros2_ws/install/onrobot_driver/include/onrobot_driver/Modbus/tests/googletest/googletest/test/gtest_skip_test.cc
-- Up-to-date symlink: /home/user/Desktop/ur_pick/ros2_ws/install/onrobot_driver/include/onrobot_driver/Modbus/tests/googletest/googletest/test/gtest_sole_header_test.cc
-- Up-to-date symlink: /home/user/Desktop/ur_pick/ros2_ws/install/onrobot_driver/include/onrobot_driver/Modbus/tests/googletest/googletest/test/gtest_stress_test.cc
-- Up-to-date symlink: /home/user/Desktop/ur_pick/ros2_ws/install/onrobot_driver/include/onrobot_driver/Modbus/tests/googletest/googletest/test/gtest_test_macro_stack_footprint_test.cc
-- Up-to-date symlink: /home/user/Desktop/ur_pick/ros2_ws/install/onrobot_driver/include/onrobot_driver/Modbus/tests/googletest/googletest/test/gtest_test_utils.py
-- Up-to-date symlink: /home/user/Desktop/ur_pick/ros2_ws/install/onrobot_driver/include/onrobot_driver/Modbus/tests/googletest/googletest/test/gtest_testbridge_test.py
-- Up-to-date symlink: /home/user/Desktop/ur_pick/ros2_ws/install/onrobot_driver/include/onrobot_driver/Modbus/tests/googletest/googletest/test/gtest_testbridge_test_.cc
-- Up-to-date symlink: /home/user/Desktop/ur_pick/ros2_ws/install/onrobot_driver/include/onrobot_driver/Modbus/tests/googletest/googletest/test/gtest_throw_on_failure_ex_test.cc
-- Up-to-date symlink: /home/user/Desktop/ur_pick/ros2_ws/install/onrobot_driver/include/onrobot_driver/Modbus/tests/googletest/googletest/test/gtest_unittest.cc
-- Up-to-date symlink: /home/user/Desktop/ur_pick/ros2_ws/install/onrobot_driver/include/onrobot_driver/Modbus/tests/googletest/googletest/test/gtest_xml_outfile1_test_.cc
-- Up-to-date symlink: /home/user/Desktop/ur_pick/ros2_ws/install/onrobot_driver/include/onrobot_driver/Modbus/tests/googletest/googletest/test/gtest_xml_outfile2_test_.cc
-- Up-to-date symlink: /home/user/Desktop/ur_pick/ros2_ws/install/onrobot_driver/include/onrobot_driver/Modbus/tests/googletest/googletest/test/gtest_xml_outfiles_test.py
-- Up-to-date symlink: /home/user/Desktop/ur_pick/ros2_ws/install/onrobot_driver/include/onrobot_driver/Modbus/tests/googletest/googletest/test/gtest_xml_output_unittest.py
-- Up-to-date symlink: /home/user/Desktop/ur_pick/ros2_ws/install/onrobot_driver/include/onrobot_driver/Modbus/tests/googletest/googletest/test/gtest_xml_output_unittest_.cc
-- Up-to-date symlink: /home/user/Desktop/ur_pick/ros2_ws/install/onrobot_driver/include/onrobot_driver/Modbus/tests/googletest/googletest/test/gtest_xml_test_utils.py
-- Up-to-date symlink: /home/user/Desktop/ur_pick/ros2_ws/install/onrobot_driver/include/onrobot_driver/Modbus/tests/googletest/googletest/test/production.cc
-- Up-to-date symlink: /home/user/Desktop/ur_pick/ros2_ws/install/onrobot_driver/include/onrobot_driver/Modbus/tests/googletest/googletest/test/production.h
-- Up-to-date symlink: /home/user/Desktop/ur_pick/ros2_ws/install/onrobot_driver/include/onrobot_driver/Modbus/tests/main.cpp
-- Up-to-date symlink: /home/user/Desktop/ur_pick/ros2_ws/install/onrobot_driver/include/onrobot_driver/RG.hpp
-- Up-to-date symlink: /home/user/Desktop/ur_pick/ros2_ws/install/onrobot_driver/include/onrobot_driver/SerialConnectionWrapper.hpp
-- Up-to-date symlink: /home/user/Desktop/ur_pick/ros2_ws/install/onrobot_driver/include/onrobot_driver/TCPConnectionWrapper.hpp
-- Up-to-date symlink: /home/user/Desktop/ur_pick/ros2_ws/install/onrobot_driver/include/onrobot_driver/rg_hardware_interface.hpp
-- Up-to-date symlink: /home/user/Desktop/ur_pick/ros2_ws/install/onrobot_driver/share/onrobot_driver/environment/library_path.sh
-- Up-to-date symlink: /home/user/Desktop/ur_pick/ros2_ws/install/onrobot_driver/share/onrobot_driver/environment/library_path.dsv
-- Up-to-date symlink: /home/user/Desktop/ur_pick/ros2_ws/install/onrobot_driver/include/onrobot_driver/IModbusConnection.hpp
-- Up-to-date symlink: /home/user/Desktop/ur_pick/ros2_ws/install/onrobot_driver/include/onrobot_driver/Modbus/.clang-format
-- Up-to-date symlink: /home/user/Desktop/ur_pick/ros2_ws/install/onrobot_driver/include/onrobot_driver/Modbus/.git
-- Up-to-date symlink: /home/user/Desktop/ur_pick/ros2_ws/install/onrobot_driver/include/onrobot_driver/Modbus/.github/workflows/clang-format.yml
-- Up-to-date symlink: /home/user/Desktop/ur_pick/ros2_ws/install/onrobot_driver/include/onrobot_driver/Modbus/.github/workflows/cmake-multi-platform.yml
-- Up-to-date symlink: /home/user/Desktop/ur_pick/ros2_ws/install/onrobot_driver/include/onrobot_driver/Modbus/.gitignore
-- Up-to-date symlink: /home/user/Desktop/ur_pick/ros2_ws/install/onrobot_driver/include/onrobot_driver/Modbus/.gitmodules
-- Up-to-date symlink: /home/user/Desktop/ur_pick/ros2_ws/install/onrobot_driver/include/onrobot_driver/Modbus/CMakeLists.txt
-- Up-to-date symlink: /home/user/Desktop/ur_pick/ros2_ws/install/onrobot_driver/include/onrobot_driver/Modbus/Doxyfile
-- Up-to-date symlink: /home/user/Desktop/ur_pick/ros2_ws/install/onrobot_driver/include/onrobot_driver/Modbus/LICENSE
-- Up-to-date symlink: /home/user/Desktop/ur_pick/ros2_ws/install/onrobot_driver/include/onrobot_driver/Modbus/README.md
-- Up-to-date symlink: /home/user/Desktop/ur_pick/ros2_ws/install/onrobot_driver/include/onrobot_driver/Modbus/docs/html/Serial_2connection_8hpp_source.html
-- Up-to-date symlink: /home/user/Desktop/ur_pick/ros2_ws/install/onrobot_driver/include/onrobot_driver/Modbus/docs/html/TCP_2connection_8hpp_source.html
-- Up-to-date symlink: /home/user/Desktop/ur_pick/ros2_ws/install/onrobot_driver/include/onrobot_driver/Modbus/docs/html/annotated.html
-- Up-to-date symlink: /home/user/Desktop/ur_pick/ros2_ws/install/onrobot_driver/include/onrobot_driver/Modbus/docs/html/bc_s.png
-- Up-to-date symlink: /home/user/Desktop/ur_pick/ros2_ws/install/onrobot_driver/include/onrobot_driver/Modbus/docs/html/bc_sd.png
-- Up-to-date symlink: /home/user/Desktop/ur_pick/ros2_ws/install/onrobot_driver/include/onrobot_driver/Modbus/docs/html/bdwn.png
-- Up-to-date symlink: /home/user/Desktop/ur_pick/ros2_ws/install/onrobot_driver/include/onrobot_driver/Modbus/docs/html/classMB_1_1ModbusCell-members.html
-- Up-to-date symlink: /home/user/Desktop/ur_pick/ros2_ws/install/onrobot_driver/include/onrobot_driver/Modbus/docs/html/classMB_1_1ModbusCell.html
-- Up-to-date symlink: /home/user/Desktop/ur_pick/ros2_ws/install/onrobot_driver/include/onrobot_driver/Modbus/docs/html/classMB_1_1ModbusException-members.html
-- Up-to-date symlink: /home/user/Desktop/ur_pick/ros2_ws/install/onrobot_driver/include/onrobot_driver/Modbus/docs/html/classMB_1_1ModbusException.html
-- Up-to-date symlink: /home/user/Desktop/ur_pick/ros2_ws/install/onrobot_driver/include/onrobot_driver/Modbus/docs/html/classMB_1_1ModbusException.png
-- Up-to-date symlink: /home/user/Desktop/ur_pick/ros2_ws/install/onrobot_driver/include/onrobot_driver/Modbus/docs/html/classMB_1_1ModbusRequest-members.html
-- Up-to-date symlink: /home/user/Desktop/ur_pick/ros2_ws/install/onrobot_driver/include/onrobot_driver/Modbus/docs/html/classMB_1_1ModbusRequest.html
-- Up-to-date symlink: /home/user/Desktop/ur_pick/ros2_ws/install/onrobot_driver/include/onrobot_driver/Modbus/docs/html/classMB_1_1ModbusResponse-members.html
-- Up-to-date symlink: /home/user/Desktop/ur_pick/ros2_ws/install/onrobot_driver/include/onrobot_driver/Modbus/docs/html/classMB_1_1ModbusResponse.html
-- Up-to-date symlink: /home/user/Desktop/ur_pick/ros2_ws/install/onrobot_driver/include/onrobot_driver/Modbus/docs/html/classMB_1_1Serial_1_1Connection-members.html
-- Up-to-date symlink: /home/user/Desktop/ur_pick/ros2_ws/install/onrobot_driver/include/onrobot_driver/Modbus/docs/html/classMB_1_1Serial_1_1Connection.html
-- Up-to-date symlink: /home/user/Desktop/ur_pick/ros2_ws/install/onrobot_driver/include/onrobot_driver/Modbus/docs/html/classMB_1_1TCP_1_1Connection-members.html
-- Up-to-date symlink: /home/user/Desktop/ur_pick/ros2_ws/install/onrobot_driver/include/onrobot_driver/Modbus/docs/html/classMB_1_1TCP_1_1Connection.html
-- Up-to-date symlink: /home/user/Desktop/ur_pick/ros2_ws/install/onrobot_driver/include/onrobot_driver/Modbus/docs/html/classMB_1_1TCP_1_1Server-members.html
-- Up-to-date symlink: /home/user/Desktop/ur_pick/ros2_ws/install/onrobot_driver/include/onrobot_driver/Modbus/docs/html/classMB_1_1TCP_1_1Server.html
-- Up-to-date symlink: /home/user/Desktop/ur_pick/ros2_ws/install/onrobot_driver/include/onrobot_driver/Modbus/docs/html/classes.html
-- Up-to-date symlink: /home/user/Desktop/ur_pick/ros2_ws/install/onrobot_driver/include/onrobot_driver/Modbus/docs/html/clipboard.js
-- Up-to-date symlink: /home/user/Desktop/ur_pick/ros2_ws/install/onrobot_driver/include/onrobot_driver/Modbus/docs/html/closed.png
-- Up-to-date symlink: /home/user/Desktop/ur_pick/ros2_ws/install/onrobot_driver/include/onrobot_driver/Modbus/docs/html/cookie.js
-- Up-to-date symlink: /home/user/Desktop/ur_pick/ros2_ws/install/onrobot_driver/include/onrobot_driver/Modbus/docs/html/crc_8hpp_source.html
-- Up-to-date symlink: /home/user/Desktop/ur_pick/ros2_ws/install/onrobot_driver/include/onrobot_driver/Modbus/docs/html/deprecated.html
-- Up-to-date symlink: /home/user/Desktop/ur_pick/ros2_ws/install/onrobot_driver/include/onrobot_driver/Modbus/docs/html/dir_5c4711b76244cf820e6fc766a3eae98f.html
-- Up-to-date symlink: /home/user/Desktop/ur_pick/ros2_ws/install/onrobot_driver/include/onrobot_driver/Modbus/docs/html/dir_68267d1309a1af8e8297ef4c3efbcdba.html
-- Up-to-date symlink: /home/user/Desktop/ur_pick/ros2_ws/install/onrobot_driver/include/onrobot_driver/Modbus/docs/html/dir_89deb882b528f943e97271a20701dad4.html
-- Up-to-date symlink: /home/user/Desktop/ur_pick/ros2_ws/install/onrobot_driver/include/onrobot_driver/Modbus/docs/html/dir_bce4fe468017adc58bf81882531ea016.html
-- Up-to-date symlink: /home/user/Desktop/ur_pick/ros2_ws/install/onrobot_driver/include/onrobot_driver/Modbus/docs/html/dir_d44c64559bbebec7f509842c48db8b23.html
-- Up-to-date symlink: /home/user/Desktop/ur_pick/ros2_ws/install/onrobot_driver/include/onrobot_driver/Modbus/docs/html/dir_f8aebf652183de33714d471cbd098255.html
-- Up-to-date symlink: /home/user/Desktop/ur_pick/ros2_ws/install/onrobot_driver/include/onrobot_driver/Modbus/docs/html/dir_fa17a7b3bf7c731ce009520520ae23a8.html
-- Up-to-date symlink: /home/user/Desktop/ur_pick/ros2_ws/install/onrobot_driver/include/onrobot_driver/Modbus/docs/html/doc.png
-- Up-to-date symlink: /home/user/Desktop/ur_pick/ros2_ws/install/onrobot_driver/include/onrobot_driver/Modbus/docs/html/doc.svg
-- Up-to-date symlink: /home/user/Desktop/ur_pick/ros2_ws/install/onrobot_driver/include/onrobot_driver/Modbus/docs/html/docd.svg
-- Up-to-date symlink: /home/user/Desktop/ur_pick/ros2_ws/install/onrobot_driver/include/onrobot_driver/Modbus/docs/html/doxygen.css
-- Up-to-date symlink: /home/user/Desktop/ur_pick/ros2_ws/install/onrobot_driver/include/onrobot_driver/Modbus/docs/html/doxygen.svg
-- Up-to-date symlink: /home/user/Desktop/ur_pick/ros2_ws/install/onrobot_driver/include/onrobot_driver/Modbus/docs/html/doxygen_crawl.html
-- Up-to-date symlink: /home/user/Desktop/ur_pick/ros2_ws/install/onrobot_driver/include/onrobot_driver/Modbus/docs/html/dynsections.js
-- Up-to-date symlink: /home/user/Desktop/ur_pick/ros2_ws/install/onrobot_driver/include/onrobot_driver/Modbus/docs/html/files.html
-- Up-to-date symlink: /home/user/Desktop/ur_pick/ros2_ws/install/onrobot_driver/include/onrobot_driver/Modbus/docs/html/folderclosed.png
-- Up-to-date symlink: /home/user/Desktop/ur_pick/ros2_ws/install/onrobot_driver/include/onrobot_driver/Modbus/docs/html/folderclosed.svg
-- Up-to-date symlink: /home/user/Desktop/ur_pick/ros2_ws/install/onrobot_driver/include/onrobot_driver/Modbus/docs/html/folderclosedd.svg
-- Up-to-date symlink: /home/user/Desktop/ur_pick/ros2_ws/install/onrobot_driver/include/onrobot_driver/Modbus/docs/html/folderopen.png
-- Up-to-date symlink: /home/user/Desktop/ur_pick/ros2_ws/install/onrobot_driver/include/onrobot_driver/Modbus/docs/html/folderopen.svg
-- Up-to-date symlink: /home/user/Desktop/ur_pick/ros2_ws/install/onrobot_driver/include/onrobot_driver/Modbus/docs/html/folderopend.svg
-- Up-to-date symlink: /home/user/Desktop/ur_pick/ros2_ws/install/onrobot_driver/include/onrobot_driver/Modbus/docs/html/functions.html
-- Up-to-date symlink: /home/user/Desktop/ur_pick/ros2_ws/install/onrobot_driver/include/onrobot_driver/Modbus/docs/html/functions_func.html
-- Up-to-date symlink: /home/user/Desktop/ur_pick/ros2_ws/install/onrobot_driver/include/onrobot_driver/Modbus/docs/html/group__MB.html
-- Up-to-date symlink: /home/user/Desktop/ur_pick/ros2_ws/install/onrobot_driver/include/onrobot_driver/Modbus/docs/html/hierarchy.html
-- Up-to-date symlink: /home/user/Desktop/ur_pick/ros2_ws/install/onrobot_driver/include/onrobot_driver/Modbus/docs/html/index.html
-- Up-to-date symlink: /home/user/Desktop/ur_pick/ros2_ws/install/onrobot_driver/include/onrobot_driver/Modbus/docs/html/jquery.js
-- Up-to-date symlink: /home/user/Desktop/ur_pick/ros2_ws/install/onrobot_driver/include/onrobot_driver/Modbus/docs/html/menu.js
-- Up-to-date symlink: /home/user/Desktop/ur_pick/ros2_ws/install/onrobot_driver/include/onrobot_driver/Modbus/docs/html/menudata.js
-- Up-to-date symlink: /home/user/Desktop/ur_pick/ros2_ws/install/onrobot_driver/include/onrobot_driver/Modbus/docs/html/minus.svg
-- Up-to-date symlink: /home/user/Desktop/ur_pick/ros2_ws/install/onrobot_driver/include/onrobot_driver/Modbus/docs/html/minusd.svg
-- Up-to-date symlink: /home/user/Desktop/ur_pick/ros2_ws/install/onrobot_driver/include/onrobot_driver/Modbus/docs/html/modbusCell_8hpp_source.html
-- Up-to-date symlink: /home/user/Desktop/ur_pick/ros2_ws/install/onrobot_driver/include/onrobot_driver/Modbus/docs/html/modbusException_8hpp_source.html
-- Up-to-date symlink: /home/user/Desktop/ur_pick/ros2_ws/install/onrobot_driver/include/onrobot_driver/Modbus/docs/html/modbusRequest_8hpp_source.html
-- Up-to-date symlink: /home/user/Desktop/ur_pick/ros2_ws/install/onrobot_driver/include/onrobot_driver/Modbus/docs/html/modbusResponse_8hpp_source.html
-- Up-to-date symlink: /home/user/Desktop/ur_pick/ros2_ws/install/onrobot_driver/include/onrobot_driver/Modbus/docs/html/modbusUtils_8hpp_source.html
-- Up-to-date symlink: /home/user/Desktop/ur_pick/ros2_ws/install/onrobot_driver/include/onrobot_driver/Modbus/docs/html/modules.html
-- Up-to-date symlink: /home/user/Desktop/ur_pick/ros2_ws/install/onrobot_driver/include/onrobot_driver/Modbus/docs/html/namespaceMB.html
-- Up-to-date symlink: /home/user/Desktop/ur_pick/ros2_ws/install/onrobot_driver/include/onrobot_driver/Modbus/docs/html/namespaceMB_1_1CRC.html
-- Up-to-date symlink: /home/user/Desktop/ur_pick/ros2_ws/install/onrobot_driver/include/onrobot_driver/Modbus/docs/html/namespaceMB_1_1utils.html
-- Up-to-date symlink: /home/user/Desktop/ur_pick/ros2_ws/install/onrobot_driver/include/onrobot_driver/Modbus/docs/html/namespacemembers.html
-- Up-to-date symlink: /home/user/Desktop/ur_pick/ros2_ws/install/onrobot_driver/include/onrobot_driver/Modbus/docs/html/namespacemembers_enum.html
-- Up-to-date symlink: /home/user/Desktop/ur_pick/ros2_ws/install/onrobot_driver/include/onrobot_driver/Modbus/docs/html/namespacemembers_func.html
-- Up-to-date symlink: /home/user/Desktop/ur_pick/ros2_ws/install/onrobot_driver/include/onrobot_driver/Modbus/docs/html/namespaces.html
-- Up-to-date symlink: /home/user/Desktop/ur_pick/ros2_ws/install/onrobot_driver/include/onrobot_driver/Modbus/docs/html/nav_f.png
-- Up-to-date symlink: /home/user/Desktop/ur_pick/ros2_ws/install/onrobot_driver/include/onrobot_driver/Modbus/docs/html/nav_fd.png
-- Up-to-date symlink: /home/user/Desktop/ur_pick/ros2_ws/install/onrobot_driver/include/onrobot_driver/Modbus/docs/html/nav_g.png
-- Up-to-date symlink: /home/user/Desktop/ur_pick/ros2_ws/install/onrobot_driver/include/onrobot_driver/Modbus/docs/html/nav_h.png
-- Up-to-date symlink: /home/user/Desktop/ur_pick/ros2_ws/install/onrobot_driver/include/onrobot_driver/Modbus/docs/html/nav_hd.png
-- Up-to-date symlink: /home/user/Desktop/ur_pick/ros2_ws/install/onrobot_driver/include/onrobot_driver/Modbus/docs/html/open.png
-- Up-to-date symlink: /home/user/Desktop/ur_pick/ros2_ws/install/onrobot_driver/include/onrobot_driver/Modbus/docs/html/pages.html
-- Up-to-date symlink: /home/user/Desktop/ur_pick/ros2_ws/install/onrobot_driver/include/onrobot_driver/Modbus/docs/html/plus.svg
-- Up-to-date symlink: /home/user/Desktop/ur_pick/ros2_ws/install/onrobot_driver/include/onrobot_driver/Modbus/docs/html/plusd.svg
-- Up-to-date symlink: /home/user/Desktop/ur_pick/ros2_ws/install/onrobot_driver/include/onrobot_driver/Modbus/docs/html/search/all_0.html
-- Up-to-date symlink: /home/user/Desktop/ur_pick/ros2_ws/install/onrobot_driver/include/onrobot_driver/Modbus/docs/html/search/all_0.js
-- Up-to-date symlink: /home/user/Desktop/ur_pick/ros2_ws/install/onrobot_driver/include/onrobot_driver/Modbus/docs/html/search/all_1.html
-- Up-to-date symlink: /home/user/Desktop/ur_pick/ros2_ws/install/onrobot_driver/include/onrobot_driver/Modbus/docs/html/search/all_1.js
-- Up-to-date symlink: /home/user/Desktop/ur_pick/ros2_ws/install/onrobot_driver/include/onrobot_driver/Modbus/docs/html/search/all_10.js
-- Up-to-date symlink: /home/user/Desktop/ur_pick/ros2_ws/install/onrobot_driver/include/onrobot_driver/Modbus/docs/html/search/all_11.js
-- Up-to-date symlink: /home/user/Desktop/ur_pick/ros2_ws/install/onrobot_driver/include/onrobot_driver/Modbus/docs/html/search/all_2.html
-- Up-to-date symlink: /home/user/Desktop/ur_pick/ros2_ws/install/onrobot_driver/include/onrobot_driver/Modbus/docs/html/search/all_2.js
-- Up-to-date symlink: /home/user/Desktop/ur_pick/ros2_ws/install/onrobot_driver/include/onrobot_driver/Modbus/docs/html/search/all_3.html
-- Up-to-date symlink: /home/user/Desktop/ur_pick/ros2_ws/install/onrobot_driver/include/onrobot_driver/Modbus/docs/html/search/all_3.js
-- Up-to-date symlink: /home/user/Desktop/ur_pick/ros2_ws/install/onrobot_driver/include/onrobot_driver/Modbus/docs/html/search/all_4.html
-- Up-to-date symlink: /home/user/Desktop/ur_pick/ros2_ws/install/onrobot_driver/include/onrobot_driver/Modbus/docs/html/search/all_4.js
-- Up-to-date symlink: /home/user/Desktop/ur_pick/ros2_ws/install/onrobot_driver/include/onrobot_driver/Modbus/docs/html/search/all_5.html
-- Up-to-date symlink: /home/user/Desktop/ur_pick/ros2_ws/install/onrobot_driver/include/onrobot_driver/Modbus/docs/html/search/all_5.js
-- Up-to-date symlink: /home/user/Desktop/ur_pick/ros2_ws/install/onrobot_driver/include/onrobot_driver/Modbus/docs/html/search/all_6.html
-- Up-to-date symlink: /home/user/Desktop/ur_pick/ros2_ws/install/onrobot_driver/include/onrobot_driver/Modbus/docs/html/search/all_6.js
-- Up-to-date symlink: /home/user/Desktop/ur_pick/ros2_ws/install/onrobot_driver/include/onrobot_driver/Modbus/docs/html/search/all_7.html
-- Up-to-date symlink: /home/user/Desktop/ur_pick/ros2_ws/install/onrobot_driver/include/onrobot_driver/Modbus/docs/html/search/all_7.js
-- Up-to-date symlink: /home/user/Desktop/ur_pick/ros2_ws/install/onrobot_driver/include/onrobot_driver/Modbus/docs/html/search/all_8.html
-- Up-to-date symlink: /home/user/Desktop/ur_pick/ros2_ws/install/onrobot_driver/include/onrobot_driver/Modbus/docs/html/search/all_8.js
-- Up-to-date symlink: /home/user/Desktop/ur_pick/ros2_ws/install/onrobot_driver/include/onrobot_driver/Modbus/docs/html/search/all_9.html
-- Up-to-date symlink: /home/user/Desktop/ur_pick/ros2_ws/install/onrobot_driver/include/onrobot_driver/Modbus/docs/html/search/all_9.js
-- Up-to-date symlink: /home/user/Desktop/ur_pick/ros2_ws/install/onrobot_driver/include/onrobot_driver/Modbus/docs/html/search/all_a.js
-- Up-to-date symlink: /home/user/Desktop/ur_pick/ros2_ws/install/onrobot_driver/include/onrobot_driver/Modbus/docs/html/search/all_b.js
-- Up-to-date symlink: /home/user/Desktop/ur_pick/ros2_ws/install/onrobot_driver/include/onrobot_driver/Modbus/docs/html/search/all_c.js
-- Up-to-date symlink: /home/user/Desktop/ur_pick/ros2_ws/install/onrobot_driver/include/onrobot_driver/Modbus/docs/html/search/all_d.js
-- Up-to-date symlink: /home/user/Desktop/ur_pick/ros2_ws/install/onrobot_driver/include/onrobot_driver/Modbus/docs/html/search/all_e.js
-- Up-to-date symlink: /home/user/Desktop/ur_pick/ros2_ws/install/onrobot_driver/include/onrobot_driver/Modbus/docs/html/search/all_f.js
-- Up-to-date symlink: /home/user/Desktop/ur_pick/ros2_ws/install/onrobot_driver/include/onrobot_driver/Modbus/docs/html/search/classes_0.html
-- Up-to-date symlink: /home/user/Desktop/ur_pick/ros2_ws/install/onrobot_driver/include/onrobot_driver/Modbus/docs/html/search/classes_0.js
-- Up-to-date symlink: /home/user/Desktop/ur_pick/ros2_ws/install/onrobot_driver/include/onrobot_driver/Modbus/docs/html/search/classes_1.html
-- Up-to-date symlink: /home/user/Desktop/ur_pick/ros2_ws/install/onrobot_driver/include/onrobot_driver/Modbus/docs/html/search/classes_1.js
-- Up-to-date symlink: /home/user/Desktop/ur_pick/ros2_ws/install/onrobot_driver/include/onrobot_driver/Modbus/docs/html/search/classes_2.html
-- Up-to-date symlink: /home/user/Desktop/ur_pick/ros2_ws/install/onrobot_driver/include/onrobot_driver/Modbus/docs/html/search/classes_2.js
-- Up-to-date symlink: /home/user/Desktop/ur_pick/ros2_ws/install/onrobot_driver/include/onrobot_driver/Modbus/docs/html/search/close.svg
-- Up-to-date symlink: /home/user/Desktop/ur_pick/ros2_ws/install/onrobot_driver/include/onrobot_driver/Modbus/docs/html/search/enums_0.html
-- Up-to-date symlink: /home/user/Desktop/ur_pick/ros2_ws/install/onrobot_driver/include/onrobot_driver/Modbus/docs/html/search/enums_0.js
-- Up-to-date symlink: /home/user/Desktop/ur_pick/ros2_ws/install/onrobot_driver/include/onrobot_driver/Modbus/docs/html/search/functions_0.html
-- Up-to-date symlink: /home/user/Desktop/ur_pick/ros2_ws/install/onrobot_driver/include/onrobot_driver/Modbus/docs/html/search/functions_0.js
-- Up-to-date symlink: /home/user/Desktop/ur_pick/ros2_ws/install/onrobot_driver/include/onrobot_driver/Modbus/docs/html/search/functions_1.html
-- Up-to-date symlink: /home/user/Desktop/ur_pick/ros2_ws/install/onrobot_driver/include/onrobot_driver/Modbus/docs/html/search/functions_1.js
-- Up-to-date symlink: /home/user/Desktop/ur_pick/ros2_ws/install/onrobot_driver/include/onrobot_driver/Modbus/docs/html/search/functions_2.html
-- Up-to-date symlink: /home/user/Desktop/ur_pick/ros2_ws/install/onrobot_driver/include/onrobot_driver/Modbus/docs/html/search/functions_2.js
-- Up-to-date symlink: /home/user/Desktop/ur_pick/ros2_ws/install/onrobot_driver/include/onrobot_driver/Modbus/docs/html/search/functions_3.html
-- Up-to-date symlink: /home/user/Desktop/ur_pick/ros2_ws/install/onrobot_driver/include/onrobot_driver/Modbus/docs/html/search/functions_3.js
-- Up-to-date symlink: /home/user/Desktop/ur_pick/ros2_ws/install/onrobot_driver/include/onrobot_driver/Modbus/docs/html/search/functions_4.html
-- Up-to-date symlink: /home/user/Desktop/ur_pick/ros2_ws/install/onrobot_driver/include/onrobot_driver/Modbus/docs/html/search/functions_4.js
-- Up-to-date symlink: /home/user/Desktop/ur_pick/ros2_ws/install/onrobot_driver/include/onrobot_driver/Modbus/docs/html/search/functions_5.html
-- Up-to-date symlink: /home/user/Desktop/ur_pick/ros2_ws/install/onrobot_driver/include/onrobot_driver/Modbus/docs/html/search/functions_5.js
-- Up-to-date symlink: /home/user/Desktop/ur_pick/ros2_ws/install/onrobot_driver/include/onrobot_driver/Modbus/docs/html/search/functions_6.html
-- Up-to-date symlink: /home/user/Desktop/ur_pick/ros2_ws/install/onrobot_driver/include/onrobot_driver/Modbus/docs/html/search/functions_6.js
-- Up-to-date symlink: /home/user/Desktop/ur_pick/ros2_ws/install/onrobot_driver/include/onrobot_driver/Modbus/docs/html/search/functions_7.html
-- Up-to-date symlink: /home/user/Desktop/ur_pick/ros2_ws/install/onrobot_driver/include/onrobot_driver/Modbus/docs/html/search/functions_7.js
-- Up-to-date symlink: /home/user/Desktop/ur_pick/ros2_ws/install/onrobot_driver/include/onrobot_driver/Modbus/docs/html/search/functions_8.html
-- Up-to-date symlink: /home/user/Desktop/ur_pick/ros2_ws/install/onrobot_driver/include/onrobot_driver/Modbus/docs/html/search/functions_8.js
-- Up-to-date symlink: /home/user/Desktop/ur_pick/ros2_ws/install/onrobot_driver/include/onrobot_driver/Modbus/docs/html/search/functions_9.html
-- Up-to-date symlink: /home/user/Desktop/ur_pick/ros2_ws/install/onrobot_driver/include/onrobot_driver/Modbus/docs/html/search/functions_9.js
-- Up-to-date symlink: /home/user/Desktop/ur_pick/ros2_ws/install/onrobot_driver/include/onrobot_driver/Modbus/docs/html/search/functions_a.js
-- Up-to-date symlink: /home/user/Desktop/ur_pick/ros2_ws/install/onrobot_driver/include/onrobot_driver/Modbus/docs/html/search/mag.svg
-- Up-to-date symlink: /home/user/Desktop/ur_pick/ros2_ws/install/onrobot_driver/include/onrobot_driver/Modbus/docs/html/search/mag_d.svg
-- Up-to-date symlink: /home/user/Desktop/ur_pick/ros2_ws/install/onrobot_driver/include/onrobot_driver/Modbus/docs/html/search/mag_sel.svg
-- Up-to-date symlink: /home/user/Desktop/ur_pick/ros2_ws/install/onrobot_driver/include/onrobot_driver/Modbus/docs/html/search/mag_seld.svg
-- Up-to-date symlink: /home/user/Desktop/ur_pick/ros2_ws/install/onrobot_driver/include/onrobot_driver/Modbus/docs/html/search/namespaces_0.html
-- Up-to-date symlink: /home/user/Desktop/ur_pick/ros2_ws/install/onrobot_driver/include/onrobot_driver/Modbus/docs/html/search/namespaces_0.js
-- Up-to-date symlink: /home/user/Desktop/ur_pick/ros2_ws/install/onrobot_driver/include/onrobot_driver/Modbus/docs/html/search/nomatches.html
-- Up-to-date symlink: /home/user/Desktop/ur_pick/ros2_ws/install/onrobot_driver/include/onrobot_driver/Modbus/docs/html/search/pages_0.js
-- Up-to-date symlink: /home/user/Desktop/ur_pick/ros2_ws/install/onrobot_driver/include/onrobot_driver/Modbus/docs/html/search/pages_1.js
-- Up-to-date symlink: /home/user/Desktop/ur_pick/ros2_ws/install/onrobot_driver/include/onrobot_driver/Modbus/docs/html/search/pages_2.js
-- Up-to-date symlink: /home/user/Desktop/ur_pick/ros2_ws/install/onrobot_driver/include/onrobot_driver/Modbus/docs/html/search/pages_3.js
-- Up-to-date symlink: /home/user/Desktop/ur_pick/ros2_ws/install/onrobot_driver/include/onrobot_driver/Modbus/docs/html/search/search.css
-- Up-to-date symlink: /home/user/Desktop/ur_pick/ros2_ws/install/onrobot_driver/include/onrobot_driver/Modbus/docs/html/search/search.js
-- Up-to-date symlink: /home/user/Desktop/ur_pick/ros2_ws/install/onrobot_driver/include/onrobot_driver/Modbus/docs/html/search/search_l.png
-- Up-to-date symlink: /home/user/Desktop/ur_pick/ros2_ws/install/onrobot_driver/include/onrobot_driver/Modbus/docs/html/search/search_m.png
-- Up-to-date symlink: /home/user/Desktop/ur_pick/ros2_ws/install/onrobot_driver/include/onrobot_driver/Modbus/docs/html/search/search_r.png
-- Up-to-date symlink: /home/user/Desktop/ur_pick/ros2_ws/install/onrobot_driver/include/onrobot_driver/Modbus/docs/html/search/searchdata.js
-- Up-to-date symlink: /home/user/Desktop/ur_pick/ros2_ws/install/onrobot_driver/include/onrobot_driver/Modbus/docs/html/server_8hpp_source.html
-- Up-to-date symlink: /home/user/Desktop/ur_pick/ros2_ws/install/onrobot_driver/include/onrobot_driver/Modbus/docs/html/splitbar.png
-- Up-to-date symlink: /home/user/Desktop/ur_pick/ros2_ws/install/onrobot_driver/include/onrobot_driver/Modbus/docs/html/splitbard.png
-- Up-to-date symlink: /home/user/Desktop/ur_pick/ros2_ws/install/onrobot_driver/include/onrobot_driver/Modbus/docs/html/sync_off.png
-- Up-to-date symlink: /home/user/Desktop/ur_pick/ros2_ws/install/onrobot_driver/include/onrobot_driver/Modbus/docs/html/sync_on.png
-- Up-to-date symlink: /home/user/Desktop/ur_pick/ros2_ws/install/onrobot_driver/include/onrobot_driver/Modbus/docs/html/tab_a.png
-- Up-to-date symlink: /home/user/Desktop/ur_pick/ros2_ws/install/onrobot_driver/include/onrobot_driver/Modbus/docs/html/tab_ad.png
-- Up-to-date symlink: /home/user/Desktop/ur_pick/ros2_ws/install/onrobot_driver/include/onrobot_driver/Modbus/docs/html/tab_b.png
-- Up-to-date symlink: /home/user/Desktop/ur_pick/ros2_ws/install/onrobot_driver/include/onrobot_driver/Modbus/docs/html/tab_bd.png
-- Up-to-date symlink: /home/user/Desktop/ur_pick/ros2_ws/install/onrobot_driver/include/onrobot_driver/Modbus/docs/html/tab_h.png
-- Up-to-date symlink: /home/user/Desktop/ur_pick/ros2_ws/install/onrobot_driver/include/onrobot_driver/Modbus/docs/html/tab_hd.png
-- Up-to-date symlink: /home/user/Desktop/ur_pick/ros2_ws/install/onrobot_driver/include/onrobot_driver/Modbus/docs/html/tab_s.png
-- Up-to-date symlink: /home/user/Desktop/ur_pick/ros2_ws/install/onrobot_driver/include/onrobot_driver/Modbus/docs/html/tab_sd.png
-- Up-to-date symlink: /home/user/Desktop/ur_pick/ros2_ws/install/onrobot_driver/include/onrobot_driver/Modbus/docs/html/tabs.css
-- Up-to-date symlink: /home/user/Desktop/ur_pick/ros2_ws/install/onrobot_driver/include/onrobot_driver/Modbus/example/main.cpp
-- Up-to-date symlink: /home/user/Desktop/ur_pick/ros2_ws/install/onrobot_driver/include/onrobot_driver/Modbus/include/MB/Serial/connection.hpp
-- Up-to-date symlink: /home/user/Desktop/ur_pick/ros2_ws/install/onrobot_driver/include/onrobot_driver/Modbus/include/MB/TCP/connection.hpp
-- Up-to-date symlink: /home/user/Desktop/ur_pick/ros2_ws/install/onrobot_driver/include/onrobot_driver/Modbus/include/MB/TCP/server.hpp
-- Up-to-date symlink: /home/user/Desktop/ur_pick/ros2_ws/install/onrobot_driver/include/onrobot_driver/Modbus/include/MB/crc.hpp
-- Up-to-date symlink: /home/user/Desktop/ur_pick/ros2_ws/install/onrobot_driver/include/onrobot_driver/Modbus/include/MB/modbusCell.hpp
-- Up-to-date symlink: /home/user/Desktop/ur_pick/ros2_ws/install/onrobot_driver/include/onrobot_driver/Modbus/include/MB/modbusException.hpp
-- Up-to-date symlink: /home/user/Desktop/ur_pick/ros2_ws/install/onrobot_driver/include/onrobot_driver/Modbus/include/MB/modbusRequest.hpp
-- Up-to-date symlink: /home/user/Desktop/ur_pick/ros2_ws/install/onrobot_driver/include/onrobot_driver/Modbus/include/MB/modbusResponse.hpp
-- Up-to-date symlink: /home/user/Desktop/ur_pick/ros2_ws/install/onrobot_driver/include/onrobot_driver/Modbus/include/MB/modbusUtils.hpp
-- Up-to-date symlink: /home/user/Desktop/ur_pick/ros2_ws/install/onrobot_driver/include/onrobot_driver/Modbus/reformat-all.sh
-- Up-to-date symlink: /home/user/Desktop/ur_pick/ros2_ws/install/onrobot_driver/include/onrobot_driver/Modbus/shell.nix
-- Up-to-date symlink: /home/user/Desktop/ur_pick/ros2_ws/install/onrobot_driver/include/onrobot_driver/Modbus/src/CMakeLists.txt
-- Up-to-date symlink: /home/user/Desktop/ur_pick/ros2_ws/install/onrobot_driver/include/onrobot_driver/Modbus/src/Serial/CMakeLists.txt
-- Up-to-date symlink: /home/user/Desktop/ur_pick/ros2_ws/install/onrobot_driver/include/onrobot_driver/Modbus/src/Serial/connection.cpp
-- Up-to-date symlink: /home/user/Desktop/ur_pick/ros2_ws/install/onrobot_driver/include/onrobot_driver/Modbus/src/TCP/CMakeLists.txt
-- Up-to-date symlink: /home/user/Desktop/ur_pick/ros2_ws/install/onrobot_driver/include/onrobot_driver/Modbus/src/TCP/connection.cpp
-- Up-to-date symlink: /home/user/Desktop/ur_pick/ros2_ws/install/onrobot_driver/include/onrobot_driver/Modbus/src/TCP/server.cpp
-- Up-to-date symlink: /home/user/Desktop/ur_pick/ros2_ws/install/onrobot_driver/include/onrobot_driver/Modbus/src/crc.cpp
-- Up-to-date symlink: /home/user/Desktop/ur_pick/ros2_ws/install/onrobot_driver/include/onrobot_driver/Modbus/src/modbusException.cpp
-- Up-to-date symlink: /home/user/Desktop/ur_pick/ros2_ws/install/onrobot_driver/include/onrobot_driver/Modbus/src/modbusRequest.cpp
-- Up-to-date symlink: /home/user/Desktop/ur_pick/ros2_ws/install/onrobot_driver/include/onrobot_driver/Modbus/src/modbusResponse.cpp
-- Up-to-date symlink: /home/user/Desktop/ur_pick/ros2_ws/install/onrobot_driver/include/onrobot_driver/Modbus/tests/CMakeLists.txt
-- Up-to-date symlink: /home/user/Desktop/ur_pick/ros2_ws/install/onrobot_driver/include/onrobot_driver/Modbus/tests/MB/ModbusCellTests.cpp
-- Up-to-date symlink: /home/user/Desktop/ur_pick/ros2_ws/install/onrobot_driver/include/onrobot_driver/Modbus/tests/MB/ModbusExceptionTests.cpp
-- Up-to-date symlink: /home/user/Desktop/ur_pick/ros2_ws/install/onrobot_driver/include/onrobot_driver/Modbus/tests/MB/ModbusFunctionalTests.cpp
-- Up-to-date symlink: /home/user/Desktop/ur_pick/ros2_ws/install/onrobot_driver/include/onrobot_driver/Modbus/tests/MB/ModbusRequestTests.cpp
-- Up-to-date symlink: /home/user/Desktop/ur_pick/ros2_ws/install/onrobot_driver/include/onrobot_driver/Modbus/tests/MB/ModbusResponseTests.cpp
-- Up-to-date symlink: /home/user/Desktop/ur_pick/ros2_ws/install/onrobot_driver/include/onrobot_driver/Modbus/tests/googletest/.clang-format
-- Up-to-date symlink: /home/user/Desktop/ur_pick/ros2_ws/install/onrobot_driver/include/onrobot_driver/Modbus/tests/googletest/.git
-- Up-to-date symlink: /home/user/Desktop/ur_pick/ros2_ws/install/onrobot_driver/include/onrobot_driver/Modbus/tests/googletest/.github/ISSUE_TEMPLATE/00-bug_report.md
-- Up-to-date symlink: /home/user/Desktop/ur_pick/ros2_ws/install/onrobot_driver/include/onrobot_driver/Modbus/tests/googletest/.github/ISSUE_TEMPLATE/10-feature_request.md
-- Up-to-date symlink: /home/user/Desktop/ur_pick/ros2_ws/install/onrobot_driver/include/onrobot_driver/Modbus/tests/googletest/.github/ISSUE_TEMPLATE/config.yml
-- Up-to-date symlink: /home/user/Desktop/ur_pick/ros2_ws/install/onrobot_driver/include/onrobot_driver/Modbus/tests/googletest/.github/workflows/gtest-ci.yml
-- Up-to-date symlink: /home/user/Desktop/ur_pick/ros2_ws/install/onrobot_driver/include/onrobot_driver/Modbus/tests/googletest/.gitignore
-- Up-to-date symlink: /home/user/Desktop/ur_pick/ros2_ws/install/onrobot_driver/include/onrobot_driver/Modbus/tests/googletest/BUILD.bazel
-- Up-to-date symlink: /home/user/Desktop/ur_pick/ros2_ws/install/onrobot_driver/include/onrobot_driver/Modbus/tests/googletest/CMakeLists.txt
-- Up-to-date symlink: /home/user/Desktop/ur_pick/ros2_ws/install/onrobot_driver/include/onrobot_driver/Modbus/tests/googletest/CONTRIBUTING.md
-- Up-to-date symlink: /home/user/Desktop/ur_pick/ros2_ws/install/onrobot_driver/include/onrobot_driver/Modbus/tests/googletest/CONTRIBUTORS
-- Up-to-date symlink: /home/user/Desktop/ur_pick/ros2_ws/install/onrobot_driver/include/onrobot_driver/Modbus/tests/googletest/LICENSE
-- Up-to-date symlink: /home/user/Desktop/ur_pick/ros2_ws/install/onrobot_driver/include/onrobot_driver/Modbus/tests/googletest/README.md
-- Up-to-date symlink: /home/user/Desktop/ur_pick/ros2_ws/install/onrobot_driver/include/onrobot_driver/Modbus/tests/googletest/WORKSPACE
-- Up-to-date symlink: /home/user/Desktop/ur_pick/ros2_ws/install/onrobot_driver/include/onrobot_driver/Modbus/tests/googletest/ci/linux-presubmit.sh
-- Up-to-date symlink: /home/user/Desktop/ur_pick/ros2_ws/install/onrobot_driver/include/onrobot_driver/Modbus/tests/googletest/ci/macos-presubmit.sh
-- Up-to-date symlink: /home/user/Desktop/ur_pick/ros2_ws/install/onrobot_driver/include/onrobot_driver/Modbus/tests/googletest/docs/_config.yml
-- Up-to-date symlink: /home/user/Desktop/ur_pick/ros2_ws/install/onrobot_driver/include/onrobot_driver/Modbus/tests/googletest/docs/_data/navigation.yml
-- Up-to-date symlink: /home/user/Desktop/ur_pick/ros2_ws/install/onrobot_driver/include/onrobot_driver/Modbus/tests/googletest/docs/_layouts/default.html
-- Up-to-date symlink: /home/user/Desktop/ur_pick/ros2_ws/install/onrobot_driver/include/onrobot_driver/Modbus/tests/googletest/docs/_sass/main.scss
-- Up-to-date symlink: /home/user/Desktop/ur_pick/ros2_ws/install/onrobot_driver/include/onrobot_driver/Modbus/tests/googletest/docs/advanced.md
-- Up-to-date symlink: /home/user/Desktop/ur_pick/ros2_ws/install/onrobot_driver/include/onrobot_driver/Modbus/tests/googletest/docs/assets/css/style.scss
-- Up-to-date symlink: /home/user/Desktop/ur_pick/ros2_ws/install/onrobot_driver/include/onrobot_driver/Modbus/tests/googletest/docs/community_created_documentation.md
-- Up-to-date symlink: /home/user/Desktop/ur_pick/ros2_ws/install/onrobot_driver/include/onrobot_driver/Modbus/tests/googletest/docs/faq.md
-- Up-to-date symlink: /home/user/Desktop/ur_pick/ros2_ws/install/onrobot_driver/include/onrobot_driver/Modbus/tests/googletest/docs/gmock_cheat_sheet.md
-- Up-to-date symlink: /home/user/Desktop/ur_pick/ros2_ws/install/onrobot_driver/include/onrobot_driver/Modbus/tests/googletest/docs/gmock_cook_book.md
-- Up-to-date symlink: /home/user/Desktop/ur_pick/ros2_ws/install/onrobot_driver/include/onrobot_driver/Modbus/tests/googletest/docs/gmock_faq.md
-- Up-to-date symlink: /home/user/Desktop/ur_pick/ros2_ws/install/onrobot_driver/include/onrobot_driver/Modbus/tests/googletest/docs/gmock_for_dummies.md
-- Up-to-date symlink: /home/user/Desktop/ur_pick/ros2_ws/install/onrobot_driver/include/onrobot_driver/Modbus/tests/googletest/docs/index.md
-- Up-to-date symlink: /home/user/Desktop/ur_pick/ros2_ws/install/onrobot_driver/include/onrobot_driver/Modbus/tests/googletest/docs/pkgconfig.md
-- Up-to-date symlink: /home/user/Desktop/ur_pick/ros2_ws/install/onrobot_driver/include/onrobot_driver/Modbus/tests/googletest/docs/platforms.md
-- Up-to-date symlink: /home/user/Desktop/ur_pick/ros2_ws/install/onrobot_driver/include/onrobot_driver/Modbus/tests/googletest/docs/primer.md
-- Up-to-date symlink: /home/user/Desktop/ur_pick/ros2_ws/install/onrobot_driver/include/onrobot_driver/Modbus/tests/googletest/docs/quickstart-bazel.md
-- Up-to-date symlink: /home/user/Desktop/ur_pick/ros2_ws/install/onrobot_driver/include/onrobot_driver/Modbus/tests/googletest/docs/quickstart-cmake.md
-- Up-to-date symlink: /home/user/Desktop/ur_pick/ros2_ws/install/onrobot_driver/include/onrobot_driver/Modbus/tests/googletest/docs/reference/actions.md
-- Up-to-date symlink: /home/user/Desktop/ur_pick/ros2_ws/install/onrobot_driver/include/onrobot_driver/Modbus/tests/googletest/docs/reference/assertions.md
-- Up-to-date symlink: /home/user/Desktop/ur_pick/ros2_ws/install/onrobot_driver/include/onrobot_driver/Modbus/tests/googletest/docs/reference/matchers.md
-- Up-to-date symlink: /home/user/Desktop/ur_pick/ros2_ws/install/onrobot_driver/include/onrobot_driver/Modbus/tests/googletest/docs/reference/mocking.md
-- Up-to-date symlink: /home/user/Desktop/ur_pick/ros2_ws/install/onrobot_driver/include/onrobot_driver/Modbus/tests/googletest/docs/reference/testing.md
-- Up-to-date symlink: /home/user/Desktop/ur_pick/ros2_ws/install/onrobot_driver/include/onrobot_driver/Modbus/tests/googletest/docs/samples.md
-- Up-to-date symlink: /home/user/Desktop/ur_pick/ros2_ws/install/onrobot_driver/include/onrobot_driver/Modbus/tests/googletest/googlemock/CMakeLists.txt
-- Up-to-date symlink: /home/user/Desktop/ur_pick/ros2_ws/install/onrobot_driver/include/onrobot_driver/Modbus/tests/googletest/googlemock/README.md
-- Up-to-date symlink: /home/user/Desktop/ur_pick/ros2_ws/install/onrobot_driver/include/onrobot_driver/Modbus/tests/googletest/googlemock/cmake/gmock.pc.in
-- Up-to-date symlink: /home/user/Desktop/ur_pick/ros2_ws/install/onrobot_driver/include/onrobot_driver/Modbus/tests/googletest/googlemock/cmake/gmock_main.pc.in
-- Up-to-date symlink: /home/user/Desktop/ur_pick/ros2_ws/install/onrobot_driver/include/onrobot_driver/Modbus/tests/googletest/googlemock/docs/README.md
-- Up-to-date symlink: /home/user/Desktop/ur_pick/ros2_ws/install/onrobot_driver/include/onrobot_driver/Modbus/tests/googletest/googlemock/include/gmock/gmock-actions.h
-- Up-to-date symlink: /home/user/Desktop/ur_pick/ros2_ws/install/onrobot_driver/include/onrobot_driver/Modbus/tests/googletest/googlemock/include/gmock/gmock-cardinalities.h
-- Up-to-date symlink: /home/user/Desktop/ur_pick/ros2_ws/install/onrobot_driver/include/onrobot_driver/Modbus/tests/googletest/googlemock/include/gmock/gmock-function-mocker.h
-- Up-to-date symlink: /home/user/Desktop/ur_pick/ros2_ws/install/onrobot_driver/include/onrobot_driver/Modbus/tests/googletest/googlemock/include/gmock/gmock-matchers.h
-- Up-to-date symlink: /home/user/Desktop/ur_pick/ros2_ws/install/onrobot_driver/include/onrobot_driver/Modbus/tests/googletest/googlemock/include/gmock/gmock-more-actions.h
-- Up-to-date symlink: /home/user/Desktop/ur_pick/ros2_ws/install/onrobot_driver/include/onrobot_driver/Modbus/tests/googletest/googlemock/include/gmock/gmock-more-matchers.h
-- Up-to-date symlink: /home/user/Desktop/ur_pick/ros2_ws/install/onrobot_driver/include/onrobot_driver/Modbus/tests/googletest/googlemock/include/gmock/gmock-nice-strict.h
-- Up-to-date symlink: /home/user/Desktop/ur_pick/ros2_ws/install/onrobot_driver/include/onrobot_driver/Modbus/tests/googletest/googlemock/include/gmock/gmock-spec-builders.h
-- Up-to-date symlink: /home/user/Desktop/ur_pick/ros2_ws/install/onrobot_driver/include/onrobot_driver/Modbus/tests/googletest/googlemock/include/gmock/gmock.h
-- Up-to-date symlink: /home/user/Desktop/ur_pick/ros2_ws/install/onrobot_driver/include/onrobot_driver/Modbus/tests/googletest/googlemock/include/gmock/internal/custom/README.md
-- Up-to-date symlink: /home/user/Desktop/ur_pick/ros2_ws/install/onrobot_driver/include/onrobot_driver/Modbus/tests/googletest/googlemock/include/gmock/internal/custom/gmock-generated-actions.h
-- Up-to-date symlink: /home/user/Desktop/ur_pick/ros2_ws/install/onrobot_driver/include/onrobot_driver/Modbus/tests/googletest/googlemock/include/gmock/internal/custom/gmock-matchers.h
-- Up-to-date symlink: /home/user/Desktop/ur_pick/ros2_ws/install/onrobot_driver/include/onrobot_driver/Modbus/tests/googletest/googlemock/include/gmock/internal/custom/gmock-port.h
-- Up-to-date symlink: /home/user/Desktop/ur_pick/ros2_ws/install/onrobot_driver/include/onrobot_driver/Modbus/tests/googletest/googlemock/include/gmock/internal/gmock-internal-utils.h
-- Up-to-date symlink: /home/user/Desktop/ur_pick/ros2_ws/install/onrobot_driver/include/onrobot_driver/Modbus/tests/googletest/googlemock/include/gmock/internal/gmock-port.h
-- Up-to-date symlink: /home/user/Desktop/ur_pick/ros2_ws/install/onrobot_driver/include/onrobot_driver/Modbus/tests/googletest/googlemock/include/gmock/internal/gmock-pp.h
-- Up-to-date symlink: /home/user/Desktop/ur_pick/ros2_ws/install/onrobot_driver/include/onrobot_driver/Modbus/tests/googletest/googlemock/src/gmock-all.cc
-- Up-to-date symlink: /home/user/Desktop/ur_pick/ros2_ws/install/onrobot_driver/include/onrobot_driver/Modbus/tests/googletest/googlemock/src/gmock-cardinalities.cc
-- Up-to-date symlink: /home/user/Desktop/ur_pick/ros2_ws/install/onrobot_driver/include/onrobot_driver/Modbus/tests/googletest/googlemock/src/gmock-internal-utils.cc
-- Up-to-date symlink: /home/user/Desktop/ur_pick/ros2_ws/install/onrobot_driver/include/onrobot_driver/Modbus/tests/googletest/googlemock/src/gmock-matchers.cc
-- Up-to-date symlink: /home/user/Desktop/ur_pick/ros2_ws/install/onrobot_driver/include/onrobot_driver/Modbus/tests/googletest/googlemock/src/gmock-spec-builders.cc
-- Up-to-date symlink: /home/user/Desktop/ur_pick/ros2_ws/install/onrobot_driver/include/onrobot_driver/Modbus/tests/googletest/googlemock/src/gmock.cc
-- Up-to-date symlink: /home/user/Desktop/ur_pick/ros2_ws/install/onrobot_driver/include/onrobot_driver/Modbus/tests/googletest/googlemock/src/gmock_main.cc
-- Up-to-date symlink: /home/user/Desktop/ur_pick/ros2_ws/install/onrobot_driver/include/onrobot_driver/Modbus/tests/googletest/googlemock/test/BUILD.bazel
-- Up-to-date symlink: /home/user/Desktop/ur_pick/ros2_ws/install/onrobot_driver/include/onrobot_driver/Modbus/tests/googletest/googlemock/test/gmock-actions_test.cc
-- Up-to-date symlink: /home/user/Desktop/ur_pick/ros2_ws/install/onrobot_driver/include/onrobot_driver/Modbus/tests/googletest/googlemock/test/gmock-cardinalities_test.cc
-- Up-to-date symlink: /home/user/Desktop/ur_pick/ros2_ws/install/onrobot_driver/include/onrobot_driver/Modbus/tests/googletest/googlemock/test/gmock-function-mocker_test.cc
-- Up-to-date symlink: /home/user/Desktop/ur_pick/ros2_ws/install/onrobot_driver/include/onrobot_driver/Modbus/tests/googletest/googlemock/test/gmock-internal-utils_test.cc
-- Up-to-date symlink: /home/user/Desktop/ur_pick/ros2_ws/install/onrobot_driver/include/onrobot_driver/Modbus/tests/googletest/googlemock/test/gmock-matchers-arithmetic_test.cc
-- Up-to-date symlink: /home/user/Desktop/ur_pick/ros2_ws/install/onrobot_driver/include/onrobot_driver/Modbus/tests/googletest/googlemock/test/gmock-matchers-comparisons_test.cc
-- Up-to-date symlink: /home/user/Desktop/ur_pick/ros2_ws/install/onrobot_driver/include/onrobot_driver/Modbus/tests/googletest/googlemock/test/gmock-matchers-containers_test.cc
-- Up-to-date symlink: /home/user/Desktop/ur_pick/ros2_ws/install/onrobot_driver/include/onrobot_driver/Modbus/tests/googletest/googlemock/test/gmock-matchers-misc_test.cc
-- Up-to-date symlink: /home/user/Desktop/ur_pick/ros2_ws/install/onrobot_driver/include/onrobot_driver/Modbus/tests/googletest/googlemock/test/gmock-matchers_test.h
-- Up-to-date symlink: /home/user/Desktop/ur_pick/ros2_ws/install/onrobot_driver/include/onrobot_driver/Modbus/tests/googletest/googlemock/test/gmock-more-actions_test.cc
-- Up-to-date symlink: /home/user/Desktop/ur_pick/ros2_ws/install/onrobot_driver/include/onrobot_driver/Modbus/tests/googletest/googlemock/test/gmock-nice-strict_test.cc
-- Up-to-date symlink: /home/user/Desktop/ur_pick/ros2_ws/install/onrobot_driver/include/onrobot_driver/Modbus/tests/googletest/googlemock/test/gmock-port_test.cc
-- Up-to-date symlink: /home/user/Desktop/ur_pick/ros2_ws/install/onrobot_driver/include/onrobot_driver/Modbus/tests/googletest/googlemock/test/gmock-pp-string_test.cc
-- Up-to-date symlink: /home/user/Desktop/ur_pick/ros2_ws/install/onrobot_driver/include/onrobot_driver/Modbus/tests/googletest/googlemock/test/gmock-pp_test.cc
-- Up-to-date symlink: /home/user/Desktop/ur_pick/ros2_ws/install/onrobot_driver/include/onrobot_driver/Modbus/tests/googletest/googlemock/test/gmock-spec-builders_test.cc
-- Up-to-date symlink: /home/user/Desktop/ur_pick/ros2_ws/install/onrobot_driver/include/onrobot_driver/Modbus/tests/googletest/googlemock/test/gmock_all_test.cc
-- Up-to-date symlink: /home/user/Desktop/ur_pick/ros2_ws/install/onrobot_driver/include/onrobot_driver/Modbus/tests/googletest/googlemock/test/gmock_ex_test.cc
-- Up-to-date symlink: /home/user/Desktop/ur_pick/ros2_ws/install/onrobot_driver/include/onrobot_driver/Modbus/tests/googletest/googlemock/test/gmock_leak_test.py
-- Up-to-date symlink: /home/user/Desktop/ur_pick/ros2_ws/install/onrobot_driver/include/onrobot_driver/Modbus/tests/googletest/googlemock/test/gmock_leak_test_.cc
-- Up-to-date symlink: /home/user/Desktop/ur_pick/ros2_ws/install/onrobot_driver/include/onrobot_driver/Modbus/tests/googletest/googlemock/test/gmock_link2_test.cc
-- Up-to-date symlink: /home/user/Desktop/ur_pick/ros2_ws/install/onrobot_driver/include/onrobot_driver/Modbus/tests/googletest/googlemock/test/gmock_link_test.cc
-- Up-to-date symlink: /home/user/Desktop/ur_pick/ros2_ws/install/onrobot_driver/include/onrobot_driver/Modbus/tests/googletest/googlemock/test/gmock_link_test.h
-- Up-to-date symlink: /home/user/Desktop/ur_pick/ros2_ws/install/onrobot_driver/include/onrobot_driver/Modbus/tests/googletest/googlemock/test/gmock_output_test.py
-- Up-to-date symlink: /home/user/Desktop/ur_pick/ros2_ws/install/onrobot_driver/include/onrobot_driver/Modbus/tests/googletest/googlemock/test/gmock_output_test_.cc
-- Up-to-date symlink: /home/user/Desktop/ur_pick/ros2_ws/install/onrobot_driver/include/onrobot_driver/Modbus/tests/googletest/googlemock/test/gmock_output_test_golden.txt
-- Up-to-date symlink: /home/user/Desktop/ur_pick/ros2_ws/install/onrobot_driver/include/onrobot_driver/Modbus/tests/googletest/googlemock/test/gmock_stress_test.cc
-- Up-to-date symlink: /home/user/Desktop/ur_pick/ros2_ws/install/onrobot_driver/include/onrobot_driver/Modbus/tests/googletest/googlemock/test/gmock_test.cc
-- Up-to-date symlink: /home/user/Desktop/ur_pick/ros2_ws/install/onrobot_driver/include/onrobot_driver/Modbus/tests/googletest/googlemock/test/gmock_test_utils.py
-- Up-to-date symlink: /home/user/Desktop/ur_pick/ros2_ws/install/onrobot_driver/include/onrobot_driver/Modbus/tests/googletest/googletest/CMakeLists.txt
-- Up-to-date symlink: /home/user/Desktop/ur_pick/ros2_ws/install/onrobot_driver/include/onrobot_driver/Modbus/tests/googletest/googletest/README.md
-- Up-to-date symlink: /home/user/Desktop/ur_pick/ros2_ws/install/onrobot_driver/include/onrobot_driver/Modbus/tests/googletest/googletest/cmake/Config.cmake.in
-- Up-to-date symlink: /home/user/Desktop/ur_pick/ros2_ws/install/onrobot_driver/include/onrobot_driver/Modbus/tests/googletest/googletest/cmake/gtest.pc.in
-- Up-to-date symlink: /home/user/Desktop/ur_pick/ros2_ws/install/onrobot_driver/include/onrobot_driver/Modbus/tests/googletest/googletest/cmake/gtest_main.pc.in
-- Up-to-date symlink: /home/user/Desktop/ur_pick/ros2_ws/install/onrobot_driver/include/onrobot_driver/Modbus/tests/googletest/googletest/cmake/internal_utils.cmake
-- Up-to-date symlink: /home/user/Desktop/ur_pick/ros2_ws/install/onrobot_driver/include/onrobot_driver/Modbus/tests/googletest/googletest/cmake/libgtest.la.in
-- Up-to-date symlink: /home/user/Desktop/ur_pick/ros2_ws/install/onrobot_driver/include/onrobot_driver/Modbus/tests/googletest/googletest/docs/README.md
-- Up-to-date symlink: /home/user/Desktop/ur_pick/ros2_ws/install/onrobot_driver/include/onrobot_driver/Modbus/tests/googletest/googletest/include/gtest/gtest-assertion-result.h
-- Up-to-date symlink: /home/user/Desktop/ur_pick/ros2_ws/install/onrobot_driver/include/onrobot_driver/Modbus/tests/googletest/googletest/include/gtest/gtest-death-test.h
-- Up-to-date symlink: /home/user/Desktop/ur_pick/ros2_ws/install/onrobot_driver/include/onrobot_driver/Modbus/tests/googletest/googletest/include/gtest/gtest-matchers.h
-- Up-to-date symlink: /home/user/Desktop/ur_pick/ros2_ws/install/onrobot_driver/include/onrobot_driver/Modbus/tests/googletest/googletest/include/gtest/gtest-message.h
-- Up-to-date symlink: /home/user/Desktop/ur_pick/ros2_ws/install/onrobot_driver/include/onrobot_driver/Modbus/tests/googletest/googletest/include/gtest/gtest-param-test.h
-- Up-to-date symlink: /home/user/Desktop/ur_pick/ros2_ws/install/onrobot_driver/include/onrobot_driver/Modbus/tests/googletest/googletest/include/gtest/gtest-printers.h
-- Up-to-date symlink: /home/user/Desktop/ur_pick/ros2_ws/install/onrobot_driver/include/onrobot_driver/Modbus/tests/googletest/googletest/include/gtest/gtest-spi.h
-- Up-to-date symlink: /home/user/Desktop/ur_pick/ros2_ws/install/onrobot_driver/include/onrobot_driver/Modbus/tests/googletest/googletest/include/gtest/gtest-test-part.h
-- Up-to-date symlink: /home/user/Desktop/ur_pick/ros2_ws/install/onrobot_driver/include/onrobot_driver/Modbus/tests/googletest/googletest/include/gtest/gtest-typed-test.h
-- Up-to-date symlink: /home/user/Desktop/ur_pick/ros2_ws/install/onrobot_driver/include/onrobot_driver/Modbus/tests/googletest/googletest/include/gtest/gtest.h
-- Up-to-date symlink: /home/user/Desktop/ur_pick/ros2_ws/install/onrobot_driver/include/onrobot_driver/Modbus/tests/googletest/googletest/include/gtest/gtest_pred_impl.h
-- Up-to-date symlink: /home/user/Desktop/ur_pick/ros2_ws/install/onrobot_driver/include/onrobot_driver/Modbus/tests/googletest/googletest/include/gtest/gtest_prod.h
-- Up-to-date symlink: /home/user/Desktop/ur_pick/ros2_ws/install/onrobot_driver/include/onrobot_driver/Modbus/tests/googletest/googletest/include/gtest/internal/custom/README.md
-- Up-to-date symlink: /home/user/Desktop/ur_pick/ros2_ws/install/onrobot_driver/include/onrobot_driver/Modbus/tests/googletest/googletest/include/gtest/internal/custom/gtest-port.h
-- Up-to-date symlink: /home/user/Desktop/ur_pick/ros2_ws/install/onrobot_driver/include/onrobot_driver/Modbus/tests/googletest/googletest/include/gtest/internal/custom/gtest-printers.h
-- Up-to-date symlink: /home/user/Desktop/ur_pick/ros2_ws/install/onrobot_driver/include/onrobot_driver/Modbus/tests/googletest/googletest/include/gtest/internal/custom/gtest.h
-- Up-to-date symlink: /home/user/Desktop/ur_pick/ros2_ws/install/onrobot_driver/include/onrobot_driver/Modbus/tests/googletest/googletest/include/gtest/internal/gtest-death-test-internal.h
-- Up-to-date symlink: /home/user/Desktop/ur_pick/ros2_ws/install/onrobot_driver/include/onrobot_driver/Modbus/tests/googletest/googletest/include/gtest/internal/gtest-filepath.h
-- Up-to-date symlink: /home/user/Desktop/ur_pick/ros2_ws/install/onrobot_driver/include/onrobot_driver/Modbus/tests/googletest/googletest/include/gtest/internal/gtest-internal.h
-- Up-to-date symlink: /home/user/Desktop/ur_pick/ros2_ws/install/onrobot_driver/include/onrobot_driver/Modbus/tests/googletest/googletest/include/gtest/internal/gtest-param-util.h
-- Up-to-date symlink: /home/user/Desktop/ur_pick/ros2_ws/install/onrobot_driver/include/onrobot_driver/Modbus/tests/googletest/googletest/include/gtest/internal/gtest-port-arch.h
-- Up-to-date symlink: /home/user/Desktop/ur_pick/ros2_ws/install/onrobot_driver/include/onrobot_driver/Modbus/tests/googletest/googletest/include/gtest/internal/gtest-port.h
-- Up-to-date symlink: /home/user/Desktop/ur_pick/ros2_ws/install/onrobot_driver/include/onrobot_driver/Modbus/tests/googletest/googletest/include/gtest/internal/gtest-string.h
-- Up-to-date symlink: /home/user/Desktop/ur_pick/ros2_ws/install/onrobot_driver/include/onrobot_driver/Modbus/tests/googletest/googletest/include/gtest/internal/gtest-type-util.h
-- Up-to-date symlink: /home/user/Desktop/ur_pick/ros2_ws/install/onrobot_driver/include/onrobot_driver/Modbus/tests/googletest/googletest/samples/prime_tables.h
-- Up-to-date symlink: /home/user/Desktop/ur_pick/ros2_ws/install/onrobot_driver/include/onrobot_driver/Modbus/tests/googletest/googletest/samples/sample1.cc
-- Up-to-date symlink: /home/user/Desktop/ur_pick/ros2_ws/install/onrobot_driver/include/onrobot_driver/Modbus/tests/googletest/googletest/samples/sample1.h
-- Up-to-date symlink: /home/user/Desktop/ur_pick/ros2_ws/install/onrobot_driver/include/onrobot_driver/Modbus/tests/googletest/googletest/samples/sample10_unittest.cc
-- Up-to-date symlink: /home/user/Desktop/ur_pick/ros2_ws/install/onrobot_driver/include/onrobot_driver/Modbus/tests/googletest/googletest/samples/sample1_unittest.cc
-- Up-to-date symlink: /home/user/Desktop/ur_pick/ros2_ws/install/onrobot_driver/include/onrobot_driver/Modbus/tests/googletest/googletest/samples/sample2.cc
-- Up-to-date symlink: /home/user/Desktop/ur_pick/ros2_ws/install/onrobot_driver/include/onrobot_driver/Modbus/tests/googletest/googletest/samples/sample2.h
-- Up-to-date symlink: /home/user/Desktop/ur_pick/ros2_ws/install/onrobot_driver/include/onrobot_driver/Modbus/tests/googletest/googletest/samples/sample2_unittest.cc
-- Up-to-date symlink: /home/user/Desktop/ur_pick/ros2_ws/install/onrobot_driver/include/onrobot_driver/Modbus/tests/googletest/googletest/samples/sample3-inl.h
-- Up-to-date symlink: /home/user/Desktop/ur_pick/ros2_ws/install/onrobot_driver/include/onrobot_driver/Modbus/tests/googletest/googletest/samples/sample3_unittest.cc
-- Up-to-date symlink: /home/user/Desktop/ur_pick/ros2_ws/install/onrobot_driver/include/onrobot_driver/Modbus/tests/googletest/googletest/samples/sample4.cc
-- Up-to-date symlink: /home/user/Desktop/ur_pick/ros2_ws/install/onrobot_driver/include/onrobot_driver/Modbus/tests/googletest/googletest/samples/sample4.h
-- Up-to-date symlink: /home/user/Desktop/ur_pick/ros2_ws/install/onrobot_driver/include/onrobot_driver/Modbus/tests/googletest/googletest/samples/sample4_unittest.cc
-- Up-to-date symlink: /home/user/Desktop/ur_pick/ros2_ws/install/onrobot_driver/include/onrobot_driver/Modbus/tests/googletest/googletest/samples/sample5_unittest.cc
-- Up-to-date symlink: /home/user/Desktop/ur_pick/ros2_ws/install/onrobot_driver/include/onrobot_driver/Modbus/tests/googletest/googletest/samples/sample6_unittest.cc
-- Up-to-date symlink: /home/user/Desktop/ur_pick/ros2_ws/install/onrobot_driver/include/onrobot_driver/Modbus/tests/googletest/googletest/samples/sample7_unittest.cc
-- Up-to-date symlink: /home/user/Desktop/ur_pick/ros2_ws/install/onrobot_driver/include/onrobot_driver/Modbus/tests/googletest/googletest/samples/sample8_unittest.cc
-- Up-to-date symlink: /home/user/Desktop/ur_pick/ros2_ws/install/onrobot_driver/include/onrobot_driver/Modbus/tests/googletest/googletest/samples/sample9_unittest.cc
-- Up-to-date symlink: /home/user/Desktop/ur_pick/ros2_ws/install/onrobot_driver/include/onrobot_driver/Modbus/tests/googletest/googletest/src/gtest-all.cc
-- Up-to-date symlink: /home/user/Desktop/ur_pick/ros2_ws/install/onrobot_driver/include/onrobot_driver/Modbus/tests/googletest/googletest/src/gtest-assertion-result.cc
-- Up-to-date symlink: /home/user/Desktop/ur_pick/ros2_ws/install/onrobot_driver/include/onrobot_driver/Modbus/tests/googletest/googletest/src/gtest-death-test.cc
-- Up-to-date symlink: /home/user/Desktop/ur_pick/ros2_ws/install/onrobot_driver/include/onrobot_driver/Modbus/tests/googletest/googletest/src/gtest-filepath.cc
-- Up-to-date symlink: /home/user/Desktop/ur_pick/ros2_ws/install/onrobot_driver/include/onrobot_driver/Modbus/tests/googletest/googletest/src/gtest-internal-inl.h
-- Up-to-date symlink: /home/user/Desktop/ur_pick/ros2_ws/install/onrobot_driver/include/onrobot_driver/Modbus/tests/googletest/googletest/src/gtest-matchers.cc
-- Up-to-date symlink: /home/user/Desktop/ur_pick/ros2_ws/install/onrobot_driver/include/onrobot_driver/Modbus/tests/googletest/googletest/src/gtest-port.cc
-- Up-to-date symlink: /home/user/Desktop/ur_pick/ros2_ws/install/onrobot_driver/include/onrobot_driver/Modbus/tests/googletest/googletest/src/gtest-printers.cc
-- Up-to-date symlink: /home/user/Desktop/ur_pick/ros2_ws/install/onrobot_driver/include/onrobot_driver/Modbus/tests/googletest/googletest/src/gtest-test-part.cc
-- Up-to-date symlink: /home/user/Desktop/ur_pick/ros2_ws/install/onrobot_driver/include/onrobot_driver/Modbus/tests/googletest/googletest/src/gtest-typed-test.cc
-- Up-to-date symlink: /home/user/Desktop/ur_pick/ros2_ws/install/onrobot_driver/include/onrobot_driver/Modbus/tests/googletest/googletest/src/gtest.cc
-- Up-to-date symlink: /home/user/Desktop/ur_pick/ros2_ws/install/onrobot_driver/include/onrobot_driver/Modbus/tests/googletest/googletest/src/gtest_main.cc
-- Up-to-date symlink: /home/user/Desktop/ur_pick/ros2_ws/install/onrobot_driver/include/onrobot_driver/Modbus/tests/googletest/googletest/test/BUILD.bazel
-- Up-to-date symlink: /home/user/Desktop/ur_pick/ros2_ws/install/onrobot_driver/include/onrobot_driver/Modbus/tests/googletest/googletest/test/googletest-break-on-failure-unittest.py
-- Up-to-date symlink: /home/user/Desktop/ur_pick/ros2_ws/install/onrobot_driver/include/onrobot_driver/Modbus/tests/googletest/googletest/test/googletest-break-on-failure-unittest_.cc
-- Up-to-date symlink: /home/user/Desktop/ur_pick/ros2_ws/install/onrobot_driver/include/onrobot_driver/Modbus/tests/googletest/googletest/test/googletest-catch-exceptions-test.py
-- Up-to-date symlink: /home/user/Desktop/ur_pick/ros2_ws/install/onrobot_driver/include/onrobot_driver/Modbus/tests/googletest/googletest/test/googletest-catch-exceptions-test_.cc
-- Up-to-date symlink: /home/user/Desktop/ur_pick/ros2_ws/install/onrobot_driver/include/onrobot_driver/Modbus/tests/googletest/googletest/test/googletest-color-test.py
-- Up-to-date symlink: /home/user/Desktop/ur_pick/ros2_ws/install/onrobot_driver/include/onrobot_driver/Modbus/tests/googletest/googletest/test/googletest-color-test_.cc
-- Up-to-date symlink: /home/user/Desktop/ur_pick/ros2_ws/install/onrobot_driver/include/onrobot_driver/Modbus/tests/googletest/googletest/test/googletest-death-test-test.cc
-- Up-to-date symlink: /home/user/Desktop/ur_pick/ros2_ws/install/onrobot_driver/include/onrobot_driver/Modbus/tests/googletest/googletest/test/googletest-death-test_ex_test.cc
-- Up-to-date symlink: /home/user/Desktop/ur_pick/ros2_ws/install/onrobot_driver/include/onrobot_driver/Modbus/tests/googletest/googletest/test/googletest-env-var-test.py
-- Up-to-date symlink: /home/user/Desktop/ur_pick/ros2_ws/install/onrobot_driver/include/onrobot_driver/Modbus/tests/googletest/googletest/test/googletest-env-var-test_.cc
-- Up-to-date symlink: /home/user/Desktop/ur_pick/ros2_ws/install/onrobot_driver/include/onrobot_driver/Modbus/tests/googletest/googletest/test/googletest-failfast-unittest.py
-- Up-to-date symlink: /home/user/Desktop/ur_pick/ros2_ws/install/onrobot_driver/include/onrobot_driver/Modbus/tests/googletest/googletest/test/googletest-failfast-unittest_.cc
-- Up-to-date symlink: /home/user/Desktop/ur_pick/ros2_ws/install/onrobot_driver/include/onrobot_driver/Modbus/tests/googletest/googletest/test/googletest-filepath-test.cc
-- Up-to-date symlink: /home/user/Desktop/ur_pick/ros2_ws/install/onrobot_driver/include/onrobot_driver/Modbus/tests/googletest/googletest/test/googletest-filter-unittest.py
-- Up-to-date symlink: /home/user/Desktop/ur_pick/ros2_ws/install/onrobot_driver/include/onrobot_driver/Modbus/tests/googletest/googletest/test/googletest-filter-unittest_.cc
-- Up-to-date symlink: /home/user/Desktop/ur_pick/ros2_ws/install/onrobot_driver/include/onrobot_driver/Modbus/tests/googletest/googletest/test/googletest-global-environment-unittest.py
-- Up-to-date symlink: /home/user/Desktop/ur_pick/ros2_ws/install/onrobot_driver/include/onrobot_driver/Modbus/tests/googletest/googletest/test/googletest-global-environment-unittest_.cc
-- Up-to-date symlink: /home/user/Desktop/ur_pick/ros2_ws/install/onrobot_driver/include/onrobot_driver/Modbus/tests/googletest/googletest/test/googletest-json-outfiles-test.py
-- Up-to-date symlink: /home/user/Desktop/ur_pick/ros2_ws/install/onrobot_driver/include/onrobot_driver/Modbus/tests/googletest/googletest/test/googletest-json-output-unittest.py
-- Up-to-date symlink: /home/user/Desktop/ur_pick/ros2_ws/install/onrobot_driver/include/onrobot_driver/Modbus/tests/googletest/googletest/test/googletest-list-tests-unittest.py
-- Up-to-date symlink: /home/user/Desktop/ur_pick/ros2_ws/install/onrobot_driver/include/onrobot_driver/Modbus/tests/googletest/googletest/test/googletest-list-tests-unittest_.cc
-- Up-to-date symlink: /home/user/Desktop/ur_pick/ros2_ws/install/onrobot_driver/include/onrobot_driver/Modbus/tests/googletest/googletest/test/googletest-listener-test.cc
-- Up-to-date symlink: /home/user/Desktop/ur_pick/ros2_ws/install/onrobot_driver/include/onrobot_driver/Modbus/tests/googletest/googletest/test/googletest-message-test.cc
-- Up-to-date symlink: /home/user/Desktop/ur_pick/ros2_ws/install/onrobot_driver/include/onrobot_driver/Modbus/tests/googletest/googletest/test/googletest-options-test.cc
-- Up-to-date symlink: /home/user/Desktop/ur_pick/ros2_ws/install/onrobot_driver/include/onrobot_driver/Modbus/tests/googletest/googletest/test/googletest-output-test-golden-lin.txt
-- Up-to-date symlink: /home/user/Desktop/ur_pick/ros2_ws/install/onrobot_driver/include/onrobot_driver/Modbus/tests/googletest/googletest/test/googletest-output-test.py
-- Up-to-date symlink: /home/user/Desktop/ur_pick/ros2_ws/install/onrobot_driver/include/onrobot_driver/Modbus/tests/googletest/googletest/test/googletest-output-test_.cc
-- Up-to-date symlink: /home/user/Desktop/ur_pick/ros2_ws/install/onrobot_driver/include/onrobot_driver/Modbus/tests/googletest/googletest/test/googletest-param-test-invalid-name1-test.py
-- Up-to-date symlink: /home/user/Desktop/ur_pick/ros2_ws/install/onrobot_driver/include/onrobot_driver/Modbus/tests/googletest/googletest/test/googletest-param-test-invalid-name1-test_.cc
-- Up-to-date symlink: /home/user/Desktop/ur_pick/ros2_ws/install/onrobot_driver/include/onrobot_driver/Modbus/tests/googletest/googletest/test/googletest-param-test-invalid-name2-test.py
-- Up-to-date symlink: /home/user/Desktop/ur_pick/ros2_ws/install/onrobot_driver/include/onrobot_driver/Modbus/tests/googletest/googletest/test/googletest-param-test-invalid-name2-test_.cc
-- Up-to-date symlink: /home/user/Desktop/ur_pick/ros2_ws/install/onrobot_driver/include/onrobot_driver/Modbus/tests/googletest/googletest/test/googletest-param-test-test.cc
-- Up-to-date symlink: /home/user/Desktop/ur_pick/ros2_ws/install/onrobot_driver/include/onrobot_driver/Modbus/tests/googletest/googletest/test/googletest-param-test-test.h
-- Up-to-date symlink: /home/user/Desktop/ur_pick/ros2_ws/install/onrobot_driver/include/onrobot_driver/Modbus/tests/googletest/googletest/test/googletest-param-test2-test.cc
-- Up-to-date symlink: /home/user/Desktop/ur_pick/ros2_ws/install/onrobot_driver/include/onrobot_driver/Modbus/tests/googletest/googletest/test/googletest-port-test.cc
-- Up-to-date symlink: /home/user/Desktop/ur_pick/ros2_ws/install/onrobot_driver/include/onrobot_driver/Modbus/tests/googletest/googletest/test/googletest-printers-test.cc
-- Up-to-date symlink: /home/user/Desktop/ur_pick/ros2_ws/install/onrobot_driver/include/onrobot_driver/Modbus/tests/googletest/googletest/test/googletest-setuptestsuite-test.py
-- Up-to-date symlink: /home/user/Desktop/ur_pick/ros2_ws/install/onrobot_driver/include/onrobot_driver/Modbus/tests/googletest/googletest/test/googletest-setuptestsuite-test_.cc
-- Up-to-date symlink: /home/user/Desktop/ur_pick/ros2_ws/install/onrobot_driver/include/onrobot_driver/Modbus/tests/googletest/googletest/test/googletest-shuffle-test.py
-- Up-to-date symlink: /home/user/Desktop/ur_pick/ros2_ws/install/onrobot_driver/include/onrobot_driver/Modbus/tests/googletest/googletest/test/googletest-shuffle-test_.cc
-- Up-to-date symlink: /home/user/Desktop/ur_pick/ros2_ws/install/onrobot_driver/include/onrobot_driver/Modbus/tests/googletest/googletest/test/googletest-test-part-test.cc
-- Up-to-date symlink: /home/user/Desktop/ur_pick/ros2_ws/install/onrobot_driver/include/onrobot_driver/Modbus/tests/googletest/googletest/test/googletest-throw-on-failure-test.py
-- Up-to-date symlink: /home/user/Desktop/ur_pick/ros2_ws/install/onrobot_driver/include/onrobot_driver/Modbus/tests/googletest/googletest/test/googletest-throw-on-failure-test_.cc
-- Up-to-date symlink: /home/user/Desktop/ur_pick/ros2_ws/install/onrobot_driver/include/onrobot_driver/Modbus/tests/googletest/googletest/test/googletest-uninitialized-test.py
-- Up-to-date symlink: /home/user/Desktop/ur_pick/ros2_ws/install/onrobot_driver/include/onrobot_driver/Modbus/tests/googletest/googletest/test/googletest-uninitialized-test_.cc
-- Up-to-date symlink: /home/user/Desktop/ur_pick/ros2_ws/install/onrobot_driver/include/onrobot_driver/Modbus/tests/googletest/googletest/test/gtest-typed-test2_test.cc
-- Up-to-date symlink: /home/user/Desktop/ur_pick/ros2_ws/install/onrobot_driver/include/onrobot_driver/Modbus/tests/googletest/googletest/test/gtest-typed-test_test.cc
-- Up-to-date symlink: /home/user/Desktop/ur_pick/ros2_ws/install/onrobot_driver/include/onrobot_driver/Modbus/tests/googletest/googletest/test/gtest-typed-test_test.h
-- Up-to-date symlink: /home/user/Desktop/ur_pick/ros2_ws/install/onrobot_driver/include/onrobot_driver/Modbus/tests/googletest/googletest/test/gtest-unittest-api_test.cc
-- Up-to-date symlink: /home/user/Desktop/ur_pick/ros2_ws/install/onrobot_driver/include/onrobot_driver/Modbus/tests/googletest/googletest/test/gtest_all_test.cc
-- Up-to-date symlink: /home/user/Desktop/ur_pick/ros2_ws/install/onrobot_driver/include/onrobot_driver/Modbus/tests/googletest/googletest/test/gtest_assert_by_exception_test.cc
-- Up-to-date symlink: /home/user/Desktop/ur_pick/ros2_ws/install/onrobot_driver/include/onrobot_driver/Modbus/tests/googletest/googletest/test/gtest_environment_test.cc
-- Up-to-date symlink: /home/user/Desktop/ur_pick/ros2_ws/install/onrobot_driver/include/onrobot_driver/Modbus/tests/googletest/googletest/test/gtest_help_test.py
-- Up-to-date symlink: /home/user/Desktop/ur_pick/ros2_ws/install/onrobot_driver/include/onrobot_driver/Modbus/tests/googletest/googletest/test/gtest_help_test_.cc
-- Up-to-date symlink: /home/user/Desktop/ur_pick/ros2_ws/install/onrobot_driver/include/onrobot_driver/Modbus/tests/googletest/googletest/test/gtest_json_test_utils.py
-- Up-to-date symlink: /home/user/Desktop/ur_pick/ros2_ws/install/onrobot_driver/include/onrobot_driver/Modbus/tests/googletest/googletest/test/gtest_list_output_unittest.py
-- Up-to-date symlink: /home/user/Desktop/ur_pick/ros2_ws/install/onrobot_driver/include/onrobot_driver/Modbus/tests/googletest/googletest/test/gtest_list_output_unittest_.cc
-- Up-to-date symlink: /home/user/Desktop/ur_pick/ros2_ws/install/onrobot_driver/include/onrobot_driver/Modbus/tests/googletest/googletest/test/gtest_main_unittest.cc
-- Up-to-date symlink: /home/user/Desktop/ur_pick/ros2_ws/install/onrobot_driver/include/onrobot_driver/Modbus/tests/googletest/googletest/test/gtest_no_test_unittest.cc
-- Up-to-date symlink: /home/user/Desktop/ur_pick/ros2_ws/install/onrobot_driver/include/onrobot_driver/Modbus/tests/googletest/googletest/test/gtest_pred_impl_unittest.cc
-- Up-to-date symlink: /home/user/Desktop/ur_pick/ros2_ws/install/onrobot_driver/include/onrobot_driver/Modbus/tests/googletest/googletest/test/gtest_premature_exit_test.cc
-- Up-to-date symlink: /home/user/Desktop/ur_pick/ros2_ws/install/onrobot_driver/include/onrobot_driver/Modbus/tests/googletest/googletest/test/gtest_prod_test.cc
-- Up-to-date symlink: /home/user/Desktop/ur_pick/ros2_ws/install/onrobot_driver/include/onrobot_driver/Modbus/tests/googletest/googletest/test/gtest_repeat_test.cc
-- Up-to-date symlink: /home/user/Desktop/ur_pick/ros2_ws/install/onrobot_driver/include/onrobot_driver/Modbus/tests/googletest/googletest/test/gtest_skip_check_output_test.py
-- Up-to-date symlink: /home/user/Desktop/ur_pick/ros2_ws/install/onrobot_driver/include/onrobot_driver/Modbus/tests/googletest/googletest/test/gtest_skip_environment_check_output_test.py
-- Up-to-date symlink: /home/user/Desktop/ur_pick/ros2_ws/install/onrobot_driver/include/onrobot_driver/Modbus/tests/googletest/googletest/test/gtest_skip_in_environment_setup_test.cc
-- Up-to-date symlink: /home/user/Desktop/ur_pick/ros2_ws/install/onrobot_driver/include/onrobot_driver/Modbus/tests/googletest/googletest/test/gtest_skip_test.cc
-- Up-to-date symlink: /home/user/Desktop/ur_pick/ros2_ws/install/onrobot_driver/include/onrobot_driver/Modbus/tests/googletest/googletest/test/gtest_sole_header_test.cc
-- Up-to-date symlink: /home/user/Desktop/ur_pick/ros2_ws/install/onrobot_driver/include/onrobot_driver/Modbus/tests/googletest/googletest/test/gtest_stress_test.cc
-- Up-to-date symlink: /home/user/Desktop/ur_pick/ros2_ws/install/onrobot_driver/include/onrobot_driver/Modbus/tests/googletest/googletest/test/gtest_test_macro_stack_footprint_test.cc
-- Up-to-date symlink: /home/user/Desktop/ur_pick/ros2_ws/install/onrobot_driver/include/onrobot_driver/Modbus/tests/googletest/googletest/test/gtest_test_utils.py
-- Up-to-date symlink: /home/user/Desktop/ur_pick/ros2_ws/install/onrobot_driver/include/onrobot_driver/Modbus/tests/googletest/googletest/test/gtest_testbridge_test.py
-- Up-to-date symlink: /home/user/Desktop/ur_pick/ros2_ws/install/onrobot_driver/include/onrobot_driver/Modbus/tests/googletest/googletest/test/gtest_testbridge_test_.cc
-- Up-to-date symlink: /home/user/Desktop/ur_pick/ros2_ws/install/onrobot_driver/include/onrobot_driver/Modbus/tests/googletest/googletest/test/gtest_throw_on_failure_ex_test.cc
-- Up-to-date symlink: /home/user/Desktop/ur_pick/ros2_ws/install/onrobot_driver/include/onrobot_driver/Modbus/tests/googletest/googletest/test/gtest_unittest.cc
-- Up-to-date symlink: /home/user/Desktop/ur_pick/ros2_ws/install/onrobot_driver/include/onrobot_driver/Modbus/tests/googletest/googletest/test/gtest_xml_outfile1_test_.cc
-- Up-to-date symlink: /home/user/Desktop/ur_pick/ros2_ws/install/onrobot_driver/include/onrobot_driver/Modbus/tests/googletest/googletest/test/gtest_xml_outfile2_test_.cc
-- Up-to-date symlink: /home/user/Desktop/ur_pick/ros2_ws/install/onrobot_driver/include/onrobot_driver/Modbus/tests/googletest/googletest/test/gtest_xml_outfiles_test.py
-- Up-to-date symlink: /home/user/Desktop/ur_pick/ros2_ws/install/onrobot_driver/include/onrobot_driver/Modbus/tests/googletest/googletest/test/gtest_xml_output_unittest.py
-- Up-to-date symlink: /home/user/Desktop/ur_pick/ros2_ws/install/onrobot_driver/include/onrobot_driver/Modbus/tests/googletest/googletest/test/gtest_xml_output_unittest_.cc
-- Up-to-date symlink: /home/user/Desktop/ur_pick/ros2_ws/install/onrobot_driver/include/onrobot_driver/Modbus/tests/googletest/googletest/test/gtest_xml_test_utils.py
-- Up-to-date symlink: /home/user/Desktop/ur_pick/ros2_ws/install/onrobot_driver/include/onrobot_driver/Modbus/tests/googletest/googletest/test/production.cc
-- Up-to-date symlink: /home/user/Desktop/ur_pick/ros2_ws/install/onrobot_driver/include/onrobot_driver/Modbus/tests/googletest/googletest/test/production.h
-- Up-to-date symlink: /home/user/Desktop/ur_pick/ros2_ws/install/onrobot_driver/include/onrobot_driver/Modbus/tests/main.cpp
-- Up-to-date symlink: /home/user/Desktop/ur_pick/ros2_ws/install/onrobot_driver/include/onrobot_driver/RG.hpp
-- Up-to-date symlink: /home/user/Desktop/ur_pick/ros2_ws/install/onrobot_driver/include/onrobot_driver/SerialConnectionWrapper.hpp
-- Up-to-date symlink: /home/user/Desktop/ur_pick/ros2_ws/install/onrobot_driver/include/onrobot_driver/TCPConnectionWrapper.hpp
-- Up-to-date symlink: /home/user/Desktop/ur_pick/ros2_ws/install/onrobot_driver/include/onrobot_driver/rg_hardware_interface.hpp
-- Up-to-date symlink: /home/user/Desktop/ur_pick/ros2_ws/install/onrobot_driver/share/onrobot_driver/launch/onrobot_control.launch.py
-- Up-to-date symlink: /home/user/Desktop/ur_pick/ros2_ws/install/onrobot_driver/share/onrobot_driver/config/rg_controllers.yaml
-- Up-to-date symlink: /home/user/Desktop/ur_pick/ros2_ws/install/onrobot_driver/share/ament_index/resource_index/package_run_dependencies/onrobot_driver
-- Up-to-date symlink: /home/user/Desktop/ur_pick/ros2_ws/install/onrobot_driver/share/ament_index/resource_index/parent_prefix_path/onrobot_driver
-- Up-to-date symlink: /home/user/Desktop/ur_pick/ros2_ws/install/onrobot_driver/share/onrobot_driver/environment/ament_prefix_path.sh
-- Up-to-date symlink: /home/user/Desktop/ur_pick/ros2_ws/install/onrobot_driver/share/onrobot_driver/environment/ament_prefix_path.dsv
-- Up-to-date symlink: /home/user/Desktop/ur_pick/ros2_ws/install/onrobot_driver/share/onrobot_driver/environment/path.sh
-- Up-to-date symlink: /home/user/Desktop/ur_pick/ros2_ws/install/onrobot_driver/share/onrobot_driver/environment/path.dsv
-- Up-to-date symlink: /home/user/Desktop/ur_pick/ros2_ws/install/onrobot_driver/share/onrobot_driver/local_setup.bash
-- Up-to-date symlink: /home/user/Desktop/ur_pick/ros2_ws/install/onrobot_driver/share/onrobot_driver/local_setup.sh
-- Up-to-date symlink: /home/user/Desktop/ur_pick/ros2_ws/install/onrobot_driver/share/onrobot_driver/local_setup.zsh
-- Up-to-date symlink: /home/user/Desktop/ur_pick/ros2_ws/install/onrobot_driver/share/onrobot_driver/local_setup.dsv
-- Symlinking: /home/user/Desktop/ur_pick/ros2_ws/install/onrobot_driver/share/onrobot_driver/package.dsv
-- Up-to-date symlink: /home/user/Desktop/ur_pick/ros2_ws/install/onrobot_driver/share/ament_index/resource_index/packages/onrobot_driver
-- Up-to-date symlink: /home/user/Desktop/ur_pick/ros2_ws/install/onrobot_driver/share/ament_index/resource_index/hardware_interface__pluginlib__plugin/onrobot_driver
-- Up-to-date symlink: /home/user/Desktop/ur_pick/ros2_ws/install/onrobot_driver/share/onrobot_driver/cmake/ament_cmake_export_include_directories-extras.cmake
-- Up-to-date symlink: /home/user/Desktop/ur_pick/ros2_ws/install/onrobot_driver/share/onrobot_driver/cmake/ament_cmake_export_libraries-extras.cmake
-- Up-to-date symlink: /home/user/Desktop/ur_pick/ros2_ws/install/onrobot_driver/share/onrobot_driver/cmake/ament_cmake_export_dependencies-extras.cmake
-- Up-to-date symlink: /home/user/Desktop/ur_pick/ros2_ws/install/onrobot_driver/share/onrobot_driver/cmake/onrobot_driverConfig.cmake
-- Up-to-date symlink: /home/user/Desktop/ur_pick/ros2_ws/install/onrobot_driver/share/onrobot_driver/cmake/onrobot_driverConfig-version.cmake
-- Up-to-date symlink: /home/user/Desktop/ur_pick/ros2_ws/install/onrobot_driver/share/onrobot_driver/package.xml
