[0.011s] Invoking command in '/home/user/Desktop/ur_pick/ros2_ws/build/onrobot_driver': AMENT_PREFIX_PATH=/home/user/Desktop/ur_pick/ros2_ws/install/onrobot_description:${AMENT_PREFIX_PATH} CMAKE_PREFIX_PATH=/home/user/Desktop/ur_pick/ros2_ws/install/onrobot_description:/opt/ros/humble /usr/bin/cmake --build /home/user/Desktop/ur_pick/ros2_ws/build/onrobot_driver -- -j15 -l15
[0.087s] [ 35%] Built target Modbus_Core
[0.125s] [ 71%] Built target Modbus_TCP
[0.125s] [ 57%] Built target Modbus_Serial
[0.157s] [ 78%] Built target Modbus
[0.201s] [100%] Built target onrobot_driver_plugin
[0.217s] Invoked command in '/home/user/Desktop/ur_pick/ros2_ws/build/onrobot_driver' returned '0': AMENT_PREFIX_PATH=/home/user/Desktop/ur_pick/ros2_ws/install/onrobot_description:${AMENT_PREFIX_PATH} CMAKE_PREFIX_PATH=/home/user/Desktop/ur_pick/ros2_ws/install/onrobot_description:/opt/ros/humble /usr/bin/cmake --build /home/user/Desktop/ur_pick/ros2_ws/build/onrobot_driver -- -j15 -l15
[0.219s] Invoking command in '/home/user/Desktop/ur_pick/ros2_ws/build/onrobot_driver': AMENT_PREFIX_PATH=/home/user/Desktop/ur_pick/ros2_ws/install/onrobot_description:${AMENT_PREFIX_PATH} CMAKE_PREFIX_PATH=/home/user/Desktop/ur_pick/ros2_ws/install/onrobot_description:/opt/ros/humble /usr/bin/cmake --install /home/user/Desktop/ur_pick/ros2_ws/build/onrobot_driver
[0.229s] -- Install configuration: ""
[0.230s] -- Execute custom install script
[0.230s] -- Up-to-date symlink: /home/user/Desktop/ur_pick/ros2_ws/install/onrobot_driver/share/onrobot_driver//rg_hardware_interface.xml
[0.230s] -- Up-to-date symlink: /home/user/Desktop/ur_pick/ros2_ws/install/onrobot_driver/lib/libonrobot_driver_plugin.so
[0.238s] -- Up-to-date symlink: /home/user/Desktop/ur_pick/ros2_ws/install/onrobot_driver/include/onrobot_driver/IModbusConnection.hpp
[0.238s] -- Up-to-date symlink: /home/user/Desktop/ur_pick/ros2_ws/install/onrobot_driver/include/onrobot_driver/Modbus/.clang-format
[0.238s] -- Up-to-date symlink: /home/user/Desktop/ur_pick/ros2_ws/install/onrobot_driver/include/onrobot_driver/Modbus/.git
[0.238s] -- Up-to-date symlink: /home/user/Desktop/ur_pick/ros2_ws/install/onrobot_driver/include/onrobot_driver/Modbus/.github/workflows/clang-format.yml
[0.239s] -- Up-to-date symlink: /home/user/Desktop/ur_pick/ros2_ws/install/onrobot_driver/include/onrobot_driver/Modbus/.github/workflows/cmake-multi-platform.yml
[0.239s] -- Up-to-date symlink: /home/user/Desktop/ur_pick/ros2_ws/install/onrobot_driver/include/onrobot_driver/Modbus/.gitignore
[0.239s] -- Up-to-date symlink: /home/user/Desktop/ur_pick/ros2_ws/install/onrobot_driver/include/onrobot_driver/Modbus/.gitmodules
[0.239s] -- Up-to-date symlink: /home/user/Desktop/ur_pick/ros2_ws/install/onrobot_driver/include/onrobot_driver/Modbus/CMakeLists.txt
[0.239s] -- Up-to-date symlink: /home/user/Desktop/ur_pick/ros2_ws/install/onrobot_driver/include/onrobot_driver/Modbus/Doxyfile
[0.239s] -- Up-to-date symlink: /home/user/Desktop/ur_pick/ros2_ws/install/onrobot_driver/include/onrobot_driver/Modbus/LICENSE
[0.239s] -- Up-to-date symlink: /home/user/Desktop/ur_pick/ros2_ws/install/onrobot_driver/include/onrobot_driver/Modbus/README.md
[0.239s] -- Up-to-date symlink: /home/user/Desktop/ur_pick/ros2_ws/install/onrobot_driver/include/onrobot_driver/Modbus/docs/html/Serial_2connection_8hpp_source.html
[0.240s] -- Up-to-date symlink: /home/user/Desktop/ur_pick/ros2_ws/install/onrobot_driver/include/onrobot_driver/Modbus/docs/html/TCP_2connection_8hpp_source.html
[0.240s] -- Up-to-date symlink: /home/user/Desktop/ur_pick/ros2_ws/install/onrobot_driver/include/onrobot_driver/Modbus/docs/html/annotated.html
[0.240s] -- Up-to-date symlink: /home/user/Desktop/ur_pick/ros2_ws/install/onrobot_driver/include/onrobot_driver/Modbus/docs/html/bc_s.png
[0.240s] -- Up-to-date symlink: /home/user/Desktop/ur_pick/ros2_ws/install/onrobot_driver/include/onrobot_driver/Modbus/docs/html/bc_sd.png
[0.240s] -- Up-to-date symlink: /home/user/Desktop/ur_pick/ros2_ws/install/onrobot_driver/include/onrobot_driver/Modbus/docs/html/bdwn.png
[0.240s] -- Up-to-date symlink: /home/user/Desktop/ur_pick/ros2_ws/install/onrobot_driver/include/onrobot_driver/Modbus/docs/html/classMB_1_1ModbusCell-members.html
[0.241s] -- Up-to-date symlink: /home/user/Desktop/ur_pick/ros2_ws/install/onrobot_driver/include/onrobot_driver/Modbus/docs/html/classMB_1_1ModbusCell.html
[0.241s] -- Up-to-date symlink: /home/user/Desktop/ur_pick/ros2_ws/install/onrobot_driver/include/onrobot_driver/Modbus/docs/html/classMB_1_1ModbusException-members.html
[0.241s] -- Up-to-date symlink: /home/user/Desktop/ur_pick/ros2_ws/install/onrobot_driver/include/onrobot_driver/Modbus/docs/html/classMB_1_1ModbusException.html
[0.241s] -- Up-to-date symlink: /home/user/Desktop/ur_pick/ros2_ws/install/onrobot_driver/include/onrobot_driver/Modbus/docs/html/classMB_1_1ModbusException.png
[0.241s] -- Up-to-date symlink: /home/user/Desktop/ur_pick/ros2_ws/install/onrobot_driver/include/onrobot_driver/Modbus/docs/html/classMB_1_1ModbusRequest-members.html
[0.241s] -- Up-to-date symlink: /home/user/Desktop/ur_pick/ros2_ws/install/onrobot_driver/include/onrobot_driver/Modbus/docs/html/classMB_1_1ModbusRequest.html
[0.241s] -- Up-to-date symlink: /home/user/Desktop/ur_pick/ros2_ws/install/onrobot_driver/include/onrobot_driver/Modbus/docs/html/classMB_1_1ModbusResponse-members.html
[0.242s] -- Up-to-date symlink: /home/user/Desktop/ur_pick/ros2_ws/install/onrobot_driver/include/onrobot_driver/Modbus/docs/html/classMB_1_1ModbusResponse.html
[0.242s] -- Up-to-date symlink: /home/user/Desktop/ur_pick/ros2_ws/install/onrobot_driver/include/onrobot_driver/Modbus/docs/html/classMB_1_1Serial_1_1Connection-members.html
[0.242s] -- Up-to-date symlink: /home/user/Desktop/ur_pick/ros2_ws/install/onrobot_driver/include/onrobot_driver/Modbus/docs/html/classMB_1_1Serial_1_1Connection.html
[0.242s] -- Up-to-date symlink: /home/user/Desktop/ur_pick/ros2_ws/install/onrobot_driver/include/onrobot_driver/Modbus/docs/html/classMB_1_1TCP_1_1Connection-members.html
[0.242s] -- Up-to-date symlink: /home/user/Desktop/ur_pick/ros2_ws/install/onrobot_driver/include/onrobot_driver/Modbus/docs/html/classMB_1_1TCP_1_1Connection.html
[0.242s] -- Up-to-date symlink: /home/user/Desktop/ur_pick/ros2_ws/install/onrobot_driver/include/onrobot_driver/Modbus/docs/html/classMB_1_1TCP_1_1Server-members.html
[0.242s] -- Up-to-date symlink: /home/user/Desktop/ur_pick/ros2_ws/install/onrobot_driver/include/onrobot_driver/Modbus/docs/html/classMB_1_1TCP_1_1Server.html
[0.243s] -- Up-to-date symlink: /home/user/Desktop/ur_pick/ros2_ws/install/onrobot_driver/include/onrobot_driver/Modbus/docs/html/classes.html
[0.243s] -- Up-to-date symlink: /home/user/Desktop/ur_pick/ros2_ws/install/onrobot_driver/include/onrobot_driver/Modbus/docs/html/clipboard.js
[0.243s] -- Up-to-date symlink: /home/user/Desktop/ur_pick/ros2_ws/install/onrobot_driver/include/onrobot_driver/Modbus/docs/html/closed.png
[0.243s] -- Up-to-date symlink: /home/user/Desktop/ur_pick/ros2_ws/install/onrobot_driver/include/onrobot_driver/Modbus/docs/html/cookie.js
[0.243s] -- Up-to-date symlink: /home/user/Desktop/ur_pick/ros2_ws/install/onrobot_driver/include/onrobot_driver/Modbus/docs/html/crc_8hpp_source.html
[0.243s] -- Up-to-date symlink: /home/user/Desktop/ur_pick/ros2_ws/install/onrobot_driver/include/onrobot_driver/Modbus/docs/html/deprecated.html
[0.243s] -- Up-to-date symlink: /home/user/Desktop/ur_pick/ros2_ws/install/onrobot_driver/include/onrobot_driver/Modbus/docs/html/dir_5c4711b76244cf820e6fc766a3eae98f.html
[0.243s] -- Up-to-date symlink: /home/user/Desktop/ur_pick/ros2_ws/install/onrobot_driver/include/onrobot_driver/Modbus/docs/html/dir_68267d1309a1af8e8297ef4c3efbcdba.html
[0.243s] -- Up-to-date symlink: /home/user/Desktop/ur_pick/ros2_ws/install/onrobot_driver/include/onrobot_driver/Modbus/docs/html/dir_89deb882b528f943e97271a20701dad4.html
[0.243s] -- Up-to-date symlink: /home/user/Desktop/ur_pick/ros2_ws/install/onrobot_driver/include/onrobot_driver/Modbus/docs/html/dir_bce4fe468017adc58bf81882531ea016.html
[0.244s] -- Up-to-date symlink: /home/user/Desktop/ur_pick/ros2_ws/install/onrobot_driver/include/onrobot_driver/Modbus/docs/html/dir_d44c64559bbebec7f509842c48db8b23.html
[0.244s] -- Up-to-date symlink: /home/user/Desktop/ur_pick/ros2_ws/install/onrobot_driver/include/onrobot_driver/Modbus/docs/html/dir_f8aebf652183de33714d471cbd098255.html
[0.244s] -- Up-to-date symlink: /home/user/Desktop/ur_pick/ros2_ws/install/onrobot_driver/include/onrobot_driver/Modbus/docs/html/dir_fa17a7b3bf7c731ce009520520ae23a8.html
[0.244s] -- Up-to-date symlink: /home/user/Desktop/ur_pick/ros2_ws/install/onrobot_driver/include/onrobot_driver/Modbus/docs/html/doc.png
[0.244s] -- Up-to-date symlink: /home/user/Desktop/ur_pick/ros2_ws/install/onrobot_driver/include/onrobot_driver/Modbus/docs/html/doc.svg
[0.244s] -- Up-to-date symlink: /home/user/Desktop/ur_pick/ros2_ws/install/onrobot_driver/include/onrobot_driver/Modbus/docs/html/docd.svg
[0.244s] -- Up-to-date symlink: /home/user/Desktop/ur_pick/ros2_ws/install/onrobot_driver/include/onrobot_driver/Modbus/docs/html/doxygen.css
[0.244s] -- Up-to-date symlink: /home/user/Desktop/ur_pick/ros2_ws/install/onrobot_driver/include/onrobot_driver/Modbus/docs/html/doxygen.svg
[0.245s] -- Up-to-date symlink: /home/user/Desktop/ur_pick/ros2_ws/install/onrobot_driver/include/onrobot_driver/Modbus/docs/html/doxygen_crawl.html
[0.245s] -- Up-to-date symlink: /home/user/Desktop/ur_pick/ros2_ws/install/onrobot_driver/include/onrobot_driver/Modbus/docs/html/dynsections.js
[0.245s] -- Up-to-date symlink: /home/user/Desktop/ur_pick/ros2_ws/install/onrobot_driver/include/onrobot_driver/Modbus/docs/html/files.html
[0.245s] -- Up-to-date symlink: /home/user/Desktop/ur_pick/ros2_ws/install/onrobot_driver/include/onrobot_driver/Modbus/docs/html/folderclosed.png
[0.245s] -- Up-to-date symlink: /home/user/Desktop/ur_pick/ros2_ws/install/onrobot_driver/include/onrobot_driver/Modbus/docs/html/folderclosed.svg
[0.245s] -- Up-to-date symlink: /home/user/Desktop/ur_pick/ros2_ws/install/onrobot_driver/include/onrobot_driver/Modbus/docs/html/folderclosedd.svg
[0.245s] -- Up-to-date symlink: /home/user/Desktop/ur_pick/ros2_ws/install/onrobot_driver/include/onrobot_driver/Modbus/docs/html/folderopen.png
[0.246s] -- Up-to-date symlink: /home/user/Desktop/ur_pick/ros2_ws/install/onrobot_driver/include/onrobot_driver/Modbus/docs/html/folderopen.svg
[0.246s] -- Up-to-date symlink: /home/user/Desktop/ur_pick/ros2_ws/install/onrobot_driver/include/onrobot_driver/Modbus/docs/html/folderopend.svg
[0.246s] -- Up-to-date symlink: /home/user/Desktop/ur_pick/ros2_ws/install/onrobot_driver/include/onrobot_driver/Modbus/docs/html/functions.html
[0.246s] -- Up-to-date symlink: /home/user/Desktop/ur_pick/ros2_ws/install/onrobot_driver/include/onrobot_driver/Modbus/docs/html/functions_func.html
[0.246s] -- Up-to-date symlink: /home/user/Desktop/ur_pick/ros2_ws/install/onrobot_driver/include/onrobot_driver/Modbus/docs/html/group__MB.html
[0.246s] -- Up-to-date symlink: /home/user/Desktop/ur_pick/ros2_ws/install/onrobot_driver/include/onrobot_driver/Modbus/docs/html/hierarchy.html
[0.246s] -- Up-to-date symlink: /home/user/Desktop/ur_pick/ros2_ws/install/onrobot_driver/include/onrobot_driver/Modbus/docs/html/index.html
[0.246s] -- Up-to-date symlink: /home/user/Desktop/ur_pick/ros2_ws/install/onrobot_driver/include/onrobot_driver/Modbus/docs/html/jquery.js
[0.247s] -- Up-to-date symlink: /home/user/Desktop/ur_pick/ros2_ws/install/onrobot_driver/include/onrobot_driver/Modbus/docs/html/menu.js
[0.247s] -- Up-to-date symlink: /home/user/Desktop/ur_pick/ros2_ws/install/onrobot_driver/include/onrobot_driver/Modbus/docs/html/menudata.js
[0.247s] -- Up-to-date symlink: /home/user/Desktop/ur_pick/ros2_ws/install/onrobot_driver/include/onrobot_driver/Modbus/docs/html/minus.svg
[0.247s] -- Up-to-date symlink: /home/user/Desktop/ur_pick/ros2_ws/install/onrobot_driver/include/onrobot_driver/Modbus/docs/html/minusd.svg
[0.247s] -- Up-to-date symlink: /home/user/Desktop/ur_pick/ros2_ws/install/onrobot_driver/include/onrobot_driver/Modbus/docs/html/modbusCell_8hpp_source.html
[0.247s] -- Up-to-date symlink: /home/user/Desktop/ur_pick/ros2_ws/install/onrobot_driver/include/onrobot_driver/Modbus/docs/html/modbusException_8hpp_source.html
[0.247s] -- Up-to-date symlink: /home/user/Desktop/ur_pick/ros2_ws/install/onrobot_driver/include/onrobot_driver/Modbus/docs/html/modbusRequest_8hpp_source.html
[0.247s] -- Up-to-date symlink: /home/user/Desktop/ur_pick/ros2_ws/install/onrobot_driver/include/onrobot_driver/Modbus/docs/html/modbusResponse_8hpp_source.html
[0.248s] -- Up-to-date symlink: /home/user/Desktop/ur_pick/ros2_ws/install/onrobot_driver/include/onrobot_driver/Modbus/docs/html/modbusUtils_8hpp_source.html
[0.248s] -- Up-to-date symlink: /home/user/Desktop/ur_pick/ros2_ws/install/onrobot_driver/include/onrobot_driver/Modbus/docs/html/modules.html
[0.248s] -- Up-to-date symlink: /home/user/Desktop/ur_pick/ros2_ws/install/onrobot_driver/include/onrobot_driver/Modbus/docs/html/namespaceMB.html
[0.248s] -- Up-to-date symlink: /home/user/Desktop/ur_pick/ros2_ws/install/onrobot_driver/include/onrobot_driver/Modbus/docs/html/namespaceMB_1_1CRC.html
[0.248s] -- Up-to-date symlink: /home/user/Desktop/ur_pick/ros2_ws/install/onrobot_driver/include/onrobot_driver/Modbus/docs/html/namespaceMB_1_1utils.html
[0.248s] -- Up-to-date symlink: /home/user/Desktop/ur_pick/ros2_ws/install/onrobot_driver/include/onrobot_driver/Modbus/docs/html/namespacemembers.html
[0.248s] -- Up-to-date symlink: /home/user/Desktop/ur_pick/ros2_ws/install/onrobot_driver/include/onrobot_driver/Modbus/docs/html/namespacemembers_enum.html
[0.248s] -- Up-to-date symlink: /home/user/Desktop/ur_pick/ros2_ws/install/onrobot_driver/include/onrobot_driver/Modbus/docs/html/namespacemembers_func.html
[0.249s] -- Up-to-date symlink: /home/user/Desktop/ur_pick/ros2_ws/install/onrobot_driver/include/onrobot_driver/Modbus/docs/html/namespaces.html
[0.249s] -- Up-to-date symlink: /home/user/Desktop/ur_pick/ros2_ws/install/onrobot_driver/include/onrobot_driver/Modbus/docs/html/nav_f.png
[0.249s] -- Up-to-date symlink: /home/user/Desktop/ur_pick/ros2_ws/install/onrobot_driver/include/onrobot_driver/Modbus/docs/html/nav_fd.png
[0.249s] -- Up-to-date symlink: /home/user/Desktop/ur_pick/ros2_ws/install/onrobot_driver/include/onrobot_driver/Modbus/docs/html/nav_g.png
[0.249s] -- Up-to-date symlink: /home/user/Desktop/ur_pick/ros2_ws/install/onrobot_driver/include/onrobot_driver/Modbus/docs/html/nav_h.png
[0.249s] -- Up-to-date symlink: /home/user/Desktop/ur_pick/ros2_ws/install/onrobot_driver/include/onrobot_driver/Modbus/docs/html/nav_hd.png
[0.249s] -- Up-to-date symlink: /home/user/Desktop/ur_pick/ros2_ws/install/onrobot_driver/include/onrobot_driver/Modbus/docs/html/open.png
[0.250s] -- Up-to-date symlink: /home/user/Desktop/ur_pick/ros2_ws/install/onrobot_driver/include/onrobot_driver/Modbus/docs/html/pages.html
[0.250s] -- Up-to-date symlink: /home/user/Desktop/ur_pick/ros2_ws/install/onrobot_driver/include/onrobot_driver/Modbus/docs/html/plus.svg
[0.250s] -- Up-to-date symlink: /home/user/Desktop/ur_pick/ros2_ws/install/onrobot_driver/include/onrobot_driver/Modbus/docs/html/plusd.svg
[0.250s] -- Up-to-date symlink: /home/user/Desktop/ur_pick/ros2_ws/install/onrobot_driver/include/onrobot_driver/Modbus/docs/html/search/all_0.html
[0.250s] -- Up-to-date symlink: /home/user/Desktop/ur_pick/ros2_ws/install/onrobot_driver/include/onrobot_driver/Modbus/docs/html/search/all_0.js
[0.250s] -- Up-to-date symlink: /home/user/Desktop/ur_pick/ros2_ws/install/onrobot_driver/include/onrobot_driver/Modbus/docs/html/search/all_1.html
[0.250s] -- Up-to-date symlink: /home/user/Desktop/ur_pick/ros2_ws/install/onrobot_driver/include/onrobot_driver/Modbus/docs/html/search/all_1.js
[0.251s] -- Up-to-date symlink: /home/user/Desktop/ur_pick/ros2_ws/install/onrobot_driver/include/onrobot_driver/Modbus/docs/html/search/all_10.js
[0.251s] -- Up-to-date symlink: /home/user/Desktop/ur_pick/ros2_ws/install/onrobot_driver/include/onrobot_driver/Modbus/docs/html/search/all_11.js
[0.251s] -- Up-to-date symlink: /home/user/Desktop/ur_pick/ros2_ws/install/onrobot_driver/include/onrobot_driver/Modbus/docs/html/search/all_2.html
[0.251s] -- Up-to-date symlink: /home/user/Desktop/ur_pick/ros2_ws/install/onrobot_driver/include/onrobot_driver/Modbus/docs/html/search/all_2.js
[0.251s] -- Up-to-date symlink: /home/user/Desktop/ur_pick/ros2_ws/install/onrobot_driver/include/onrobot_driver/Modbus/docs/html/search/all_3.html
[0.251s] -- Up-to-date symlink: /home/user/Desktop/ur_pick/ros2_ws/install/onrobot_driver/include/onrobot_driver/Modbus/docs/html/search/all_3.js
[0.251s] -- Up-to-date symlink: /home/user/Desktop/ur_pick/ros2_ws/install/onrobot_driver/include/onrobot_driver/Modbus/docs/html/search/all_4.html
[0.252s] -- Up-to-date symlink: /home/user/Desktop/ur_pick/ros2_ws/install/onrobot_driver/include/onrobot_driver/Modbus/docs/html/search/all_4.js
[0.252s] -- Up-to-date symlink: /home/user/Desktop/ur_pick/ros2_ws/install/onrobot_driver/include/onrobot_driver/Modbus/docs/html/search/all_5.html
[0.252s] -- Up-to-date symlink: /home/user/Desktop/ur_pick/ros2_ws/install/onrobot_driver/include/onrobot_driver/Modbus/docs/html/search/all_5.js
[0.252s] -- Up-to-date symlink: /home/user/Desktop/ur_pick/ros2_ws/install/onrobot_driver/include/onrobot_driver/Modbus/docs/html/search/all_6.html
[0.252s] -- Up-to-date symlink: /home/user/Desktop/ur_pick/ros2_ws/install/onrobot_driver/include/onrobot_driver/Modbus/docs/html/search/all_6.js
[0.252s] -- Up-to-date symlink: /home/user/Desktop/ur_pick/ros2_ws/install/onrobot_driver/include/onrobot_driver/Modbus/docs/html/search/all_7.html
[0.252s] -- Up-to-date symlink: /home/user/Desktop/ur_pick/ros2_ws/install/onrobot_driver/include/onrobot_driver/Modbus/docs/html/search/all_7.js
[0.252s] -- Up-to-date symlink: /home/user/Desktop/ur_pick/ros2_ws/install/onrobot_driver/include/onrobot_driver/Modbus/docs/html/search/all_8.html
[0.253s] -- Up-to-date symlink: /home/user/Desktop/ur_pick/ros2_ws/install/onrobot_driver/include/onrobot_driver/Modbus/docs/html/search/all_8.js
[0.253s] -- Up-to-date symlink: /home/user/Desktop/ur_pick/ros2_ws/install/onrobot_driver/include/onrobot_driver/Modbus/docs/html/search/all_9.html
[0.253s] -- Up-to-date symlink: /home/user/Desktop/ur_pick/ros2_ws/install/onrobot_driver/include/onrobot_driver/Modbus/docs/html/search/all_9.js
[0.253s] -- Up-to-date symlink: /home/user/Desktop/ur_pick/ros2_ws/install/onrobot_driver/include/onrobot_driver/Modbus/docs/html/search/all_a.js
[0.253s] -- Up-to-date symlink: /home/user/Desktop/ur_pick/ros2_ws/install/onrobot_driver/include/onrobot_driver/Modbus/docs/html/search/all_b.js
[0.253s] -- Up-to-date symlink: /home/user/Desktop/ur_pick/ros2_ws/install/onrobot_driver/include/onrobot_driver/Modbus/docs/html/search/all_c.js
[0.253s] -- Up-to-date symlink: /home/user/Desktop/ur_pick/ros2_ws/install/onrobot_driver/include/onrobot_driver/Modbus/docs/html/search/all_d.js
[0.254s] -- Up-to-date symlink: /home/user/Desktop/ur_pick/ros2_ws/install/onrobot_driver/include/onrobot_driver/Modbus/docs/html/search/all_e.js
[0.254s] -- Up-to-date symlink: /home/user/Desktop/ur_pick/ros2_ws/install/onrobot_driver/include/onrobot_driver/Modbus/docs/html/search/all_f.js
[0.254s] -- Up-to-date symlink: /home/user/Desktop/ur_pick/ros2_ws/install/onrobot_driver/include/onrobot_driver/Modbus/docs/html/search/classes_0.html
[0.254s] -- Up-to-date symlink: /home/user/Desktop/ur_pick/ros2_ws/install/onrobot_driver/include/onrobot_driver/Modbus/docs/html/search/classes_0.js
[0.254s] -- Up-to-date symlink: /home/user/Desktop/ur_pick/ros2_ws/install/onrobot_driver/include/onrobot_driver/Modbus/docs/html/search/classes_1.html
[0.254s] -- Up-to-date symlink: /home/user/Desktop/ur_pick/ros2_ws/install/onrobot_driver/include/onrobot_driver/Modbus/docs/html/search/classes_1.js
[0.254s] -- Up-to-date symlink: /home/user/Desktop/ur_pick/ros2_ws/install/onrobot_driver/include/onrobot_driver/Modbus/docs/html/search/classes_2.html
[0.255s] -- Up-to-date symlink: /home/user/Desktop/ur_pick/ros2_ws/install/onrobot_driver/include/onrobot_driver/Modbus/docs/html/search/classes_2.js
[0.255s] -- Up-to-date symlink: /home/user/Desktop/ur_pick/ros2_ws/install/onrobot_driver/include/onrobot_driver/Modbus/docs/html/search/close.svg
[0.255s] -- Up-to-date symlink: /home/user/Desktop/ur_pick/ros2_ws/install/onrobot_driver/include/onrobot_driver/Modbus/docs/html/search/enums_0.html
[0.255s] -- Up-to-date symlink: /home/user/Desktop/ur_pick/ros2_ws/install/onrobot_driver/include/onrobot_driver/Modbus/docs/html/search/enums_0.js
[0.255s] -- Up-to-date symlink: /home/user/Desktop/ur_pick/ros2_ws/install/onrobot_driver/include/onrobot_driver/Modbus/docs/html/search/functions_0.html
[0.255s] -- Up-to-date symlink: /home/user/Desktop/ur_pick/ros2_ws/install/onrobot_driver/include/onrobot_driver/Modbus/docs/html/search/functions_0.js
[0.255s] -- Up-to-date symlink: /home/user/Desktop/ur_pick/ros2_ws/install/onrobot_driver/include/onrobot_driver/Modbus/docs/html/search/functions_1.html
[0.256s] -- Up-to-date symlink: /home/user/Desktop/ur_pick/ros2_ws/install/onrobot_driver/include/onrobot_driver/Modbus/docs/html/search/functions_1.js
[0.256s] -- Up-to-date symlink: /home/user/Desktop/ur_pick/ros2_ws/install/onrobot_driver/include/onrobot_driver/Modbus/docs/html/search/functions_2.html
[0.256s] -- Up-to-date symlink: /home/user/Desktop/ur_pick/ros2_ws/install/onrobot_driver/include/onrobot_driver/Modbus/docs/html/search/functions_2.js
[0.256s] -- Up-to-date symlink: /home/user/Desktop/ur_pick/ros2_ws/install/onrobot_driver/include/onrobot_driver/Modbus/docs/html/search/functions_3.html
[0.256s] -- Up-to-date symlink: /home/user/Desktop/ur_pick/ros2_ws/install/onrobot_driver/include/onrobot_driver/Modbus/docs/html/search/functions_3.js
[0.256s] -- Up-to-date symlink: /home/user/Desktop/ur_pick/ros2_ws/install/onrobot_driver/include/onrobot_driver/Modbus/docs/html/search/functions_4.html
[0.256s] -- Up-to-date symlink: /home/user/Desktop/ur_pick/ros2_ws/install/onrobot_driver/include/onrobot_driver/Modbus/docs/html/search/functions_4.js
[0.257s] -- Up-to-date symlink: /home/user/Desktop/ur_pick/ros2_ws/install/onrobot_driver/include/onrobot_driver/Modbus/docs/html/search/functions_5.html
[0.257s] -- Up-to-date symlink: /home/user/Desktop/ur_pick/ros2_ws/install/onrobot_driver/include/onrobot_driver/Modbus/docs/html/search/functions_5.js
[0.257s] -- Up-to-date symlink: /home/user/Desktop/ur_pick/ros2_ws/install/onrobot_driver/include/onrobot_driver/Modbus/docs/html/search/functions_6.html
[0.257s] -- Up-to-date symlink: /home/user/Desktop/ur_pick/ros2_ws/install/onrobot_driver/include/onrobot_driver/Modbus/docs/html/search/functions_6.js
[0.257s] -- Up-to-date symlink: /home/user/Desktop/ur_pick/ros2_ws/install/onrobot_driver/include/onrobot_driver/Modbus/docs/html/search/functions_7.html
[0.257s] -- Up-to-date symlink: /home/user/Desktop/ur_pick/ros2_ws/install/onrobot_driver/include/onrobot_driver/Modbus/docs/html/search/functions_7.js
[0.257s] -- Up-to-date symlink: /home/user/Desktop/ur_pick/ros2_ws/install/onrobot_driver/include/onrobot_driver/Modbus/docs/html/search/functions_8.html
[0.257s] -- Up-to-date symlink: /home/user/Desktop/ur_pick/ros2_ws/install/onrobot_driver/include/onrobot_driver/Modbus/docs/html/search/functions_8.js
[0.258s] -- Up-to-date symlink: /home/user/Desktop/ur_pick/ros2_ws/install/onrobot_driver/include/onrobot_driver/Modbus/docs/html/search/functions_9.html
[0.258s] -- Up-to-date symlink: /home/user/Desktop/ur_pick/ros2_ws/install/onrobot_driver/include/onrobot_driver/Modbus/docs/html/search/functions_9.js
[0.258s] -- Up-to-date symlink: /home/user/Desktop/ur_pick/ros2_ws/install/onrobot_driver/include/onrobot_driver/Modbus/docs/html/search/functions_a.js
[0.258s] -- Up-to-date symlink: /home/user/Desktop/ur_pick/ros2_ws/install/onrobot_driver/include/onrobot_driver/Modbus/docs/html/search/mag.svg
[0.258s] -- Up-to-date symlink: /home/user/Desktop/ur_pick/ros2_ws/install/onrobot_driver/include/onrobot_driver/Modbus/docs/html/search/mag_d.svg
[0.258s] -- Up-to-date symlink: /home/user/Desktop/ur_pick/ros2_ws/install/onrobot_driver/include/onrobot_driver/Modbus/docs/html/search/mag_sel.svg
[0.258s] -- Up-to-date symlink: /home/user/Desktop/ur_pick/ros2_ws/install/onrobot_driver/include/onrobot_driver/Modbus/docs/html/search/mag_seld.svg
[0.259s] -- Up-to-date symlink: /home/user/Desktop/ur_pick/ros2_ws/install/onrobot_driver/include/onrobot_driver/Modbus/docs/html/search/namespaces_0.html
[0.259s] -- Up-to-date symlink: /home/user/Desktop/ur_pick/ros2_ws/install/onrobot_driver/include/onrobot_driver/Modbus/docs/html/search/namespaces_0.js
[0.259s] -- Up-to-date symlink: /home/user/Desktop/ur_pick/ros2_ws/install/onrobot_driver/include/onrobot_driver/Modbus/docs/html/search/nomatches.html
[0.259s] -- Up-to-date symlink: /home/user/Desktop/ur_pick/ros2_ws/install/onrobot_driver/include/onrobot_driver/Modbus/docs/html/search/pages_0.js
[0.259s] -- Up-to-date symlink: /home/user/Desktop/ur_pick/ros2_ws/install/onrobot_driver/include/onrobot_driver/Modbus/docs/html/search/pages_1.js
[0.259s] -- Up-to-date symlink: /home/user/Desktop/ur_pick/ros2_ws/install/onrobot_driver/include/onrobot_driver/Modbus/docs/html/search/pages_2.js
[0.259s] -- Up-to-date symlink: /home/user/Desktop/ur_pick/ros2_ws/install/onrobot_driver/include/onrobot_driver/Modbus/docs/html/search/pages_3.js
[0.260s] -- Up-to-date symlink: /home/user/Desktop/ur_pick/ros2_ws/install/onrobot_driver/include/onrobot_driver/Modbus/docs/html/search/search.css
[0.260s] -- Up-to-date symlink: /home/user/Desktop/ur_pick/ros2_ws/install/onrobot_driver/include/onrobot_driver/Modbus/docs/html/search/search.js
[0.260s] -- Up-to-date symlink: /home/user/Desktop/ur_pick/ros2_ws/install/onrobot_driver/include/onrobot_driver/Modbus/docs/html/search/search_l.png
[0.260s] -- Up-to-date symlink: /home/user/Desktop/ur_pick/ros2_ws/install/onrobot_driver/include/onrobot_driver/Modbus/docs/html/search/search_m.png
[0.260s] -- Up-to-date symlink: /home/user/Desktop/ur_pick/ros2_ws/install/onrobot_driver/include/onrobot_driver/Modbus/docs/html/search/search_r.png
[0.260s] -- Up-to-date symlink: /home/user/Desktop/ur_pick/ros2_ws/install/onrobot_driver/include/onrobot_driver/Modbus/docs/html/search/searchdata.js
[0.260s] -- Up-to-date symlink: /home/user/Desktop/ur_pick/ros2_ws/install/onrobot_driver/include/onrobot_driver/Modbus/docs/html/server_8hpp_source.html
[0.261s] -- Up-to-date symlink: /home/user/Desktop/ur_pick/ros2_ws/install/onrobot_driver/include/onrobot_driver/Modbus/docs/html/splitbar.png
[0.261s] -- Up-to-date symlink: /home/user/Desktop/ur_pick/ros2_ws/install/onrobot_driver/include/onrobot_driver/Modbus/docs/html/splitbard.png
[0.261s] -- Up-to-date symlink: /home/user/Desktop/ur_pick/ros2_ws/install/onrobot_driver/include/onrobot_driver/Modbus/docs/html/sync_off.png
[0.261s] -- Up-to-date symlink: /home/user/Desktop/ur_pick/ros2_ws/install/onrobot_driver/include/onrobot_driver/Modbus/docs/html/sync_on.png
[0.261s] -- Up-to-date symlink: /home/user/Desktop/ur_pick/ros2_ws/install/onrobot_driver/include/onrobot_driver/Modbus/docs/html/tab_a.png
[0.261s] -- Up-to-date symlink: /home/user/Desktop/ur_pick/ros2_ws/install/onrobot_driver/include/onrobot_driver/Modbus/docs/html/tab_ad.png
[0.261s] -- Up-to-date symlink: /home/user/Desktop/ur_pick/ros2_ws/install/onrobot_driver/include/onrobot_driver/Modbus/docs/html/tab_b.png
[0.262s] -- Up-to-date symlink: /home/user/Desktop/ur_pick/ros2_ws/install/onrobot_driver/include/onrobot_driver/Modbus/docs/html/tab_bd.png
[0.262s] -- Up-to-date symlink: /home/user/Desktop/ur_pick/ros2_ws/install/onrobot_driver/include/onrobot_driver/Modbus/docs/html/tab_h.png
[0.262s] -- Up-to-date symlink: /home/user/Desktop/ur_pick/ros2_ws/install/onrobot_driver/include/onrobot_driver/Modbus/docs/html/tab_hd.png
[0.262s] -- Up-to-date symlink: /home/user/Desktop/ur_pick/ros2_ws/install/onrobot_driver/include/onrobot_driver/Modbus/docs/html/tab_s.png
[0.262s] -- Up-to-date symlink: /home/user/Desktop/ur_pick/ros2_ws/install/onrobot_driver/include/onrobot_driver/Modbus/docs/html/tab_sd.png
[0.262s] -- Up-to-date symlink: /home/user/Desktop/ur_pick/ros2_ws/install/onrobot_driver/include/onrobot_driver/Modbus/docs/html/tabs.css
[0.262s] -- Up-to-date symlink: /home/user/Desktop/ur_pick/ros2_ws/install/onrobot_driver/include/onrobot_driver/Modbus/example/main.cpp
[0.263s] -- Up-to-date symlink: /home/user/Desktop/ur_pick/ros2_ws/install/onrobot_driver/include/onrobot_driver/Modbus/include/MB/Serial/connection.hpp
[0.263s] -- Up-to-date symlink: /home/user/Desktop/ur_pick/ros2_ws/install/onrobot_driver/include/onrobot_driver/Modbus/include/MB/TCP/connection.hpp
[0.263s] -- Up-to-date symlink: /home/user/Desktop/ur_pick/ros2_ws/install/onrobot_driver/include/onrobot_driver/Modbus/include/MB/TCP/server.hpp
[0.263s] -- Up-to-date symlink: /home/user/Desktop/ur_pick/ros2_ws/install/onrobot_driver/include/onrobot_driver/Modbus/include/MB/crc.hpp
[0.263s] -- Up-to-date symlink: /home/user/Desktop/ur_pick/ros2_ws/install/onrobot_driver/include/onrobot_driver/Modbus/include/MB/modbusCell.hpp
[0.263s] -- Up-to-date symlink: /home/user/Desktop/ur_pick/ros2_ws/install/onrobot_driver/include/onrobot_driver/Modbus/include/MB/modbusException.hpp
[0.263s] -- Up-to-date symlink: /home/user/Desktop/ur_pick/ros2_ws/install/onrobot_driver/include/onrobot_driver/Modbus/include/MB/modbusRequest.hpp
[0.263s] -- Up-to-date symlink: /home/user/Desktop/ur_pick/ros2_ws/install/onrobot_driver/include/onrobot_driver/Modbus/include/MB/modbusResponse.hpp
[0.264s] -- Up-to-date symlink: /home/user/Desktop/ur_pick/ros2_ws/install/onrobot_driver/include/onrobot_driver/Modbus/include/MB/modbusUtils.hpp
[0.264s] -- Up-to-date symlink: /home/user/Desktop/ur_pick/ros2_ws/install/onrobot_driver/include/onrobot_driver/Modbus/reformat-all.sh
[0.264s] -- Up-to-date symlink: /home/user/Desktop/ur_pick/ros2_ws/install/onrobot_driver/include/onrobot_driver/Modbus/shell.nix
[0.264s] -- Up-to-date symlink: /home/user/Desktop/ur_pick/ros2_ws/install/onrobot_driver/include/onrobot_driver/Modbus/src/CMakeLists.txt
[0.264s] -- Up-to-date symlink: /home/user/Desktop/ur_pick/ros2_ws/install/onrobot_driver/include/onrobot_driver/Modbus/src/Serial/CMakeLists.txt
[0.264s] -- Up-to-date symlink: /home/user/Desktop/ur_pick/ros2_ws/install/onrobot_driver/include/onrobot_driver/Modbus/src/Serial/connection.cpp
[0.264s] -- Up-to-date symlink: /home/user/Desktop/ur_pick/ros2_ws/install/onrobot_driver/include/onrobot_driver/Modbus/src/TCP/CMakeLists.txt
[0.264s] -- Up-to-date symlink: /home/user/Desktop/ur_pick/ros2_ws/install/onrobot_driver/include/onrobot_driver/Modbus/src/TCP/connection.cpp
[0.265s] -- Up-to-date symlink: /home/user/Desktop/ur_pick/ros2_ws/install/onrobot_driver/include/onrobot_driver/Modbus/src/TCP/server.cpp
[0.265s] -- Up-to-date symlink: /home/user/Desktop/ur_pick/ros2_ws/install/onrobot_driver/include/onrobot_driver/Modbus/src/crc.cpp
[0.265s] -- Up-to-date symlink: /home/user/Desktop/ur_pick/ros2_ws/install/onrobot_driver/include/onrobot_driver/Modbus/src/modbusException.cpp
[0.265s] -- Up-to-date symlink: /home/user/Desktop/ur_pick/ros2_ws/install/onrobot_driver/include/onrobot_driver/Modbus/src/modbusRequest.cpp
[0.265s] -- Up-to-date symlink: /home/user/Desktop/ur_pick/ros2_ws/install/onrobot_driver/include/onrobot_driver/Modbus/src/modbusResponse.cpp
[0.265s] -- Up-to-date symlink: /home/user/Desktop/ur_pick/ros2_ws/install/onrobot_driver/include/onrobot_driver/Modbus/tests/CMakeLists.txt
[0.265s] -- Up-to-date symlink: /home/user/Desktop/ur_pick/ros2_ws/install/onrobot_driver/include/onrobot_driver/Modbus/tests/MB/ModbusCellTests.cpp
[0.266s] -- Up-to-date symlink: /home/user/Desktop/ur_pick/ros2_ws/install/onrobot_driver/include/onrobot_driver/Modbus/tests/MB/ModbusExceptionTests.cpp
[0.266s] -- Up-to-date symlink: /home/user/Desktop/ur_pick/ros2_ws/install/onrobot_driver/include/onrobot_driver/Modbus/tests/MB/ModbusFunctionalTests.cpp
[0.266s] -- Up-to-date symlink: /home/user/Desktop/ur_pick/ros2_ws/install/onrobot_driver/include/onrobot_driver/Modbus/tests/MB/ModbusRequestTests.cpp
[0.266s] -- Up-to-date symlink: /home/user/Desktop/ur_pick/ros2_ws/install/onrobot_driver/include/onrobot_driver/Modbus/tests/MB/ModbusResponseTests.cpp
[0.266s] -- Up-to-date symlink: /home/user/Desktop/ur_pick/ros2_ws/install/onrobot_driver/include/onrobot_driver/Modbus/tests/googletest/.clang-format
[0.266s] -- Up-to-date symlink: /home/user/Desktop/ur_pick/ros2_ws/install/onrobot_driver/include/onrobot_driver/Modbus/tests/googletest/.git
[0.266s] -- Up-to-date symlink: /home/user/Desktop/ur_pick/ros2_ws/install/onrobot_driver/include/onrobot_driver/Modbus/tests/googletest/.github/ISSUE_TEMPLATE/00-bug_report.md
[0.267s] -- Up-to-date symlink: /home/user/Desktop/ur_pick/ros2_ws/install/onrobot_driver/include/onrobot_driver/Modbus/tests/googletest/.github/ISSUE_TEMPLATE/10-feature_request.md
[0.267s] -- Up-to-date symlink: /home/user/Desktop/ur_pick/ros2_ws/install/onrobot_driver/include/onrobot_driver/Modbus/tests/googletest/.github/ISSUE_TEMPLATE/config.yml
[0.267s] -- Up-to-date symlink: /home/user/Desktop/ur_pick/ros2_ws/install/onrobot_driver/include/onrobot_driver/Modbus/tests/googletest/.github/workflows/gtest-ci.yml
[0.267s] -- Up-to-date symlink: /home/user/Desktop/ur_pick/ros2_ws/install/onrobot_driver/include/onrobot_driver/Modbus/tests/googletest/.gitignore
[0.267s] -- Up-to-date symlink: /home/user/Desktop/ur_pick/ros2_ws/install/onrobot_driver/include/onrobot_driver/Modbus/tests/googletest/BUILD.bazel
[0.267s] -- Up-to-date symlink: /home/user/Desktop/ur_pick/ros2_ws/install/onrobot_driver/include/onrobot_driver/Modbus/tests/googletest/CMakeLists.txt
[0.267s] -- Up-to-date symlink: /home/user/Desktop/ur_pick/ros2_ws/install/onrobot_driver/include/onrobot_driver/Modbus/tests/googletest/CONTRIBUTING.md
[0.268s] -- Up-to-date symlink: /home/user/Desktop/ur_pick/ros2_ws/install/onrobot_driver/include/onrobot_driver/Modbus/tests/googletest/CONTRIBUTORS
[0.268s] -- Up-to-date symlink: /home/user/Desktop/ur_pick/ros2_ws/install/onrobot_driver/include/onrobot_driver/Modbus/tests/googletest/LICENSE
[0.268s] -- Up-to-date symlink: /home/user/Desktop/ur_pick/ros2_ws/install/onrobot_driver/include/onrobot_driver/Modbus/tests/googletest/README.md
[0.268s] -- Up-to-date symlink: /home/user/Desktop/ur_pick/ros2_ws/install/onrobot_driver/include/onrobot_driver/Modbus/tests/googletest/WORKSPACE
[0.268s] -- Up-to-date symlink: /home/user/Desktop/ur_pick/ros2_ws/install/onrobot_driver/include/onrobot_driver/Modbus/tests/googletest/ci/linux-presubmit.sh
[0.268s] -- Up-to-date symlink: /home/user/Desktop/ur_pick/ros2_ws/install/onrobot_driver/include/onrobot_driver/Modbus/tests/googletest/ci/macos-presubmit.sh
[0.268s] -- Up-to-date symlink: /home/user/Desktop/ur_pick/ros2_ws/install/onrobot_driver/include/onrobot_driver/Modbus/tests/googletest/docs/_config.yml
[0.269s] -- Up-to-date symlink: /home/user/Desktop/ur_pick/ros2_ws/install/onrobot_driver/include/onrobot_driver/Modbus/tests/googletest/docs/_data/navigation.yml
[0.269s] -- Up-to-date symlink: /home/user/Desktop/ur_pick/ros2_ws/install/onrobot_driver/include/onrobot_driver/Modbus/tests/googletest/docs/_layouts/default.html
[0.269s] -- Up-to-date symlink: /home/user/Desktop/ur_pick/ros2_ws/install/onrobot_driver/include/onrobot_driver/Modbus/tests/googletest/docs/_sass/main.scss
[0.269s] -- Up-to-date symlink: /home/user/Desktop/ur_pick/ros2_ws/install/onrobot_driver/include/onrobot_driver/Modbus/tests/googletest/docs/advanced.md
[0.269s] -- Up-to-date symlink: /home/user/Desktop/ur_pick/ros2_ws/install/onrobot_driver/include/onrobot_driver/Modbus/tests/googletest/docs/assets/css/style.scss
[0.269s] -- Up-to-date symlink: /home/user/Desktop/ur_pick/ros2_ws/install/onrobot_driver/include/onrobot_driver/Modbus/tests/googletest/docs/community_created_documentation.md
[0.269s] -- Up-to-date symlink: /home/user/Desktop/ur_pick/ros2_ws/install/onrobot_driver/include/onrobot_driver/Modbus/tests/googletest/docs/faq.md
[0.270s] -- Up-to-date symlink: /home/user/Desktop/ur_pick/ros2_ws/install/onrobot_driver/include/onrobot_driver/Modbus/tests/googletest/docs/gmock_cheat_sheet.md
[0.270s] -- Up-to-date symlink: /home/user/Desktop/ur_pick/ros2_ws/install/onrobot_driver/include/onrobot_driver/Modbus/tests/googletest/docs/gmock_cook_book.md
[0.270s] -- Up-to-date symlink: /home/user/Desktop/ur_pick/ros2_ws/install/onrobot_driver/include/onrobot_driver/Modbus/tests/googletest/docs/gmock_faq.md
[0.270s] -- Up-to-date symlink: /home/user/Desktop/ur_pick/ros2_ws/install/onrobot_driver/include/onrobot_driver/Modbus/tests/googletest/docs/gmock_for_dummies.md
[0.270s] -- Up-to-date symlink: /home/user/Desktop/ur_pick/ros2_ws/install/onrobot_driver/include/onrobot_driver/Modbus/tests/googletest/docs/index.md
[0.270s] -- Up-to-date symlink: /home/user/Desktop/ur_pick/ros2_ws/install/onrobot_driver/include/onrobot_driver/Modbus/tests/googletest/docs/pkgconfig.md
[0.271s] -- Up-to-date symlink: /home/user/Desktop/ur_pick/ros2_ws/install/onrobot_driver/include/onrobot_driver/Modbus/tests/googletest/docs/platforms.md
[0.271s] -- Up-to-date symlink: /home/user/Desktop/ur_pick/ros2_ws/install/onrobot_driver/include/onrobot_driver/Modbus/tests/googletest/docs/primer.md
[0.271s] -- Up-to-date symlink: /home/user/Desktop/ur_pick/ros2_ws/install/onrobot_driver/include/onrobot_driver/Modbus/tests/googletest/docs/quickstart-bazel.md
[0.271s] -- Up-to-date symlink: /home/user/Desktop/ur_pick/ros2_ws/install/onrobot_driver/include/onrobot_driver/Modbus/tests/googletest/docs/quickstart-cmake.md
[0.271s] -- Up-to-date symlink: /home/user/Desktop/ur_pick/ros2_ws/install/onrobot_driver/include/onrobot_driver/Modbus/tests/googletest/docs/reference/actions.md
[0.271s] -- Up-to-date symlink: /home/user/Desktop/ur_pick/ros2_ws/install/onrobot_driver/include/onrobot_driver/Modbus/tests/googletest/docs/reference/assertions.md
[0.271s] -- Up-to-date symlink: /home/user/Desktop/ur_pick/ros2_ws/install/onrobot_driver/include/onrobot_driver/Modbus/tests/googletest/docs/reference/matchers.md
[0.271s] -- Up-to-date symlink: /home/user/Desktop/ur_pick/ros2_ws/install/onrobot_driver/include/onrobot_driver/Modbus/tests/googletest/docs/reference/mocking.md
[0.272s] -- Up-to-date symlink: /home/user/Desktop/ur_pick/ros2_ws/install/onrobot_driver/include/onrobot_driver/Modbus/tests/googletest/docs/reference/testing.md
[0.272s] -- Up-to-date symlink: /home/user/Desktop/ur_pick/ros2_ws/install/onrobot_driver/include/onrobot_driver/Modbus/tests/googletest/docs/samples.md
[0.272s] -- Up-to-date symlink: /home/user/Desktop/ur_pick/ros2_ws/install/onrobot_driver/include/onrobot_driver/Modbus/tests/googletest/googlemock/CMakeLists.txt
[0.272s] -- Up-to-date symlink: /home/user/Desktop/ur_pick/ros2_ws/install/onrobot_driver/include/onrobot_driver/Modbus/tests/googletest/googlemock/README.md
[0.272s] -- Up-to-date symlink: /home/user/Desktop/ur_pick/ros2_ws/install/onrobot_driver/include/onrobot_driver/Modbus/tests/googletest/googlemock/cmake/gmock.pc.in
[0.272s] -- Up-to-date symlink: /home/user/Desktop/ur_pick/ros2_ws/install/onrobot_driver/include/onrobot_driver/Modbus/tests/googletest/googlemock/cmake/gmock_main.pc.in
[0.272s] -- Up-to-date symlink: /home/user/Desktop/ur_pick/ros2_ws/install/onrobot_driver/include/onrobot_driver/Modbus/tests/googletest/googlemock/docs/README.md
[0.273s] -- Up-to-date symlink: /home/user/Desktop/ur_pick/ros2_ws/install/onrobot_driver/include/onrobot_driver/Modbus/tests/googletest/googlemock/include/gmock/gmock-actions.h
[0.273s] -- Up-to-date symlink: /home/user/Desktop/ur_pick/ros2_ws/install/onrobot_driver/include/onrobot_driver/Modbus/tests/googletest/googlemock/include/gmock/gmock-cardinalities.h
[0.273s] -- Up-to-date symlink: /home/user/Desktop/ur_pick/ros2_ws/install/onrobot_driver/include/onrobot_driver/Modbus/tests/googletest/googlemock/include/gmock/gmock-function-mocker.h
[0.273s] -- Up-to-date symlink: /home/user/Desktop/ur_pick/ros2_ws/install/onrobot_driver/include/onrobot_driver/Modbus/tests/googletest/googlemock/include/gmock/gmock-matchers.h
[0.273s] -- Up-to-date symlink: /home/user/Desktop/ur_pick/ros2_ws/install/onrobot_driver/include/onrobot_driver/Modbus/tests/googletest/googlemock/include/gmock/gmock-more-actions.h
[0.273s] -- Up-to-date symlink: /home/user/Desktop/ur_pick/ros2_ws/install/onrobot_driver/include/onrobot_driver/Modbus/tests/googletest/googlemock/include/gmock/gmock-more-matchers.h
[0.274s] -- Up-to-date symlink: /home/user/Desktop/ur_pick/ros2_ws/install/onrobot_driver/include/onrobot_driver/Modbus/tests/googletest/googlemock/include/gmock/gmock-nice-strict.h
[0.274s] -- Up-to-date symlink: /home/user/Desktop/ur_pick/ros2_ws/install/onrobot_driver/include/onrobot_driver/Modbus/tests/googletest/googlemock/include/gmock/gmock-spec-builders.h
[0.274s] -- Up-to-date symlink: /home/user/Desktop/ur_pick/ros2_ws/install/onrobot_driver/include/onrobot_driver/Modbus/tests/googletest/googlemock/include/gmock/gmock.h
[0.274s] -- Up-to-date symlink: /home/user/Desktop/ur_pick/ros2_ws/install/onrobot_driver/include/onrobot_driver/Modbus/tests/googletest/googlemock/include/gmock/internal/custom/README.md
[0.274s] -- Up-to-date symlink: /home/user/Desktop/ur_pick/ros2_ws/install/onrobot_driver/include/onrobot_driver/Modbus/tests/googletest/googlemock/include/gmock/internal/custom/gmock-generated-actions.h
[0.274s] -- Up-to-date symlink: /home/user/Desktop/ur_pick/ros2_ws/install/onrobot_driver/include/onrobot_driver/Modbus/tests/googletest/googlemock/include/gmock/internal/custom/gmock-matchers.h
[0.275s] -- Up-to-date symlink: /home/user/Desktop/ur_pick/ros2_ws/install/onrobot_driver/include/onrobot_driver/Modbus/tests/googletest/googlemock/include/gmock/internal/custom/gmock-port.h
[0.275s] -- Up-to-date symlink: /home/user/Desktop/ur_pick/ros2_ws/install/onrobot_driver/include/onrobot_driver/Modbus/tests/googletest/googlemock/include/gmock/internal/gmock-internal-utils.h
[0.275s] -- Up-to-date symlink: /home/user/Desktop/ur_pick/ros2_ws/install/onrobot_driver/include/onrobot_driver/Modbus/tests/googletest/googlemock/include/gmock/internal/gmock-port.h
[0.275s] -- Up-to-date symlink: /home/user/Desktop/ur_pick/ros2_ws/install/onrobot_driver/include/onrobot_driver/Modbus/tests/googletest/googlemock/include/gmock/internal/gmock-pp.h
[0.275s] -- Up-to-date symlink: /home/user/Desktop/ur_pick/ros2_ws/install/onrobot_driver/include/onrobot_driver/Modbus/tests/googletest/googlemock/src/gmock-all.cc
[0.275s] -- Up-to-date symlink: /home/user/Desktop/ur_pick/ros2_ws/install/onrobot_driver/include/onrobot_driver/Modbus/tests/googletest/googlemock/src/gmock-cardinalities.cc
[0.276s] -- Up-to-date symlink: /home/user/Desktop/ur_pick/ros2_ws/install/onrobot_driver/include/onrobot_driver/Modbus/tests/googletest/googlemock/src/gmock-internal-utils.cc
[0.276s] -- Up-to-date symlink: /home/user/Desktop/ur_pick/ros2_ws/install/onrobot_driver/include/onrobot_driver/Modbus/tests/googletest/googlemock/src/gmock-matchers.cc
[0.276s] -- Up-to-date symlink: /home/user/Desktop/ur_pick/ros2_ws/install/onrobot_driver/include/onrobot_driver/Modbus/tests/googletest/googlemock/src/gmock-spec-builders.cc
[0.276s] -- Up-to-date symlink: /home/user/Desktop/ur_pick/ros2_ws/install/onrobot_driver/include/onrobot_driver/Modbus/tests/googletest/googlemock/src/gmock.cc
[0.276s] -- Up-to-date symlink: /home/user/Desktop/ur_pick/ros2_ws/install/onrobot_driver/include/onrobot_driver/Modbus/tests/googletest/googlemock/src/gmock_main.cc
[0.276s] -- Up-to-date symlink: /home/user/Desktop/ur_pick/ros2_ws/install/onrobot_driver/include/onrobot_driver/Modbus/tests/googletest/googlemock/test/BUILD.bazel
[0.276s] -- Up-to-date symlink: /home/user/Desktop/ur_pick/ros2_ws/install/onrobot_driver/include/onrobot_driver/Modbus/tests/googletest/googlemock/test/gmock-actions_test.cc
[0.277s] -- Up-to-date symlink: /home/user/Desktop/ur_pick/ros2_ws/install/onrobot_driver/include/onrobot_driver/Modbus/tests/googletest/googlemock/test/gmock-cardinalities_test.cc
[0.277s] -- Up-to-date symlink: /home/user/Desktop/ur_pick/ros2_ws/install/onrobot_driver/include/onrobot_driver/Modbus/tests/googletest/googlemock/test/gmock-function-mocker_test.cc
[0.277s] -- Up-to-date symlink: /home/user/Desktop/ur_pick/ros2_ws/install/onrobot_driver/include/onrobot_driver/Modbus/tests/googletest/googlemock/test/gmock-internal-utils_test.cc
[0.277s] -- Up-to-date symlink: /home/user/Desktop/ur_pick/ros2_ws/install/onrobot_driver/include/onrobot_driver/Modbus/tests/googletest/googlemock/test/gmock-matchers-arithmetic_test.cc
[0.277s] -- Up-to-date symlink: /home/user/Desktop/ur_pick/ros2_ws/install/onrobot_driver/include/onrobot_driver/Modbus/tests/googletest/googlemock/test/gmock-matchers-comparisons_test.cc
[0.277s] -- Up-to-date symlink: /home/user/Desktop/ur_pick/ros2_ws/install/onrobot_driver/include/onrobot_driver/Modbus/tests/googletest/googlemock/test/gmock-matchers-containers_test.cc
[0.277s] -- Up-to-date symlink: /home/user/Desktop/ur_pick/ros2_ws/install/onrobot_driver/include/onrobot_driver/Modbus/tests/googletest/googlemock/test/gmock-matchers-misc_test.cc
[0.278s] -- Up-to-date symlink: /home/user/Desktop/ur_pick/ros2_ws/install/onrobot_driver/include/onrobot_driver/Modbus/tests/googletest/googlemock/test/gmock-matchers_test.h
[0.278s] -- Up-to-date symlink: /home/user/Desktop/ur_pick/ros2_ws/install/onrobot_driver/include/onrobot_driver/Modbus/tests/googletest/googlemock/test/gmock-more-actions_test.cc
[0.278s] -- Up-to-date symlink: /home/user/Desktop/ur_pick/ros2_ws/install/onrobot_driver/include/onrobot_driver/Modbus/tests/googletest/googlemock/test/gmock-nice-strict_test.cc
[0.278s] -- Up-to-date symlink: /home/user/Desktop/ur_pick/ros2_ws/install/onrobot_driver/include/onrobot_driver/Modbus/tests/googletest/googlemock/test/gmock-port_test.cc
[0.278s] -- Up-to-date symlink: /home/user/Desktop/ur_pick/ros2_ws/install/onrobot_driver/include/onrobot_driver/Modbus/tests/googletest/googlemock/test/gmock-pp-string_test.cc
[0.278s] -- Up-to-date symlink: /home/user/Desktop/ur_pick/ros2_ws/install/onrobot_driver/include/onrobot_driver/Modbus/tests/googletest/googlemock/test/gmock-pp_test.cc
[0.279s] -- Up-to-date symlink: /home/user/Desktop/ur_pick/ros2_ws/install/onrobot_driver/include/onrobot_driver/Modbus/tests/googletest/googlemock/test/gmock-spec-builders_test.cc
[0.279s] -- Up-to-date symlink: /home/user/Desktop/ur_pick/ros2_ws/install/onrobot_driver/include/onrobot_driver/Modbus/tests/googletest/googlemock/test/gmock_all_test.cc
[0.279s] -- Up-to-date symlink: /home/user/Desktop/ur_pick/ros2_ws/install/onrobot_driver/include/onrobot_driver/Modbus/tests/googletest/googlemock/test/gmock_ex_test.cc
[0.279s] -- Up-to-date symlink: /home/user/Desktop/ur_pick/ros2_ws/install/onrobot_driver/include/onrobot_driver/Modbus/tests/googletest/googlemock/test/gmock_leak_test.py
[0.279s] -- Up-to-date symlink: /home/user/Desktop/ur_pick/ros2_ws/install/onrobot_driver/include/onrobot_driver/Modbus/tests/googletest/googlemock/test/gmock_leak_test_.cc
[0.279s] -- Up-to-date symlink: /home/user/Desktop/ur_pick/ros2_ws/install/onrobot_driver/include/onrobot_driver/Modbus/tests/googletest/googlemock/test/gmock_link2_test.cc
[0.279s] -- Up-to-date symlink: /home/user/Desktop/ur_pick/ros2_ws/install/onrobot_driver/include/onrobot_driver/Modbus/tests/googletest/googlemock/test/gmock_link_test.cc
[0.280s] -- Up-to-date symlink: /home/user/Desktop/ur_pick/ros2_ws/install/onrobot_driver/include/onrobot_driver/Modbus/tests/googletest/googlemock/test/gmock_link_test.h
[0.280s] -- Up-to-date symlink: /home/user/Desktop/ur_pick/ros2_ws/install/onrobot_driver/include/onrobot_driver/Modbus/tests/googletest/googlemock/test/gmock_output_test.py
[0.280s] -- Up-to-date symlink: /home/user/Desktop/ur_pick/ros2_ws/install/onrobot_driver/include/onrobot_driver/Modbus/tests/googletest/googlemock/test/gmock_output_test_.cc
[0.280s] -- Up-to-date symlink: /home/user/Desktop/ur_pick/ros2_ws/install/onrobot_driver/include/onrobot_driver/Modbus/tests/googletest/googlemock/test/gmock_output_test_golden.txt
[0.280s] -- Up-to-date symlink: /home/user/Desktop/ur_pick/ros2_ws/install/onrobot_driver/include/onrobot_driver/Modbus/tests/googletest/googlemock/test/gmock_stress_test.cc
[0.280s] -- Up-to-date symlink: /home/user/Desktop/ur_pick/ros2_ws/install/onrobot_driver/include/onrobot_driver/Modbus/tests/googletest/googlemock/test/gmock_test.cc
[0.280s] -- Up-to-date symlink: /home/user/Desktop/ur_pick/ros2_ws/install/onrobot_driver/include/onrobot_driver/Modbus/tests/googletest/googlemock/test/gmock_test_utils.py
[0.281s] -- Up-to-date symlink: /home/user/Desktop/ur_pick/ros2_ws/install/onrobot_driver/include/onrobot_driver/Modbus/tests/googletest/googletest/CMakeLists.txt
[0.281s] -- Up-to-date symlink: /home/user/Desktop/ur_pick/ros2_ws/install/onrobot_driver/include/onrobot_driver/Modbus/tests/googletest/googletest/README.md
[0.281s] -- Up-to-date symlink: /home/user/Desktop/ur_pick/ros2_ws/install/onrobot_driver/include/onrobot_driver/Modbus/tests/googletest/googletest/cmake/Config.cmake.in
[0.281s] -- Up-to-date symlink: /home/user/Desktop/ur_pick/ros2_ws/install/onrobot_driver/include/onrobot_driver/Modbus/tests/googletest/googletest/cmake/gtest.pc.in
[0.281s] -- Up-to-date symlink: /home/user/Desktop/ur_pick/ros2_ws/install/onrobot_driver/include/onrobot_driver/Modbus/tests/googletest/googletest/cmake/gtest_main.pc.in
[0.281s] -- Up-to-date symlink: /home/user/Desktop/ur_pick/ros2_ws/install/onrobot_driver/include/onrobot_driver/Modbus/tests/googletest/googletest/cmake/internal_utils.cmake
[0.281s] -- Up-to-date symlink: /home/user/Desktop/ur_pick/ros2_ws/install/onrobot_driver/include/onrobot_driver/Modbus/tests/googletest/googletest/cmake/libgtest.la.in
[0.282s] -- Up-to-date symlink: /home/user/Desktop/ur_pick/ros2_ws/install/onrobot_driver/include/onrobot_driver/Modbus/tests/googletest/googletest/docs/README.md
[0.282s] -- Up-to-date symlink: /home/user/Desktop/ur_pick/ros2_ws/install/onrobot_driver/include/onrobot_driver/Modbus/tests/googletest/googletest/include/gtest/gtest-assertion-result.h
[0.282s] -- Up-to-date symlink: /home/user/Desktop/ur_pick/ros2_ws/install/onrobot_driver/include/onrobot_driver/Modbus/tests/googletest/googletest/include/gtest/gtest-death-test.h
[0.282s] -- Up-to-date symlink: /home/user/Desktop/ur_pick/ros2_ws/install/onrobot_driver/include/onrobot_driver/Modbus/tests/googletest/googletest/include/gtest/gtest-matchers.h
[0.282s] -- Up-to-date symlink: /home/user/Desktop/ur_pick/ros2_ws/install/onrobot_driver/include/onrobot_driver/Modbus/tests/googletest/googletest/include/gtest/gtest-message.h
[0.282s] -- Up-to-date symlink: /home/user/Desktop/ur_pick/ros2_ws/install/onrobot_driver/include/onrobot_driver/Modbus/tests/googletest/googletest/include/gtest/gtest-param-test.h
[0.283s] -- Up-to-date symlink: /home/user/Desktop/ur_pick/ros2_ws/install/onrobot_driver/include/onrobot_driver/Modbus/tests/googletest/googletest/include/gtest/gtest-printers.h
[0.283s] -- Up-to-date symlink: /home/user/Desktop/ur_pick/ros2_ws/install/onrobot_driver/include/onrobot_driver/Modbus/tests/googletest/googletest/include/gtest/gtest-spi.h
[0.283s] -- Up-to-date symlink: /home/user/Desktop/ur_pick/ros2_ws/install/onrobot_driver/include/onrobot_driver/Modbus/tests/googletest/googletest/include/gtest/gtest-test-part.h
[0.283s] -- Up-to-date symlink: /home/user/Desktop/ur_pick/ros2_ws/install/onrobot_driver/include/onrobot_driver/Modbus/tests/googletest/googletest/include/gtest/gtest-typed-test.h
[0.283s] -- Up-to-date symlink: /home/user/Desktop/ur_pick/ros2_ws/install/onrobot_driver/include/onrobot_driver/Modbus/tests/googletest/googletest/include/gtest/gtest.h
[0.283s] -- Up-to-date symlink: /home/user/Desktop/ur_pick/ros2_ws/install/onrobot_driver/include/onrobot_driver/Modbus/tests/googletest/googletest/include/gtest/gtest_pred_impl.h
[0.284s] -- Up-to-date symlink: /home/user/Desktop/ur_pick/ros2_ws/install/onrobot_driver/include/onrobot_driver/Modbus/tests/googletest/googletest/include/gtest/gtest_prod.h
[0.284s] -- Up-to-date symlink: /home/user/Desktop/ur_pick/ros2_ws/install/onrobot_driver/include/onrobot_driver/Modbus/tests/googletest/googletest/include/gtest/internal/custom/README.md
[0.284s] -- Up-to-date symlink: /home/user/Desktop/ur_pick/ros2_ws/install/onrobot_driver/include/onrobot_driver/Modbus/tests/googletest/googletest/include/gtest/internal/custom/gtest-port.h
[0.284s] -- Up-to-date symlink: /home/user/Desktop/ur_pick/ros2_ws/install/onrobot_driver/include/onrobot_driver/Modbus/tests/googletest/googletest/include/gtest/internal/custom/gtest-printers.h
[0.284s] -- Up-to-date symlink: /home/user/Desktop/ur_pick/ros2_ws/install/onrobot_driver/include/onrobot_driver/Modbus/tests/googletest/googletest/include/gtest/internal/custom/gtest.h
[0.284s] -- Up-to-date symlink: /home/user/Desktop/ur_pick/ros2_ws/install/onrobot_driver/include/onrobot_driver/Modbus/tests/googletest/googletest/include/gtest/internal/gtest-death-test-internal.h
[0.285s] -- Up-to-date symlink: /home/user/Desktop/ur_pick/ros2_ws/install/onrobot_driver/include/onrobot_driver/Modbus/tests/googletest/googletest/include/gtest/internal/gtest-filepath.h
[0.285s] -- Up-to-date symlink: /home/user/Desktop/ur_pick/ros2_ws/install/onrobot_driver/include/onrobot_driver/Modbus/tests/googletest/googletest/include/gtest/internal/gtest-internal.h
[0.285s] -- Up-to-date symlink: /home/user/Desktop/ur_pick/ros2_ws/install/onrobot_driver/include/onrobot_driver/Modbus/tests/googletest/googletest/include/gtest/internal/gtest-param-util.h
[0.285s] -- Up-to-date symlink: /home/user/Desktop/ur_pick/ros2_ws/install/onrobot_driver/include/onrobot_driver/Modbus/tests/googletest/googletest/include/gtest/internal/gtest-port-arch.h
[0.285s] -- Up-to-date symlink: /home/user/Desktop/ur_pick/ros2_ws/install/onrobot_driver/include/onrobot_driver/Modbus/tests/googletest/googletest/include/gtest/internal/gtest-port.h
[0.285s] -- Up-to-date symlink: /home/user/Desktop/ur_pick/ros2_ws/install/onrobot_driver/include/onrobot_driver/Modbus/tests/googletest/googletest/include/gtest/internal/gtest-string.h
[0.286s] -- Up-to-date symlink: /home/user/Desktop/ur_pick/ros2_ws/install/onrobot_driver/include/onrobot_driver/Modbus/tests/googletest/googletest/include/gtest/internal/gtest-type-util.h
[0.286s] -- Up-to-date symlink: /home/user/Desktop/ur_pick/ros2_ws/install/onrobot_driver/include/onrobot_driver/Modbus/tests/googletest/googletest/samples/prime_tables.h
[0.286s] -- Up-to-date symlink: /home/user/Desktop/ur_pick/ros2_ws/install/onrobot_driver/include/onrobot_driver/Modbus/tests/googletest/googletest/samples/sample1.cc
[0.286s] -- Up-to-date symlink: /home/user/Desktop/ur_pick/ros2_ws/install/onrobot_driver/include/onrobot_driver/Modbus/tests/googletest/googletest/samples/sample1.h
[0.286s] -- Up-to-date symlink: /home/user/Desktop/ur_pick/ros2_ws/install/onrobot_driver/include/onrobot_driver/Modbus/tests/googletest/googletest/samples/sample10_unittest.cc
[0.286s] -- Up-to-date symlink: /home/user/Desktop/ur_pick/ros2_ws/install/onrobot_driver/include/onrobot_driver/Modbus/tests/googletest/googletest/samples/sample1_unittest.cc
[0.286s] -- Up-to-date symlink: /home/user/Desktop/ur_pick/ros2_ws/install/onrobot_driver/include/onrobot_driver/Modbus/tests/googletest/googletest/samples/sample2.cc
[0.287s] -- Up-to-date symlink: /home/user/Desktop/ur_pick/ros2_ws/install/onrobot_driver/include/onrobot_driver/Modbus/tests/googletest/googletest/samples/sample2.h
[0.287s] -- Up-to-date symlink: /home/user/Desktop/ur_pick/ros2_ws/install/onrobot_driver/include/onrobot_driver/Modbus/tests/googletest/googletest/samples/sample2_unittest.cc
[0.287s] -- Up-to-date symlink: /home/user/Desktop/ur_pick/ros2_ws/install/onrobot_driver/include/onrobot_driver/Modbus/tests/googletest/googletest/samples/sample3-inl.h
[0.287s] -- Up-to-date symlink: /home/user/Desktop/ur_pick/ros2_ws/install/onrobot_driver/include/onrobot_driver/Modbus/tests/googletest/googletest/samples/sample3_unittest.cc
[0.287s] -- Up-to-date symlink: /home/user/Desktop/ur_pick/ros2_ws/install/onrobot_driver/include/onrobot_driver/Modbus/tests/googletest/googletest/samples/sample4.cc
[0.287s] -- Up-to-date symlink: /home/user/Desktop/ur_pick/ros2_ws/install/onrobot_driver/include/onrobot_driver/Modbus/tests/googletest/googletest/samples/sample4.h
[0.288s] -- Up-to-date symlink: /home/user/Desktop/ur_pick/ros2_ws/install/onrobot_driver/include/onrobot_driver/Modbus/tests/googletest/googletest/samples/sample4_unittest.cc
[0.288s] -- Up-to-date symlink: /home/user/Desktop/ur_pick/ros2_ws/install/onrobot_driver/include/onrobot_driver/Modbus/tests/googletest/googletest/samples/sample5_unittest.cc
[0.288s] -- Up-to-date symlink: /home/user/Desktop/ur_pick/ros2_ws/install/onrobot_driver/include/onrobot_driver/Modbus/tests/googletest/googletest/samples/sample6_unittest.cc
[0.288s] -- Up-to-date symlink: /home/user/Desktop/ur_pick/ros2_ws/install/onrobot_driver/include/onrobot_driver/Modbus/tests/googletest/googletest/samples/sample7_unittest.cc
[0.288s] -- Up-to-date symlink: /home/user/Desktop/ur_pick/ros2_ws/install/onrobot_driver/include/onrobot_driver/Modbus/tests/googletest/googletest/samples/sample8_unittest.cc
[0.288s] -- Up-to-date symlink: /home/user/Desktop/ur_pick/ros2_ws/install/onrobot_driver/include/onrobot_driver/Modbus/tests/googletest/googletest/samples/sample9_unittest.cc
[0.288s] -- Up-to-date symlink: /home/user/Desktop/ur_pick/ros2_ws/install/onrobot_driver/include/onrobot_driver/Modbus/tests/googletest/googletest/src/gtest-all.cc
[0.289s] -- Up-to-date symlink: /home/user/Desktop/ur_pick/ros2_ws/install/onrobot_driver/include/onrobot_driver/Modbus/tests/googletest/googletest/src/gtest-assertion-result.cc
[0.289s] -- Up-to-date symlink: /home/user/Desktop/ur_pick/ros2_ws/install/onrobot_driver/include/onrobot_driver/Modbus/tests/googletest/googletest/src/gtest-death-test.cc
[0.289s] -- Up-to-date symlink: /home/user/Desktop/ur_pick/ros2_ws/install/onrobot_driver/include/onrobot_driver/Modbus/tests/googletest/googletest/src/gtest-filepath.cc
[0.289s] -- Up-to-date symlink: /home/user/Desktop/ur_pick/ros2_ws/install/onrobot_driver/include/onrobot_driver/Modbus/tests/googletest/googletest/src/gtest-internal-inl.h
[0.289s] -- Up-to-date symlink: /home/user/Desktop/ur_pick/ros2_ws/install/onrobot_driver/include/onrobot_driver/Modbus/tests/googletest/googletest/src/gtest-matchers.cc
[0.289s] -- Up-to-date symlink: /home/user/Desktop/ur_pick/ros2_ws/install/onrobot_driver/include/onrobot_driver/Modbus/tests/googletest/googletest/src/gtest-port.cc
[0.289s] -- Up-to-date symlink: /home/user/Desktop/ur_pick/ros2_ws/install/onrobot_driver/include/onrobot_driver/Modbus/tests/googletest/googletest/src/gtest-printers.cc
[0.290s] -- Up-to-date symlink: /home/user/Desktop/ur_pick/ros2_ws/install/onrobot_driver/include/onrobot_driver/Modbus/tests/googletest/googletest/src/gtest-test-part.cc
[0.290s] -- Up-to-date symlink: /home/user/Desktop/ur_pick/ros2_ws/install/onrobot_driver/include/onrobot_driver/Modbus/tests/googletest/googletest/src/gtest-typed-test.cc
[0.290s] -- Up-to-date symlink: /home/user/Desktop/ur_pick/ros2_ws/install/onrobot_driver/include/onrobot_driver/Modbus/tests/googletest/googletest/src/gtest.cc
[0.290s] -- Up-to-date symlink: /home/user/Desktop/ur_pick/ros2_ws/install/onrobot_driver/include/onrobot_driver/Modbus/tests/googletest/googletest/src/gtest_main.cc
[0.290s] -- Up-to-date symlink: /home/user/Desktop/ur_pick/ros2_ws/install/onrobot_driver/include/onrobot_driver/Modbus/tests/googletest/googletest/test/BUILD.bazel
[0.290s] -- Up-to-date symlink: /home/user/Desktop/ur_pick/ros2_ws/install/onrobot_driver/include/onrobot_driver/Modbus/tests/googletest/googletest/test/googletest-break-on-failure-unittest.py
[0.291s] -- Up-to-date symlink: /home/user/Desktop/ur_pick/ros2_ws/install/onrobot_driver/include/onrobot_driver/Modbus/tests/googletest/googletest/test/googletest-break-on-failure-unittest_.cc
[0.291s] -- Up-to-date symlink: /home/user/Desktop/ur_pick/ros2_ws/install/onrobot_driver/include/onrobot_driver/Modbus/tests/googletest/googletest/test/googletest-catch-exceptions-test.py
[0.291s] -- Up-to-date symlink: /home/user/Desktop/ur_pick/ros2_ws/install/onrobot_driver/include/onrobot_driver/Modbus/tests/googletest/googletest/test/googletest-catch-exceptions-test_.cc
[0.291s] -- Up-to-date symlink: /home/user/Desktop/ur_pick/ros2_ws/install/onrobot_driver/include/onrobot_driver/Modbus/tests/googletest/googletest/test/googletest-color-test.py
[0.291s] -- Up-to-date symlink: /home/user/Desktop/ur_pick/ros2_ws/install/onrobot_driver/include/onrobot_driver/Modbus/tests/googletest/googletest/test/googletest-color-test_.cc
[0.291s] -- Up-to-date symlink: /home/user/Desktop/ur_pick/ros2_ws/install/onrobot_driver/include/onrobot_driver/Modbus/tests/googletest/googletest/test/googletest-death-test-test.cc
[0.291s] -- Up-to-date symlink: /home/user/Desktop/ur_pick/ros2_ws/install/onrobot_driver/include/onrobot_driver/Modbus/tests/googletest/googletest/test/googletest-death-test_ex_test.cc
[0.292s] -- Up-to-date symlink: /home/user/Desktop/ur_pick/ros2_ws/install/onrobot_driver/include/onrobot_driver/Modbus/tests/googletest/googletest/test/googletest-env-var-test.py
[0.292s] -- Up-to-date symlink: /home/user/Desktop/ur_pick/ros2_ws/install/onrobot_driver/include/onrobot_driver/Modbus/tests/googletest/googletest/test/googletest-env-var-test_.cc
[0.292s] -- Up-to-date symlink: /home/user/Desktop/ur_pick/ros2_ws/install/onrobot_driver/include/onrobot_driver/Modbus/tests/googletest/googletest/test/googletest-failfast-unittest.py
[0.292s] -- Up-to-date symlink: /home/user/Desktop/ur_pick/ros2_ws/install/onrobot_driver/include/onrobot_driver/Modbus/tests/googletest/googletest/test/googletest-failfast-unittest_.cc
[0.292s] -- Up-to-date symlink: /home/user/Desktop/ur_pick/ros2_ws/install/onrobot_driver/include/onrobot_driver/Modbus/tests/googletest/googletest/test/googletest-filepath-test.cc
[0.292s] -- Up-to-date symlink: /home/user/Desktop/ur_pick/ros2_ws/install/onrobot_driver/include/onrobot_driver/Modbus/tests/googletest/googletest/test/googletest-filter-unittest.py
[0.292s] -- Up-to-date symlink: /home/user/Desktop/ur_pick/ros2_ws/install/onrobot_driver/include/onrobot_driver/Modbus/tests/googletest/googletest/test/googletest-filter-unittest_.cc
[0.293s] -- Up-to-date symlink: /home/user/Desktop/ur_pick/ros2_ws/install/onrobot_driver/include/onrobot_driver/Modbus/tests/googletest/googletest/test/googletest-global-environment-unittest.py
[0.293s] -- Up-to-date symlink: /home/user/Desktop/ur_pick/ros2_ws/install/onrobot_driver/include/onrobot_driver/Modbus/tests/googletest/googletest/test/googletest-global-environment-unittest_.cc
[0.293s] -- Up-to-date symlink: /home/user/Desktop/ur_pick/ros2_ws/install/onrobot_driver/include/onrobot_driver/Modbus/tests/googletest/googletest/test/googletest-json-outfiles-test.py
[0.293s] -- Up-to-date symlink: /home/user/Desktop/ur_pick/ros2_ws/install/onrobot_driver/include/onrobot_driver/Modbus/tests/googletest/googletest/test/googletest-json-output-unittest.py
[0.293s] -- Up-to-date symlink: /home/user/Desktop/ur_pick/ros2_ws/install/onrobot_driver/include/onrobot_driver/Modbus/tests/googletest/googletest/test/googletest-list-tests-unittest.py
[0.293s] -- Up-to-date symlink: /home/user/Desktop/ur_pick/ros2_ws/install/onrobot_driver/include/onrobot_driver/Modbus/tests/googletest/googletest/test/googletest-list-tests-unittest_.cc
[0.294s] -- Up-to-date symlink: /home/user/Desktop/ur_pick/ros2_ws/install/onrobot_driver/include/onrobot_driver/Modbus/tests/googletest/googletest/test/googletest-listener-test.cc
[0.294s] -- Up-to-date symlink: /home/user/Desktop/ur_pick/ros2_ws/install/onrobot_driver/include/onrobot_driver/Modbus/tests/googletest/googletest/test/googletest-message-test.cc
[0.294s] -- Up-to-date symlink: /home/user/Desktop/ur_pick/ros2_ws/install/onrobot_driver/include/onrobot_driver/Modbus/tests/googletest/googletest/test/googletest-options-test.cc
[0.294s] -- Up-to-date symlink: /home/user/Desktop/ur_pick/ros2_ws/install/onrobot_driver/include/onrobot_driver/Modbus/tests/googletest/googletest/test/googletest-output-test-golden-lin.txt
[0.294s] -- Up-to-date symlink: /home/user/Desktop/ur_pick/ros2_ws/install/onrobot_driver/include/onrobot_driver/Modbus/tests/googletest/googletest/test/googletest-output-test.py
[0.294s] -- Up-to-date symlink: /home/user/Desktop/ur_pick/ros2_ws/install/onrobot_driver/include/onrobot_driver/Modbus/tests/googletest/googletest/test/googletest-output-test_.cc
[0.294s] -- Up-to-date symlink: /home/user/Desktop/ur_pick/ros2_ws/install/onrobot_driver/include/onrobot_driver/Modbus/tests/googletest/googletest/test/googletest-param-test-invalid-name1-test.py
[0.295s] -- Up-to-date symlink: /home/user/Desktop/ur_pick/ros2_ws/install/onrobot_driver/include/onrobot_driver/Modbus/tests/googletest/googletest/test/googletest-param-test-invalid-name1-test_.cc
[0.295s] -- Up-to-date symlink: /home/user/Desktop/ur_pick/ros2_ws/install/onrobot_driver/include/onrobot_driver/Modbus/tests/googletest/googletest/test/googletest-param-test-invalid-name2-test.py
[0.295s] -- Up-to-date symlink: /home/user/Desktop/ur_pick/ros2_ws/install/onrobot_driver/include/onrobot_driver/Modbus/tests/googletest/googletest/test/googletest-param-test-invalid-name2-test_.cc
[0.295s] -- Up-to-date symlink: /home/user/Desktop/ur_pick/ros2_ws/install/onrobot_driver/include/onrobot_driver/Modbus/tests/googletest/googletest/test/googletest-param-test-test.cc
[0.295s] -- Up-to-date symlink: /home/user/Desktop/ur_pick/ros2_ws/install/onrobot_driver/include/onrobot_driver/Modbus/tests/googletest/googletest/test/googletest-param-test-test.h
[0.295s] -- Up-to-date symlink: /home/user/Desktop/ur_pick/ros2_ws/install/onrobot_driver/include/onrobot_driver/Modbus/tests/googletest/googletest/test/googletest-param-test2-test.cc
[0.295s] -- Up-to-date symlink: /home/user/Desktop/ur_pick/ros2_ws/install/onrobot_driver/include/onrobot_driver/Modbus/tests/googletest/googletest/test/googletest-port-test.cc
[0.296s] -- Up-to-date symlink: /home/user/Desktop/ur_pick/ros2_ws/install/onrobot_driver/include/onrobot_driver/Modbus/tests/googletest/googletest/test/googletest-printers-test.cc
[0.296s] -- Up-to-date symlink: /home/user/Desktop/ur_pick/ros2_ws/install/onrobot_driver/include/onrobot_driver/Modbus/tests/googletest/googletest/test/googletest-setuptestsuite-test.py
[0.296s] -- Up-to-date symlink: /home/user/Desktop/ur_pick/ros2_ws/install/onrobot_driver/include/onrobot_driver/Modbus/tests/googletest/googletest/test/googletest-setuptestsuite-test_.cc
[0.296s] -- Up-to-date symlink: /home/user/Desktop/ur_pick/ros2_ws/install/onrobot_driver/include/onrobot_driver/Modbus/tests/googletest/googletest/test/googletest-shuffle-test.py
[0.296s] -- Up-to-date symlink: /home/user/Desktop/ur_pick/ros2_ws/install/onrobot_driver/include/onrobot_driver/Modbus/tests/googletest/googletest/test/googletest-shuffle-test_.cc
[0.296s] -- Up-to-date symlink: /home/user/Desktop/ur_pick/ros2_ws/install/onrobot_driver/include/onrobot_driver/Modbus/tests/googletest/googletest/test/googletest-test-part-test.cc
[0.297s] -- Up-to-date symlink: /home/user/Desktop/ur_pick/ros2_ws/install/onrobot_driver/include/onrobot_driver/Modbus/tests/googletest/googletest/test/googletest-throw-on-failure-test.py
[0.297s] -- Up-to-date symlink: /home/user/Desktop/ur_pick/ros2_ws/install/onrobot_driver/include/onrobot_driver/Modbus/tests/googletest/googletest/test/googletest-throw-on-failure-test_.cc
[0.297s] -- Up-to-date symlink: /home/user/Desktop/ur_pick/ros2_ws/install/onrobot_driver/include/onrobot_driver/Modbus/tests/googletest/googletest/test/googletest-uninitialized-test.py
[0.297s] -- Up-to-date symlink: /home/user/Desktop/ur_pick/ros2_ws/install/onrobot_driver/include/onrobot_driver/Modbus/tests/googletest/googletest/test/googletest-uninitialized-test_.cc
[0.297s] -- Up-to-date symlink: /home/user/Desktop/ur_pick/ros2_ws/install/onrobot_driver/include/onrobot_driver/Modbus/tests/googletest/googletest/test/gtest-typed-test2_test.cc
[0.297s] -- Up-to-date symlink: /home/user/Desktop/ur_pick/ros2_ws/install/onrobot_driver/include/onrobot_driver/Modbus/tests/googletest/googletest/test/gtest-typed-test_test.cc
[0.297s] -- Up-to-date symlink: /home/user/Desktop/ur_pick/ros2_ws/install/onrobot_driver/include/onrobot_driver/Modbus/tests/googletest/googletest/test/gtest-typed-test_test.h
[0.298s] -- Up-to-date symlink: /home/user/Desktop/ur_pick/ros2_ws/install/onrobot_driver/include/onrobot_driver/Modbus/tests/googletest/googletest/test/gtest-unittest-api_test.cc
[0.298s] -- Up-to-date symlink: /home/user/Desktop/ur_pick/ros2_ws/install/onrobot_driver/include/onrobot_driver/Modbus/tests/googletest/googletest/test/gtest_all_test.cc
[0.298s] -- Up-to-date symlink: /home/user/Desktop/ur_pick/ros2_ws/install/onrobot_driver/include/onrobot_driver/Modbus/tests/googletest/googletest/test/gtest_assert_by_exception_test.cc
[0.298s] -- Up-to-date symlink: /home/user/Desktop/ur_pick/ros2_ws/install/onrobot_driver/include/onrobot_driver/Modbus/tests/googletest/googletest/test/gtest_environment_test.cc
[0.298s] -- Up-to-date symlink: /home/user/Desktop/ur_pick/ros2_ws/install/onrobot_driver/include/onrobot_driver/Modbus/tests/googletest/googletest/test/gtest_help_test.py
[0.298s] -- Up-to-date symlink: /home/user/Desktop/ur_pick/ros2_ws/install/onrobot_driver/include/onrobot_driver/Modbus/tests/googletest/googletest/test/gtest_help_test_.cc
[0.298s] -- Up-to-date symlink: /home/user/Desktop/ur_pick/ros2_ws/install/onrobot_driver/include/onrobot_driver/Modbus/tests/googletest/googletest/test/gtest_json_test_utils.py
[0.299s] -- Up-to-date symlink: /home/user/Desktop/ur_pick/ros2_ws/install/onrobot_driver/include/onrobot_driver/Modbus/tests/googletest/googletest/test/gtest_list_output_unittest.py
[0.299s] -- Up-to-date symlink: /home/user/Desktop/ur_pick/ros2_ws/install/onrobot_driver/include/onrobot_driver/Modbus/tests/googletest/googletest/test/gtest_list_output_unittest_.cc
[0.299s] -- Up-to-date symlink: /home/user/Desktop/ur_pick/ros2_ws/install/onrobot_driver/include/onrobot_driver/Modbus/tests/googletest/googletest/test/gtest_main_unittest.cc
[0.299s] -- Up-to-date symlink: /home/user/Desktop/ur_pick/ros2_ws/install/onrobot_driver/include/onrobot_driver/Modbus/tests/googletest/googletest/test/gtest_no_test_unittest.cc
[0.299s] -- Up-to-date symlink: /home/user/Desktop/ur_pick/ros2_ws/install/onrobot_driver/include/onrobot_driver/Modbus/tests/googletest/googletest/test/gtest_pred_impl_unittest.cc
[0.299s] -- Up-to-date symlink: /home/user/Desktop/ur_pick/ros2_ws/install/onrobot_driver/include/onrobot_driver/Modbus/tests/googletest/googletest/test/gtest_premature_exit_test.cc
[0.300s] -- Up-to-date symlink: /home/user/Desktop/ur_pick/ros2_ws/install/onrobot_driver/include/onrobot_driver/Modbus/tests/googletest/googletest/test/gtest_prod_test.cc
[0.300s] -- Up-to-date symlink: /home/user/Desktop/ur_pick/ros2_ws/install/onrobot_driver/include/onrobot_driver/Modbus/tests/googletest/googletest/test/gtest_repeat_test.cc
[0.300s] -- Up-to-date symlink: /home/user/Desktop/ur_pick/ros2_ws/install/onrobot_driver/include/onrobot_driver/Modbus/tests/googletest/googletest/test/gtest_skip_check_output_test.py
[0.300s] -- Up-to-date symlink: /home/user/Desktop/ur_pick/ros2_ws/install/onrobot_driver/include/onrobot_driver/Modbus/tests/googletest/googletest/test/gtest_skip_environment_check_output_test.py
[0.300s] -- Up-to-date symlink: /home/user/Desktop/ur_pick/ros2_ws/install/onrobot_driver/include/onrobot_driver/Modbus/tests/googletest/googletest/test/gtest_skip_in_environment_setup_test.cc
[0.300s] -- Up-to-date symlink: /home/user/Desktop/ur_pick/ros2_ws/install/onrobot_driver/include/onrobot_driver/Modbus/tests/googletest/googletest/test/gtest_skip_test.cc
[0.300s] -- Up-to-date symlink: /home/user/Desktop/ur_pick/ros2_ws/install/onrobot_driver/include/onrobot_driver/Modbus/tests/googletest/googletest/test/gtest_sole_header_test.cc
[0.301s] -- Up-to-date symlink: /home/user/Desktop/ur_pick/ros2_ws/install/onrobot_driver/include/onrobot_driver/Modbus/tests/googletest/googletest/test/gtest_stress_test.cc
[0.301s] -- Up-to-date symlink: /home/user/Desktop/ur_pick/ros2_ws/install/onrobot_driver/include/onrobot_driver/Modbus/tests/googletest/googletest/test/gtest_test_macro_stack_footprint_test.cc
[0.301s] -- Up-to-date symlink: /home/user/Desktop/ur_pick/ros2_ws/install/onrobot_driver/include/onrobot_driver/Modbus/tests/googletest/googletest/test/gtest_test_utils.py
[0.301s] -- Up-to-date symlink: /home/user/Desktop/ur_pick/ros2_ws/install/onrobot_driver/include/onrobot_driver/Modbus/tests/googletest/googletest/test/gtest_testbridge_test.py
[0.301s] -- Up-to-date symlink: /home/user/Desktop/ur_pick/ros2_ws/install/onrobot_driver/include/onrobot_driver/Modbus/tests/googletest/googletest/test/gtest_testbridge_test_.cc
[0.301s] -- Up-to-date symlink: /home/user/Desktop/ur_pick/ros2_ws/install/onrobot_driver/include/onrobot_driver/Modbus/tests/googletest/googletest/test/gtest_throw_on_failure_ex_test.cc
[0.301s] -- Up-to-date symlink: /home/user/Desktop/ur_pick/ros2_ws/install/onrobot_driver/include/onrobot_driver/Modbus/tests/googletest/googletest/test/gtest_unittest.cc
[0.302s] -- Up-to-date symlink: /home/user/Desktop/ur_pick/ros2_ws/install/onrobot_driver/include/onrobot_driver/Modbus/tests/googletest/googletest/test/gtest_xml_outfile1_test_.cc
[0.302s] -- Up-to-date symlink: /home/user/Desktop/ur_pick/ros2_ws/install/onrobot_driver/include/onrobot_driver/Modbus/tests/googletest/googletest/test/gtest_xml_outfile2_test_.cc
[0.302s] -- Up-to-date symlink: /home/user/Desktop/ur_pick/ros2_ws/install/onrobot_driver/include/onrobot_driver/Modbus/tests/googletest/googletest/test/gtest_xml_outfiles_test.py
[0.302s] -- Up-to-date symlink: /home/user/Desktop/ur_pick/ros2_ws/install/onrobot_driver/include/onrobot_driver/Modbus/tests/googletest/googletest/test/gtest_xml_output_unittest.py
[0.302s] -- Up-to-date symlink: /home/user/Desktop/ur_pick/ros2_ws/install/onrobot_driver/include/onrobot_driver/Modbus/tests/googletest/googletest/test/gtest_xml_output_unittest_.cc
[0.302s] -- Up-to-date symlink: /home/user/Desktop/ur_pick/ros2_ws/install/onrobot_driver/include/onrobot_driver/Modbus/tests/googletest/googletest/test/gtest_xml_test_utils.py
[0.303s] -- Up-to-date symlink: /home/user/Desktop/ur_pick/ros2_ws/install/onrobot_driver/include/onrobot_driver/Modbus/tests/googletest/googletest/test/production.cc
[0.303s] -- Up-to-date symlink: /home/user/Desktop/ur_pick/ros2_ws/install/onrobot_driver/include/onrobot_driver/Modbus/tests/googletest/googletest/test/production.h
[0.303s] -- Up-to-date symlink: /home/user/Desktop/ur_pick/ros2_ws/install/onrobot_driver/include/onrobot_driver/Modbus/tests/main.cpp
[0.303s] -- Up-to-date symlink: /home/user/Desktop/ur_pick/ros2_ws/install/onrobot_driver/include/onrobot_driver/RG.hpp
[0.303s] -- Up-to-date symlink: /home/user/Desktop/ur_pick/ros2_ws/install/onrobot_driver/include/onrobot_driver/SerialConnectionWrapper.hpp
[0.303s] -- Up-to-date symlink: /home/user/Desktop/ur_pick/ros2_ws/install/onrobot_driver/include/onrobot_driver/TCPConnectionWrapper.hpp
[0.303s] -- Up-to-date symlink: /home/user/Desktop/ur_pick/ros2_ws/install/onrobot_driver/include/onrobot_driver/rg_hardware_interface.hpp
[0.303s] -- Up-to-date symlink: /home/user/Desktop/ur_pick/ros2_ws/install/onrobot_driver/share/onrobot_driver/environment/library_path.sh
[0.304s] -- Up-to-date symlink: /home/user/Desktop/ur_pick/ros2_ws/install/onrobot_driver/share/onrobot_driver/environment/library_path.dsv
[0.311s] -- Up-to-date symlink: /home/user/Desktop/ur_pick/ros2_ws/install/onrobot_driver/include/onrobot_driver/IModbusConnection.hpp
[0.311s] -- Up-to-date symlink: /home/user/Desktop/ur_pick/ros2_ws/install/onrobot_driver/include/onrobot_driver/Modbus/.clang-format
[0.311s] -- Up-to-date symlink: /home/user/Desktop/ur_pick/ros2_ws/install/onrobot_driver/include/onrobot_driver/Modbus/.git
[0.312s] -- Up-to-date symlink: /home/user/Desktop/ur_pick/ros2_ws/install/onrobot_driver/include/onrobot_driver/Modbus/.github/workflows/clang-format.yml
[0.312s] -- Up-to-date symlink: /home/user/Desktop/ur_pick/ros2_ws/install/onrobot_driver/include/onrobot_driver/Modbus/.github/workflows/cmake-multi-platform.yml
[0.312s] -- Up-to-date symlink: /home/user/Desktop/ur_pick/ros2_ws/install/onrobot_driver/include/onrobot_driver/Modbus/.gitignore
[0.312s] -- Up-to-date symlink: /home/user/Desktop/ur_pick/ros2_ws/install/onrobot_driver/include/onrobot_driver/Modbus/.gitmodules
[0.312s] -- Up-to-date symlink: /home/user/Desktop/ur_pick/ros2_ws/install/onrobot_driver/include/onrobot_driver/Modbus/CMakeLists.txt
[0.312s] -- Up-to-date symlink: /home/user/Desktop/ur_pick/ros2_ws/install/onrobot_driver/include/onrobot_driver/Modbus/Doxyfile
[0.312s] -- Up-to-date symlink: /home/user/Desktop/ur_pick/ros2_ws/install/onrobot_driver/include/onrobot_driver/Modbus/LICENSE
[0.312s] -- Up-to-date symlink: /home/user/Desktop/ur_pick/ros2_ws/install/onrobot_driver/include/onrobot_driver/Modbus/README.md
[0.312s] -- Up-to-date symlink: /home/user/Desktop/ur_pick/ros2_ws/install/onrobot_driver/include/onrobot_driver/Modbus/docs/html/Serial_2connection_8hpp_source.html
[0.313s] -- Up-to-date symlink: /home/user/Desktop/ur_pick/ros2_ws/install/onrobot_driver/include/onrobot_driver/Modbus/docs/html/TCP_2connection_8hpp_source.html
[0.313s] -- Up-to-date symlink: /home/user/Desktop/ur_pick/ros2_ws/install/onrobot_driver/include/onrobot_driver/Modbus/docs/html/annotated.html
[0.313s] -- Up-to-date symlink: /home/user/Desktop/ur_pick/ros2_ws/install/onrobot_driver/include/onrobot_driver/Modbus/docs/html/bc_s.png
[0.313s] -- Up-to-date symlink: /home/user/Desktop/ur_pick/ros2_ws/install/onrobot_driver/include/onrobot_driver/Modbus/docs/html/bc_sd.png
[0.313s] -- Up-to-date symlink: /home/user/Desktop/ur_pick/ros2_ws/install/onrobot_driver/include/onrobot_driver/Modbus/docs/html/bdwn.png
[0.313s] -- Up-to-date symlink: /home/user/Desktop/ur_pick/ros2_ws/install/onrobot_driver/include/onrobot_driver/Modbus/docs/html/classMB_1_1ModbusCell-members.html
[0.313s] -- Up-to-date symlink: /home/user/Desktop/ur_pick/ros2_ws/install/onrobot_driver/include/onrobot_driver/Modbus/docs/html/classMB_1_1ModbusCell.html
[0.314s] -- Up-to-date symlink: /home/user/Desktop/ur_pick/ros2_ws/install/onrobot_driver/include/onrobot_driver/Modbus/docs/html/classMB_1_1ModbusException-members.html
[0.314s] -- Up-to-date symlink: /home/user/Desktop/ur_pick/ros2_ws/install/onrobot_driver/include/onrobot_driver/Modbus/docs/html/classMB_1_1ModbusException.html
[0.314s] -- Up-to-date symlink: /home/user/Desktop/ur_pick/ros2_ws/install/onrobot_driver/include/onrobot_driver/Modbus/docs/html/classMB_1_1ModbusException.png
[0.314s] -- Up-to-date symlink: /home/user/Desktop/ur_pick/ros2_ws/install/onrobot_driver/include/onrobot_driver/Modbus/docs/html/classMB_1_1ModbusRequest-members.html
[0.314s] -- Up-to-date symlink: /home/user/Desktop/ur_pick/ros2_ws/install/onrobot_driver/include/onrobot_driver/Modbus/docs/html/classMB_1_1ModbusRequest.html
[0.314s] -- Up-to-date symlink: /home/user/Desktop/ur_pick/ros2_ws/install/onrobot_driver/include/onrobot_driver/Modbus/docs/html/classMB_1_1ModbusResponse-members.html
[0.314s] -- Up-to-date symlink: /home/user/Desktop/ur_pick/ros2_ws/install/onrobot_driver/include/onrobot_driver/Modbus/docs/html/classMB_1_1ModbusResponse.html
[0.315s] -- Up-to-date symlink: /home/user/Desktop/ur_pick/ros2_ws/install/onrobot_driver/include/onrobot_driver/Modbus/docs/html/classMB_1_1Serial_1_1Connection-members.html
[0.315s] -- Up-to-date symlink: /home/user/Desktop/ur_pick/ros2_ws/install/onrobot_driver/include/onrobot_driver/Modbus/docs/html/classMB_1_1Serial_1_1Connection.html
[0.315s] -- Up-to-date symlink: /home/user/Desktop/ur_pick/ros2_ws/install/onrobot_driver/include/onrobot_driver/Modbus/docs/html/classMB_1_1TCP_1_1Connection-members.html
[0.315s] -- Up-to-date symlink: /home/user/Desktop/ur_pick/ros2_ws/install/onrobot_driver/include/onrobot_driver/Modbus/docs/html/classMB_1_1TCP_1_1Connection.html
[0.315s] -- Up-to-date symlink: /home/user/Desktop/ur_pick/ros2_ws/install/onrobot_driver/include/onrobot_driver/Modbus/docs/html/classMB_1_1TCP_1_1Server-members.html
[0.315s] -- Up-to-date symlink: /home/user/Desktop/ur_pick/ros2_ws/install/onrobot_driver/include/onrobot_driver/Modbus/docs/html/classMB_1_1TCP_1_1Server.html
[0.315s] -- Up-to-date symlink: /home/user/Desktop/ur_pick/ros2_ws/install/onrobot_driver/include/onrobot_driver/Modbus/docs/html/classes.html
[0.316s] -- Up-to-date symlink: /home/user/Desktop/ur_pick/ros2_ws/install/onrobot_driver/include/onrobot_driver/Modbus/docs/html/clipboard.js
[0.316s] -- Up-to-date symlink: /home/user/Desktop/ur_pick/ros2_ws/install/onrobot_driver/include/onrobot_driver/Modbus/docs/html/closed.png
[0.316s] -- Up-to-date symlink: /home/user/Desktop/ur_pick/ros2_ws/install/onrobot_driver/include/onrobot_driver/Modbus/docs/html/cookie.js
[0.316s] -- Up-to-date symlink: /home/user/Desktop/ur_pick/ros2_ws/install/onrobot_driver/include/onrobot_driver/Modbus/docs/html/crc_8hpp_source.html
[0.316s] -- Up-to-date symlink: /home/user/Desktop/ur_pick/ros2_ws/install/onrobot_driver/include/onrobot_driver/Modbus/docs/html/deprecated.html
[0.316s] -- Up-to-date symlink: /home/user/Desktop/ur_pick/ros2_ws/install/onrobot_driver/include/onrobot_driver/Modbus/docs/html/dir_5c4711b76244cf820e6fc766a3eae98f.html
[0.316s] -- Up-to-date symlink: /home/user/Desktop/ur_pick/ros2_ws/install/onrobot_driver/include/onrobot_driver/Modbus/docs/html/dir_68267d1309a1af8e8297ef4c3efbcdba.html
[0.316s] -- Up-to-date symlink: /home/user/Desktop/ur_pick/ros2_ws/install/onrobot_driver/include/onrobot_driver/Modbus/docs/html/dir_89deb882b528f943e97271a20701dad4.html
[0.317s] -- Up-to-date symlink: /home/user/Desktop/ur_pick/ros2_ws/install/onrobot_driver/include/onrobot_driver/Modbus/docs/html/dir_bce4fe468017adc58bf81882531ea016.html
[0.317s] -- Up-to-date symlink: /home/user/Desktop/ur_pick/ros2_ws/install/onrobot_driver/include/onrobot_driver/Modbus/docs/html/dir_d44c64559bbebec7f509842c48db8b23.html
[0.317s] -- Up-to-date symlink: /home/user/Desktop/ur_pick/ros2_ws/install/onrobot_driver/include/onrobot_driver/Modbus/docs/html/dir_f8aebf652183de33714d471cbd098255.html
[0.317s] -- Up-to-date symlink: /home/user/Desktop/ur_pick/ros2_ws/install/onrobot_driver/include/onrobot_driver/Modbus/docs/html/dir_fa17a7b3bf7c731ce009520520ae23a8.html
[0.317s] -- Up-to-date symlink: /home/user/Desktop/ur_pick/ros2_ws/install/onrobot_driver/include/onrobot_driver/Modbus/docs/html/doc.png
[0.317s] -- Up-to-date symlink: /home/user/Desktop/ur_pick/ros2_ws/install/onrobot_driver/include/onrobot_driver/Modbus/docs/html/doc.svg
[0.317s] -- Up-to-date symlink: /home/user/Desktop/ur_pick/ros2_ws/install/onrobot_driver/include/onrobot_driver/Modbus/docs/html/docd.svg
[0.318s] -- Up-to-date symlink: /home/user/Desktop/ur_pick/ros2_ws/install/onrobot_driver/include/onrobot_driver/Modbus/docs/html/doxygen.css
[0.318s] -- Up-to-date symlink: /home/user/Desktop/ur_pick/ros2_ws/install/onrobot_driver/include/onrobot_driver/Modbus/docs/html/doxygen.svg
[0.318s] -- Up-to-date symlink: /home/user/Desktop/ur_pick/ros2_ws/install/onrobot_driver/include/onrobot_driver/Modbus/docs/html/doxygen_crawl.html
[0.318s] -- Up-to-date symlink: /home/user/Desktop/ur_pick/ros2_ws/install/onrobot_driver/include/onrobot_driver/Modbus/docs/html/dynsections.js
[0.318s] -- Up-to-date symlink: /home/user/Desktop/ur_pick/ros2_ws/install/onrobot_driver/include/onrobot_driver/Modbus/docs/html/files.html
[0.319s] -- Up-to-date symlink: /home/user/Desktop/ur_pick/ros2_ws/install/onrobot_driver/include/onrobot_driver/Modbus/docs/html/folderclosed.png
[0.319s] -- Up-to-date symlink: /home/user/Desktop/ur_pick/ros2_ws/install/onrobot_driver/include/onrobot_driver/Modbus/docs/html/folderclosed.svg
[0.319s] -- Up-to-date symlink: /home/user/Desktop/ur_pick/ros2_ws/install/onrobot_driver/include/onrobot_driver/Modbus/docs/html/folderclosedd.svg
[0.319s] -- Up-to-date symlink: /home/user/Desktop/ur_pick/ros2_ws/install/onrobot_driver/include/onrobot_driver/Modbus/docs/html/folderopen.png
[0.320s] -- Up-to-date symlink: /home/user/Desktop/ur_pick/ros2_ws/install/onrobot_driver/include/onrobot_driver/Modbus/docs/html/folderopen.svg
[0.320s] -- Up-to-date symlink: /home/user/Desktop/ur_pick/ros2_ws/install/onrobot_driver/include/onrobot_driver/Modbus/docs/html/folderopend.svg
[0.320s] -- Up-to-date symlink: /home/user/Desktop/ur_pick/ros2_ws/install/onrobot_driver/include/onrobot_driver/Modbus/docs/html/functions.html
[0.321s] -- Up-to-date symlink: /home/user/Desktop/ur_pick/ros2_ws/install/onrobot_driver/include/onrobot_driver/Modbus/docs/html/functions_func.html
[0.321s] -- Up-to-date symlink: /home/user/Desktop/ur_pick/ros2_ws/install/onrobot_driver/include/onrobot_driver/Modbus/docs/html/group__MB.html
[0.321s] -- Up-to-date symlink: /home/user/Desktop/ur_pick/ros2_ws/install/onrobot_driver/include/onrobot_driver/Modbus/docs/html/hierarchy.html
[0.321s] -- Up-to-date symlink: /home/user/Desktop/ur_pick/ros2_ws/install/onrobot_driver/include/onrobot_driver/Modbus/docs/html/index.html
[0.322s] -- Up-to-date symlink: /home/user/Desktop/ur_pick/ros2_ws/install/onrobot_driver/include/onrobot_driver/Modbus/docs/html/jquery.js
[0.322s] -- Up-to-date symlink: /home/user/Desktop/ur_pick/ros2_ws/install/onrobot_driver/include/onrobot_driver/Modbus/docs/html/menu.js
[0.322s] -- Up-to-date symlink: /home/user/Desktop/ur_pick/ros2_ws/install/onrobot_driver/include/onrobot_driver/Modbus/docs/html/menudata.js
[0.322s] -- Up-to-date symlink: /home/user/Desktop/ur_pick/ros2_ws/install/onrobot_driver/include/onrobot_driver/Modbus/docs/html/minus.svg
[0.323s] -- Up-to-date symlink: /home/user/Desktop/ur_pick/ros2_ws/install/onrobot_driver/include/onrobot_driver/Modbus/docs/html/minusd.svg
[0.323s] -- Up-to-date symlink: /home/user/Desktop/ur_pick/ros2_ws/install/onrobot_driver/include/onrobot_driver/Modbus/docs/html/modbusCell_8hpp_source.html
[0.323s] -- Up-to-date symlink: /home/user/Desktop/ur_pick/ros2_ws/install/onrobot_driver/include/onrobot_driver/Modbus/docs/html/modbusException_8hpp_source.html
[0.323s] -- Up-to-date symlink: /home/user/Desktop/ur_pick/ros2_ws/install/onrobot_driver/include/onrobot_driver/Modbus/docs/html/modbusRequest_8hpp_source.html
[0.324s] -- Up-to-date symlink: /home/user/Desktop/ur_pick/ros2_ws/install/onrobot_driver/include/onrobot_driver/Modbus/docs/html/modbusResponse_8hpp_source.html
[0.324s] -- Up-to-date symlink: /home/user/Desktop/ur_pick/ros2_ws/install/onrobot_driver/include/onrobot_driver/Modbus/docs/html/modbusUtils_8hpp_source.html
[0.324s] -- Up-to-date symlink: /home/user/Desktop/ur_pick/ros2_ws/install/onrobot_driver/include/onrobot_driver/Modbus/docs/html/modules.html
[0.324s] -- Up-to-date symlink: /home/user/Desktop/ur_pick/ros2_ws/install/onrobot_driver/include/onrobot_driver/Modbus/docs/html/namespaceMB.html
[0.325s] -- Up-to-date symlink: /home/user/Desktop/ur_pick/ros2_ws/install/onrobot_driver/include/onrobot_driver/Modbus/docs/html/namespaceMB_1_1CRC.html
[0.325s] -- Up-to-date symlink: /home/user/Desktop/ur_pick/ros2_ws/install/onrobot_driver/include/onrobot_driver/Modbus/docs/html/namespaceMB_1_1utils.html
[0.325s] -- Up-to-date symlink: /home/user/Desktop/ur_pick/ros2_ws/install/onrobot_driver/include/onrobot_driver/Modbus/docs/html/namespacemembers.html
[0.325s] -- Up-to-date symlink: /home/user/Desktop/ur_pick/ros2_ws/install/onrobot_driver/include/onrobot_driver/Modbus/docs/html/namespacemembers_enum.html
[0.326s] -- Up-to-date symlink: /home/user/Desktop/ur_pick/ros2_ws/install/onrobot_driver/include/onrobot_driver/Modbus/docs/html/namespacemembers_func.html
[0.326s] -- Up-to-date symlink: /home/user/Desktop/ur_pick/ros2_ws/install/onrobot_driver/include/onrobot_driver/Modbus/docs/html/namespaces.html
[0.326s] -- Up-to-date symlink: /home/user/Desktop/ur_pick/ros2_ws/install/onrobot_driver/include/onrobot_driver/Modbus/docs/html/nav_f.png
[0.326s] -- Up-to-date symlink: /home/user/Desktop/ur_pick/ros2_ws/install/onrobot_driver/include/onrobot_driver/Modbus/docs/html/nav_fd.png
[0.327s] -- Up-to-date symlink: /home/user/Desktop/ur_pick/ros2_ws/install/onrobot_driver/include/onrobot_driver/Modbus/docs/html/nav_g.png
[0.327s] -- Up-to-date symlink: /home/user/Desktop/ur_pick/ros2_ws/install/onrobot_driver/include/onrobot_driver/Modbus/docs/html/nav_h.png
[0.327s] -- Up-to-date symlink: /home/user/Desktop/ur_pick/ros2_ws/install/onrobot_driver/include/onrobot_driver/Modbus/docs/html/nav_hd.png
[0.327s] -- Up-to-date symlink: /home/user/Desktop/ur_pick/ros2_ws/install/onrobot_driver/include/onrobot_driver/Modbus/docs/html/open.png
[0.328s] -- Up-to-date symlink: /home/user/Desktop/ur_pick/ros2_ws/install/onrobot_driver/include/onrobot_driver/Modbus/docs/html/pages.html
[0.328s] -- Up-to-date symlink: /home/user/Desktop/ur_pick/ros2_ws/install/onrobot_driver/include/onrobot_driver/Modbus/docs/html/plus.svg
[0.328s] -- Up-to-date symlink: /home/user/Desktop/ur_pick/ros2_ws/install/onrobot_driver/include/onrobot_driver/Modbus/docs/html/plusd.svg
[0.328s] -- Up-to-date symlink: /home/user/Desktop/ur_pick/ros2_ws/install/onrobot_driver/include/onrobot_driver/Modbus/docs/html/search/all_0.html
[0.329s] -- Up-to-date symlink: /home/user/Desktop/ur_pick/ros2_ws/install/onrobot_driver/include/onrobot_driver/Modbus/docs/html/search/all_0.js
[0.329s] -- Up-to-date symlink: /home/user/Desktop/ur_pick/ros2_ws/install/onrobot_driver/include/onrobot_driver/Modbus/docs/html/search/all_1.html
[0.329s] -- Up-to-date symlink: /home/user/Desktop/ur_pick/ros2_ws/install/onrobot_driver/include/onrobot_driver/Modbus/docs/html/search/all_1.js
[0.329s] -- Up-to-date symlink: /home/user/Desktop/ur_pick/ros2_ws/install/onrobot_driver/include/onrobot_driver/Modbus/docs/html/search/all_10.js
[0.330s] -- Up-to-date symlink: /home/user/Desktop/ur_pick/ros2_ws/install/onrobot_driver/include/onrobot_driver/Modbus/docs/html/search/all_11.js
[0.330s] -- Up-to-date symlink: /home/user/Desktop/ur_pick/ros2_ws/install/onrobot_driver/include/onrobot_driver/Modbus/docs/html/search/all_2.html
[0.330s] -- Up-to-date symlink: /home/user/Desktop/ur_pick/ros2_ws/install/onrobot_driver/include/onrobot_driver/Modbus/docs/html/search/all_2.js
[0.330s] -- Up-to-date symlink: /home/user/Desktop/ur_pick/ros2_ws/install/onrobot_driver/include/onrobot_driver/Modbus/docs/html/search/all_3.html
[0.331s] -- Up-to-date symlink: /home/user/Desktop/ur_pick/ros2_ws/install/onrobot_driver/include/onrobot_driver/Modbus/docs/html/search/all_3.js
[0.331s] -- Up-to-date symlink: /home/user/Desktop/ur_pick/ros2_ws/install/onrobot_driver/include/onrobot_driver/Modbus/docs/html/search/all_4.html
[0.331s] -- Up-to-date symlink: /home/user/Desktop/ur_pick/ros2_ws/install/onrobot_driver/include/onrobot_driver/Modbus/docs/html/search/all_4.js
[0.331s] -- Up-to-date symlink: /home/user/Desktop/ur_pick/ros2_ws/install/onrobot_driver/include/onrobot_driver/Modbus/docs/html/search/all_5.html
[0.332s] -- Up-to-date symlink: /home/user/Desktop/ur_pick/ros2_ws/install/onrobot_driver/include/onrobot_driver/Modbus/docs/html/search/all_5.js
[0.332s] -- Up-to-date symlink: /home/user/Desktop/ur_pick/ros2_ws/install/onrobot_driver/include/onrobot_driver/Modbus/docs/html/search/all_6.html
[0.332s] -- Up-to-date symlink: /home/user/Desktop/ur_pick/ros2_ws/install/onrobot_driver/include/onrobot_driver/Modbus/docs/html/search/all_6.js
[0.332s] -- Up-to-date symlink: /home/user/Desktop/ur_pick/ros2_ws/install/onrobot_driver/include/onrobot_driver/Modbus/docs/html/search/all_7.html
[0.333s] -- Up-to-date symlink: /home/user/Desktop/ur_pick/ros2_ws/install/onrobot_driver/include/onrobot_driver/Modbus/docs/html/search/all_7.js
[0.333s] -- Up-to-date symlink: /home/user/Desktop/ur_pick/ros2_ws/install/onrobot_driver/include/onrobot_driver/Modbus/docs/html/search/all_8.html
[0.333s] -- Up-to-date symlink: /home/user/Desktop/ur_pick/ros2_ws/install/onrobot_driver/include/onrobot_driver/Modbus/docs/html/search/all_8.js
[0.333s] -- Up-to-date symlink: /home/user/Desktop/ur_pick/ros2_ws/install/onrobot_driver/include/onrobot_driver/Modbus/docs/html/search/all_9.html
[0.333s] -- Up-to-date symlink: /home/user/Desktop/ur_pick/ros2_ws/install/onrobot_driver/include/onrobot_driver/Modbus/docs/html/search/all_9.js
[0.334s] -- Up-to-date symlink: /home/user/Desktop/ur_pick/ros2_ws/install/onrobot_driver/include/onrobot_driver/Modbus/docs/html/search/all_a.js
[0.334s] -- Up-to-date symlink: /home/user/Desktop/ur_pick/ros2_ws/install/onrobot_driver/include/onrobot_driver/Modbus/docs/html/search/all_b.js
[0.334s] -- Up-to-date symlink: /home/user/Desktop/ur_pick/ros2_ws/install/onrobot_driver/include/onrobot_driver/Modbus/docs/html/search/all_c.js
[0.335s] -- Up-to-date symlink: /home/user/Desktop/ur_pick/ros2_ws/install/onrobot_driver/include/onrobot_driver/Modbus/docs/html/search/all_d.js
[0.335s] -- Up-to-date symlink: /home/user/Desktop/ur_pick/ros2_ws/install/onrobot_driver/include/onrobot_driver/Modbus/docs/html/search/all_e.js
[0.335s] -- Up-to-date symlink: /home/user/Desktop/ur_pick/ros2_ws/install/onrobot_driver/include/onrobot_driver/Modbus/docs/html/search/all_f.js
[0.335s] -- Up-to-date symlink: /home/user/Desktop/ur_pick/ros2_ws/install/onrobot_driver/include/onrobot_driver/Modbus/docs/html/search/classes_0.html
[0.335s] -- Up-to-date symlink: /home/user/Desktop/ur_pick/ros2_ws/install/onrobot_driver/include/onrobot_driver/Modbus/docs/html/search/classes_0.js
[0.335s] -- Up-to-date symlink: /home/user/Desktop/ur_pick/ros2_ws/install/onrobot_driver/include/onrobot_driver/Modbus/docs/html/search/classes_1.html
[0.335s] -- Up-to-date symlink: /home/user/Desktop/ur_pick/ros2_ws/install/onrobot_driver/include/onrobot_driver/Modbus/docs/html/search/classes_1.js
[0.336s] -- Up-to-date symlink: /home/user/Desktop/ur_pick/ros2_ws/install/onrobot_driver/include/onrobot_driver/Modbus/docs/html/search/classes_2.html
[0.336s] -- Up-to-date symlink: /home/user/Desktop/ur_pick/ros2_ws/install/onrobot_driver/include/onrobot_driver/Modbus/docs/html/search/classes_2.js
[0.336s] -- Up-to-date symlink: /home/user/Desktop/ur_pick/ros2_ws/install/onrobot_driver/include/onrobot_driver/Modbus/docs/html/search/close.svg
[0.336s] -- Up-to-date symlink: /home/user/Desktop/ur_pick/ros2_ws/install/onrobot_driver/include/onrobot_driver/Modbus/docs/html/search/enums_0.html
[0.336s] -- Up-to-date symlink: /home/user/Desktop/ur_pick/ros2_ws/install/onrobot_driver/include/onrobot_driver/Modbus/docs/html/search/enums_0.js
[0.336s] -- Up-to-date symlink: /home/user/Desktop/ur_pick/ros2_ws/install/onrobot_driver/include/onrobot_driver/Modbus/docs/html/search/functions_0.html
[0.336s] -- Up-to-date symlink: /home/user/Desktop/ur_pick/ros2_ws/install/onrobot_driver/include/onrobot_driver/Modbus/docs/html/search/functions_0.js
[0.337s] -- Up-to-date symlink: /home/user/Desktop/ur_pick/ros2_ws/install/onrobot_driver/include/onrobot_driver/Modbus/docs/html/search/functions_1.html
[0.337s] -- Up-to-date symlink: /home/user/Desktop/ur_pick/ros2_ws/install/onrobot_driver/include/onrobot_driver/Modbus/docs/html/search/functions_1.js
[0.337s] -- Up-to-date symlink: /home/user/Desktop/ur_pick/ros2_ws/install/onrobot_driver/include/onrobot_driver/Modbus/docs/html/search/functions_2.html
[0.337s] -- Up-to-date symlink: /home/user/Desktop/ur_pick/ros2_ws/install/onrobot_driver/include/onrobot_driver/Modbus/docs/html/search/functions_2.js
[0.337s] -- Up-to-date symlink: /home/user/Desktop/ur_pick/ros2_ws/install/onrobot_driver/include/onrobot_driver/Modbus/docs/html/search/functions_3.html
[0.337s] -- Up-to-date symlink: /home/user/Desktop/ur_pick/ros2_ws/install/onrobot_driver/include/onrobot_driver/Modbus/docs/html/search/functions_3.js
[0.337s] -- Up-to-date symlink: /home/user/Desktop/ur_pick/ros2_ws/install/onrobot_driver/include/onrobot_driver/Modbus/docs/html/search/functions_4.html
[0.338s] -- Up-to-date symlink: /home/user/Desktop/ur_pick/ros2_ws/install/onrobot_driver/include/onrobot_driver/Modbus/docs/html/search/functions_4.js
[0.338s] -- Up-to-date symlink: /home/user/Desktop/ur_pick/ros2_ws/install/onrobot_driver/include/onrobot_driver/Modbus/docs/html/search/functions_5.html
[0.338s] -- Up-to-date symlink: /home/user/Desktop/ur_pick/ros2_ws/install/onrobot_driver/include/onrobot_driver/Modbus/docs/html/search/functions_5.js
[0.338s] -- Up-to-date symlink: /home/user/Desktop/ur_pick/ros2_ws/install/onrobot_driver/include/onrobot_driver/Modbus/docs/html/search/functions_6.html
[0.338s] -- Up-to-date symlink: /home/user/Desktop/ur_pick/ros2_ws/install/onrobot_driver/include/onrobot_driver/Modbus/docs/html/search/functions_6.js
[0.338s] -- Up-to-date symlink: /home/user/Desktop/ur_pick/ros2_ws/install/onrobot_driver/include/onrobot_driver/Modbus/docs/html/search/functions_7.html
[0.338s] -- Up-to-date symlink: /home/user/Desktop/ur_pick/ros2_ws/install/onrobot_driver/include/onrobot_driver/Modbus/docs/html/search/functions_7.js
[0.338s] -- Up-to-date symlink: /home/user/Desktop/ur_pick/ros2_ws/install/onrobot_driver/include/onrobot_driver/Modbus/docs/html/search/functions_8.html
[0.339s] -- Up-to-date symlink: /home/user/Desktop/ur_pick/ros2_ws/install/onrobot_driver/include/onrobot_driver/Modbus/docs/html/search/functions_8.js
[0.339s] -- Up-to-date symlink: /home/user/Desktop/ur_pick/ros2_ws/install/onrobot_driver/include/onrobot_driver/Modbus/docs/html/search/functions_9.html
[0.339s] -- Up-to-date symlink: /home/user/Desktop/ur_pick/ros2_ws/install/onrobot_driver/include/onrobot_driver/Modbus/docs/html/search/functions_9.js
[0.339s] -- Up-to-date symlink: /home/user/Desktop/ur_pick/ros2_ws/install/onrobot_driver/include/onrobot_driver/Modbus/docs/html/search/functions_a.js
[0.339s] -- Up-to-date symlink: /home/user/Desktop/ur_pick/ros2_ws/install/onrobot_driver/include/onrobot_driver/Modbus/docs/html/search/mag.svg
[0.339s] -- Up-to-date symlink: /home/user/Desktop/ur_pick/ros2_ws/install/onrobot_driver/include/onrobot_driver/Modbus/docs/html/search/mag_d.svg
[0.339s] -- Up-to-date symlink: /home/user/Desktop/ur_pick/ros2_ws/install/onrobot_driver/include/onrobot_driver/Modbus/docs/html/search/mag_sel.svg
[0.340s] -- Up-to-date symlink: /home/user/Desktop/ur_pick/ros2_ws/install/onrobot_driver/include/onrobot_driver/Modbus/docs/html/search/mag_seld.svg
[0.340s] -- Up-to-date symlink: /home/user/Desktop/ur_pick/ros2_ws/install/onrobot_driver/include/onrobot_driver/Modbus/docs/html/search/namespaces_0.html
[0.340s] -- Up-to-date symlink: /home/user/Desktop/ur_pick/ros2_ws/install/onrobot_driver/include/onrobot_driver/Modbus/docs/html/search/namespaces_0.js
[0.340s] -- Up-to-date symlink: /home/user/Desktop/ur_pick/ros2_ws/install/onrobot_driver/include/onrobot_driver/Modbus/docs/html/search/nomatches.html
[0.340s] -- Up-to-date symlink: /home/user/Desktop/ur_pick/ros2_ws/install/onrobot_driver/include/onrobot_driver/Modbus/docs/html/search/pages_0.js
[0.340s] -- Up-to-date symlink: /home/user/Desktop/ur_pick/ros2_ws/install/onrobot_driver/include/onrobot_driver/Modbus/docs/html/search/pages_1.js
[0.340s] -- Up-to-date symlink: /home/user/Desktop/ur_pick/ros2_ws/install/onrobot_driver/include/onrobot_driver/Modbus/docs/html/search/pages_2.js
[0.341s] -- Up-to-date symlink: /home/user/Desktop/ur_pick/ros2_ws/install/onrobot_driver/include/onrobot_driver/Modbus/docs/html/search/pages_3.js
[0.341s] -- Up-to-date symlink: /home/user/Desktop/ur_pick/ros2_ws/install/onrobot_driver/include/onrobot_driver/Modbus/docs/html/search/search.css
[0.341s] -- Up-to-date symlink: /home/user/Desktop/ur_pick/ros2_ws/install/onrobot_driver/include/onrobot_driver/Modbus/docs/html/search/search.js
[0.341s] -- Up-to-date symlink: /home/user/Desktop/ur_pick/ros2_ws/install/onrobot_driver/include/onrobot_driver/Modbus/docs/html/search/search_l.png
[0.341s] -- Up-to-date symlink: /home/user/Desktop/ur_pick/ros2_ws/install/onrobot_driver/include/onrobot_driver/Modbus/docs/html/search/search_m.png
[0.341s] -- Up-to-date symlink: /home/user/Desktop/ur_pick/ros2_ws/install/onrobot_driver/include/onrobot_driver/Modbus/docs/html/search/search_r.png
[0.341s] -- Up-to-date symlink: /home/user/Desktop/ur_pick/ros2_ws/install/onrobot_driver/include/onrobot_driver/Modbus/docs/html/search/searchdata.js
[0.342s] -- Up-to-date symlink: /home/user/Desktop/ur_pick/ros2_ws/install/onrobot_driver/include/onrobot_driver/Modbus/docs/html/server_8hpp_source.html
[0.342s] -- Up-to-date symlink: /home/user/Desktop/ur_pick/ros2_ws/install/onrobot_driver/include/onrobot_driver/Modbus/docs/html/splitbar.png
[0.342s] -- Up-to-date symlink: /home/user/Desktop/ur_pick/ros2_ws/install/onrobot_driver/include/onrobot_driver/Modbus/docs/html/splitbard.png
[0.342s] -- Up-to-date symlink: /home/user/Desktop/ur_pick/ros2_ws/install/onrobot_driver/include/onrobot_driver/Modbus/docs/html/sync_off.png
[0.342s] -- Up-to-date symlink: /home/user/Desktop/ur_pick/ros2_ws/install/onrobot_driver/include/onrobot_driver/Modbus/docs/html/sync_on.png
[0.342s] -- Up-to-date symlink: /home/user/Desktop/ur_pick/ros2_ws/install/onrobot_driver/include/onrobot_driver/Modbus/docs/html/tab_a.png
[0.342s] -- Up-to-date symlink: /home/user/Desktop/ur_pick/ros2_ws/install/onrobot_driver/include/onrobot_driver/Modbus/docs/html/tab_ad.png
[0.343s] -- Up-to-date symlink: /home/user/Desktop/ur_pick/ros2_ws/install/onrobot_driver/include/onrobot_driver/Modbus/docs/html/tab_b.png
[0.343s] -- Up-to-date symlink: /home/user/Desktop/ur_pick/ros2_ws/install/onrobot_driver/include/onrobot_driver/Modbus/docs/html/tab_bd.png
[0.343s] -- Up-to-date symlink: /home/user/Desktop/ur_pick/ros2_ws/install/onrobot_driver/include/onrobot_driver/Modbus/docs/html/tab_h.png
[0.343s] -- Up-to-date symlink: /home/user/Desktop/ur_pick/ros2_ws/install/onrobot_driver/include/onrobot_driver/Modbus/docs/html/tab_hd.png
[0.343s] -- Up-to-date symlink: /home/user/Desktop/ur_pick/ros2_ws/install/onrobot_driver/include/onrobot_driver/Modbus/docs/html/tab_s.png
[0.343s] -- Up-to-date symlink: /home/user/Desktop/ur_pick/ros2_ws/install/onrobot_driver/include/onrobot_driver/Modbus/docs/html/tab_sd.png
[0.343s] -- Up-to-date symlink: /home/user/Desktop/ur_pick/ros2_ws/install/onrobot_driver/include/onrobot_driver/Modbus/docs/html/tabs.css
[0.343s] -- Up-to-date symlink: /home/user/Desktop/ur_pick/ros2_ws/install/onrobot_driver/include/onrobot_driver/Modbus/example/main.cpp
[0.344s] -- Up-to-date symlink: /home/user/Desktop/ur_pick/ros2_ws/install/onrobot_driver/include/onrobot_driver/Modbus/include/MB/Serial/connection.hpp
[0.344s] -- Up-to-date symlink: /home/user/Desktop/ur_pick/ros2_ws/install/onrobot_driver/include/onrobot_driver/Modbus/include/MB/TCP/connection.hpp
[0.344s] -- Up-to-date symlink: /home/user/Desktop/ur_pick/ros2_ws/install/onrobot_driver/include/onrobot_driver/Modbus/include/MB/TCP/server.hpp
[0.344s] -- Up-to-date symlink: /home/user/Desktop/ur_pick/ros2_ws/install/onrobot_driver/include/onrobot_driver/Modbus/include/MB/crc.hpp
[0.344s] -- Up-to-date symlink: /home/user/Desktop/ur_pick/ros2_ws/install/onrobot_driver/include/onrobot_driver/Modbus/include/MB/modbusCell.hpp
[0.344s] -- Up-to-date symlink: /home/user/Desktop/ur_pick/ros2_ws/install/onrobot_driver/include/onrobot_driver/Modbus/include/MB/modbusException.hpp
[0.344s] -- Up-to-date symlink: /home/user/Desktop/ur_pick/ros2_ws/install/onrobot_driver/include/onrobot_driver/Modbus/include/MB/modbusRequest.hpp
[0.345s] -- Up-to-date symlink: /home/user/Desktop/ur_pick/ros2_ws/install/onrobot_driver/include/onrobot_driver/Modbus/include/MB/modbusResponse.hpp
[0.345s] -- Up-to-date symlink: /home/user/Desktop/ur_pick/ros2_ws/install/onrobot_driver/include/onrobot_driver/Modbus/include/MB/modbusUtils.hpp
[0.345s] -- Up-to-date symlink: /home/user/Desktop/ur_pick/ros2_ws/install/onrobot_driver/include/onrobot_driver/Modbus/reformat-all.sh
[0.345s] -- Up-to-date symlink: /home/user/Desktop/ur_pick/ros2_ws/install/onrobot_driver/include/onrobot_driver/Modbus/shell.nix
[0.345s] -- Up-to-date symlink: /home/user/Desktop/ur_pick/ros2_ws/install/onrobot_driver/include/onrobot_driver/Modbus/src/CMakeLists.txt
[0.345s] -- Up-to-date symlink: /home/user/Desktop/ur_pick/ros2_ws/install/onrobot_driver/include/onrobot_driver/Modbus/src/Serial/CMakeLists.txt
[0.345s] -- Up-to-date symlink: /home/user/Desktop/ur_pick/ros2_ws/install/onrobot_driver/include/onrobot_driver/Modbus/src/Serial/connection.cpp
[0.345s] -- Up-to-date symlink: /home/user/Desktop/ur_pick/ros2_ws/install/onrobot_driver/include/onrobot_driver/Modbus/src/TCP/CMakeLists.txt
[0.346s] -- Up-to-date symlink: /home/user/Desktop/ur_pick/ros2_ws/install/onrobot_driver/include/onrobot_driver/Modbus/src/TCP/connection.cpp
[0.346s] -- Up-to-date symlink: /home/user/Desktop/ur_pick/ros2_ws/install/onrobot_driver/include/onrobot_driver/Modbus/src/TCP/server.cpp
[0.346s] -- Up-to-date symlink: /home/user/Desktop/ur_pick/ros2_ws/install/onrobot_driver/include/onrobot_driver/Modbus/src/crc.cpp
[0.346s] -- Up-to-date symlink: /home/user/Desktop/ur_pick/ros2_ws/install/onrobot_driver/include/onrobot_driver/Modbus/src/modbusException.cpp
[0.346s] -- Up-to-date symlink: /home/user/Desktop/ur_pick/ros2_ws/install/onrobot_driver/include/onrobot_driver/Modbus/src/modbusRequest.cpp
[0.346s] -- Up-to-date symlink: /home/user/Desktop/ur_pick/ros2_ws/install/onrobot_driver/include/onrobot_driver/Modbus/src/modbusResponse.cpp
[0.347s] -- Up-to-date symlink: /home/user/Desktop/ur_pick/ros2_ws/install/onrobot_driver/include/onrobot_driver/Modbus/tests/CMakeLists.txt
[0.347s] -- Up-to-date symlink: /home/user/Desktop/ur_pick/ros2_ws/install/onrobot_driver/include/onrobot_driver/Modbus/tests/MB/ModbusCellTests.cpp
[0.347s] -- Up-to-date symlink: /home/user/Desktop/ur_pick/ros2_ws/install/onrobot_driver/include/onrobot_driver/Modbus/tests/MB/ModbusExceptionTests.cpp
[0.347s] -- Up-to-date symlink: /home/user/Desktop/ur_pick/ros2_ws/install/onrobot_driver/include/onrobot_driver/Modbus/tests/MB/ModbusFunctionalTests.cpp
[0.347s] -- Up-to-date symlink: /home/user/Desktop/ur_pick/ros2_ws/install/onrobot_driver/include/onrobot_driver/Modbus/tests/MB/ModbusRequestTests.cpp
[0.347s] -- Up-to-date symlink: /home/user/Desktop/ur_pick/ros2_ws/install/onrobot_driver/include/onrobot_driver/Modbus/tests/MB/ModbusResponseTests.cpp
[0.347s] -- Up-to-date symlink: /home/user/Desktop/ur_pick/ros2_ws/install/onrobot_driver/include/onrobot_driver/Modbus/tests/googletest/.clang-format
[0.347s] -- Up-to-date symlink: /home/user/Desktop/ur_pick/ros2_ws/install/onrobot_driver/include/onrobot_driver/Modbus/tests/googletest/.git
[0.348s] -- Up-to-date symlink: /home/user/Desktop/ur_pick/ros2_ws/install/onrobot_driver/include/onrobot_driver/Modbus/tests/googletest/.github/ISSUE_TEMPLATE/00-bug_report.md
[0.348s] -- Up-to-date symlink: /home/user/Desktop/ur_pick/ros2_ws/install/onrobot_driver/include/onrobot_driver/Modbus/tests/googletest/.github/ISSUE_TEMPLATE/10-feature_request.md
[0.348s] -- Up-to-date symlink: /home/user/Desktop/ur_pick/ros2_ws/install/onrobot_driver/include/onrobot_driver/Modbus/tests/googletest/.github/ISSUE_TEMPLATE/config.yml
[0.348s] -- Up-to-date symlink: /home/user/Desktop/ur_pick/ros2_ws/install/onrobot_driver/include/onrobot_driver/Modbus/tests/googletest/.github/workflows/gtest-ci.yml
[0.348s] -- Up-to-date symlink: /home/user/Desktop/ur_pick/ros2_ws/install/onrobot_driver/include/onrobot_driver/Modbus/tests/googletest/.gitignore
[0.348s] -- Up-to-date symlink: /home/user/Desktop/ur_pick/ros2_ws/install/onrobot_driver/include/onrobot_driver/Modbus/tests/googletest/BUILD.bazel
[0.348s] -- Up-to-date symlink: /home/user/Desktop/ur_pick/ros2_ws/install/onrobot_driver/include/onrobot_driver/Modbus/tests/googletest/CMakeLists.txt
[0.349s] -- Up-to-date symlink: /home/user/Desktop/ur_pick/ros2_ws/install/onrobot_driver/include/onrobot_driver/Modbus/tests/googletest/CONTRIBUTING.md
[0.349s] -- Up-to-date symlink: /home/user/Desktop/ur_pick/ros2_ws/install/onrobot_driver/include/onrobot_driver/Modbus/tests/googletest/CONTRIBUTORS
[0.349s] -- Up-to-date symlink: /home/user/Desktop/ur_pick/ros2_ws/install/onrobot_driver/include/onrobot_driver/Modbus/tests/googletest/LICENSE
[0.349s] -- Up-to-date symlink: /home/user/Desktop/ur_pick/ros2_ws/install/onrobot_driver/include/onrobot_driver/Modbus/tests/googletest/README.md
[0.349s] -- Up-to-date symlink: /home/user/Desktop/ur_pick/ros2_ws/install/onrobot_driver/include/onrobot_driver/Modbus/tests/googletest/WORKSPACE
[0.349s] -- Up-to-date symlink: /home/user/Desktop/ur_pick/ros2_ws/install/onrobot_driver/include/onrobot_driver/Modbus/tests/googletest/ci/linux-presubmit.sh
[0.349s] -- Up-to-date symlink: /home/user/Desktop/ur_pick/ros2_ws/install/onrobot_driver/include/onrobot_driver/Modbus/tests/googletest/ci/macos-presubmit.sh
[0.349s] -- Up-to-date symlink: /home/user/Desktop/ur_pick/ros2_ws/install/onrobot_driver/include/onrobot_driver/Modbus/tests/googletest/docs/_config.yml
[0.350s] -- Up-to-date symlink: /home/user/Desktop/ur_pick/ros2_ws/install/onrobot_driver/include/onrobot_driver/Modbus/tests/googletest/docs/_data/navigation.yml
[0.350s] -- Up-to-date symlink: /home/user/Desktop/ur_pick/ros2_ws/install/onrobot_driver/include/onrobot_driver/Modbus/tests/googletest/docs/_layouts/default.html
[0.350s] -- Up-to-date symlink: /home/user/Desktop/ur_pick/ros2_ws/install/onrobot_driver/include/onrobot_driver/Modbus/tests/googletest/docs/_sass/main.scss
[0.350s] -- Up-to-date symlink: /home/user/Desktop/ur_pick/ros2_ws/install/onrobot_driver/include/onrobot_driver/Modbus/tests/googletest/docs/advanced.md
[0.350s] -- Up-to-date symlink: /home/user/Desktop/ur_pick/ros2_ws/install/onrobot_driver/include/onrobot_driver/Modbus/tests/googletest/docs/assets/css/style.scss
[0.350s] -- Up-to-date symlink: /home/user/Desktop/ur_pick/ros2_ws/install/onrobot_driver/include/onrobot_driver/Modbus/tests/googletest/docs/community_created_documentation.md
[0.351s] -- Up-to-date symlink: /home/user/Desktop/ur_pick/ros2_ws/install/onrobot_driver/include/onrobot_driver/Modbus/tests/googletest/docs/faq.md
[0.351s] -- Up-to-date symlink: /home/user/Desktop/ur_pick/ros2_ws/install/onrobot_driver/include/onrobot_driver/Modbus/tests/googletest/docs/gmock_cheat_sheet.md
[0.351s] -- Up-to-date symlink: /home/user/Desktop/ur_pick/ros2_ws/install/onrobot_driver/include/onrobot_driver/Modbus/tests/googletest/docs/gmock_cook_book.md
[0.351s] -- Up-to-date symlink: /home/user/Desktop/ur_pick/ros2_ws/install/onrobot_driver/include/onrobot_driver/Modbus/tests/googletest/docs/gmock_faq.md
[0.351s] -- Up-to-date symlink: /home/user/Desktop/ur_pick/ros2_ws/install/onrobot_driver/include/onrobot_driver/Modbus/tests/googletest/docs/gmock_for_dummies.md
[0.351s] -- Up-to-date symlink: /home/user/Desktop/ur_pick/ros2_ws/install/onrobot_driver/include/onrobot_driver/Modbus/tests/googletest/docs/index.md
[0.351s] -- Up-to-date symlink: /home/user/Desktop/ur_pick/ros2_ws/install/onrobot_driver/include/onrobot_driver/Modbus/tests/googletest/docs/pkgconfig.md
[0.352s] -- Up-to-date symlink: /home/user/Desktop/ur_pick/ros2_ws/install/onrobot_driver/include/onrobot_driver/Modbus/tests/googletest/docs/platforms.md
[0.352s] -- Up-to-date symlink: /home/user/Desktop/ur_pick/ros2_ws/install/onrobot_driver/include/onrobot_driver/Modbus/tests/googletest/docs/primer.md
[0.352s] -- Up-to-date symlink: /home/user/Desktop/ur_pick/ros2_ws/install/onrobot_driver/include/onrobot_driver/Modbus/tests/googletest/docs/quickstart-bazel.md
[0.352s] -- Up-to-date symlink: /home/user/Desktop/ur_pick/ros2_ws/install/onrobot_driver/include/onrobot_driver/Modbus/tests/googletest/docs/quickstart-cmake.md
[0.352s] -- Up-to-date symlink: /home/user/Desktop/ur_pick/ros2_ws/install/onrobot_driver/include/onrobot_driver/Modbus/tests/googletest/docs/reference/actions.md
[0.352s] -- Up-to-date symlink: /home/user/Desktop/ur_pick/ros2_ws/install/onrobot_driver/include/onrobot_driver/Modbus/tests/googletest/docs/reference/assertions.md
[0.352s] -- Up-to-date symlink: /home/user/Desktop/ur_pick/ros2_ws/install/onrobot_driver/include/onrobot_driver/Modbus/tests/googletest/docs/reference/matchers.md
[0.353s] -- Up-to-date symlink: /home/user/Desktop/ur_pick/ros2_ws/install/onrobot_driver/include/onrobot_driver/Modbus/tests/googletest/docs/reference/mocking.md
[0.353s] -- Up-to-date symlink: /home/user/Desktop/ur_pick/ros2_ws/install/onrobot_driver/include/onrobot_driver/Modbus/tests/googletest/docs/reference/testing.md
[0.353s] -- Up-to-date symlink: /home/user/Desktop/ur_pick/ros2_ws/install/onrobot_driver/include/onrobot_driver/Modbus/tests/googletest/docs/samples.md
[0.353s] -- Up-to-date symlink: /home/user/Desktop/ur_pick/ros2_ws/install/onrobot_driver/include/onrobot_driver/Modbus/tests/googletest/googlemock/CMakeLists.txt
[0.353s] -- Up-to-date symlink: /home/user/Desktop/ur_pick/ros2_ws/install/onrobot_driver/include/onrobot_driver/Modbus/tests/googletest/googlemock/README.md
[0.353s] -- Up-to-date symlink: /home/user/Desktop/ur_pick/ros2_ws/install/onrobot_driver/include/onrobot_driver/Modbus/tests/googletest/googlemock/cmake/gmock.pc.in
[0.353s] -- Up-to-date symlink: /home/user/Desktop/ur_pick/ros2_ws/install/onrobot_driver/include/onrobot_driver/Modbus/tests/googletest/googlemock/cmake/gmock_main.pc.in
[0.354s] -- Up-to-date symlink: /home/user/Desktop/ur_pick/ros2_ws/install/onrobot_driver/include/onrobot_driver/Modbus/tests/googletest/googlemock/docs/README.md
[0.354s] -- Up-to-date symlink: /home/user/Desktop/ur_pick/ros2_ws/install/onrobot_driver/include/onrobot_driver/Modbus/tests/googletest/googlemock/include/gmock/gmock-actions.h
[0.354s] -- Up-to-date symlink: /home/user/Desktop/ur_pick/ros2_ws/install/onrobot_driver/include/onrobot_driver/Modbus/tests/googletest/googlemock/include/gmock/gmock-cardinalities.h
[0.354s] -- Up-to-date symlink: /home/user/Desktop/ur_pick/ros2_ws/install/onrobot_driver/include/onrobot_driver/Modbus/tests/googletest/googlemock/include/gmock/gmock-function-mocker.h
[0.354s] -- Up-to-date symlink: /home/user/Desktop/ur_pick/ros2_ws/install/onrobot_driver/include/onrobot_driver/Modbus/tests/googletest/googlemock/include/gmock/gmock-matchers.h
[0.354s] -- Up-to-date symlink: /home/user/Desktop/ur_pick/ros2_ws/install/onrobot_driver/include/onrobot_driver/Modbus/tests/googletest/googlemock/include/gmock/gmock-more-actions.h
[0.355s] -- Up-to-date symlink: /home/user/Desktop/ur_pick/ros2_ws/install/onrobot_driver/include/onrobot_driver/Modbus/tests/googletest/googlemock/include/gmock/gmock-more-matchers.h
[0.355s] -- Up-to-date symlink: /home/user/Desktop/ur_pick/ros2_ws/install/onrobot_driver/include/onrobot_driver/Modbus/tests/googletest/googlemock/include/gmock/gmock-nice-strict.h
[0.355s] -- Up-to-date symlink: /home/user/Desktop/ur_pick/ros2_ws/install/onrobot_driver/include/onrobot_driver/Modbus/tests/googletest/googlemock/include/gmock/gmock-spec-builders.h
[0.355s] -- Up-to-date symlink: /home/user/Desktop/ur_pick/ros2_ws/install/onrobot_driver/include/onrobot_driver/Modbus/tests/googletest/googlemock/include/gmock/gmock.h
[0.355s] -- Up-to-date symlink: /home/user/Desktop/ur_pick/ros2_ws/install/onrobot_driver/include/onrobot_driver/Modbus/tests/googletest/googlemock/include/gmock/internal/custom/README.md
[0.355s] -- Up-to-date symlink: /home/user/Desktop/ur_pick/ros2_ws/install/onrobot_driver/include/onrobot_driver/Modbus/tests/googletest/googlemock/include/gmock/internal/custom/gmock-generated-actions.h
[0.356s] -- Up-to-date symlink: /home/user/Desktop/ur_pick/ros2_ws/install/onrobot_driver/include/onrobot_driver/Modbus/tests/googletest/googlemock/include/gmock/internal/custom/gmock-matchers.h
[0.356s] -- Up-to-date symlink: /home/user/Desktop/ur_pick/ros2_ws/install/onrobot_driver/include/onrobot_driver/Modbus/tests/googletest/googlemock/include/gmock/internal/custom/gmock-port.h
[0.356s] -- Up-to-date symlink: /home/user/Desktop/ur_pick/ros2_ws/install/onrobot_driver/include/onrobot_driver/Modbus/tests/googletest/googlemock/include/gmock/internal/gmock-internal-utils.h
[0.356s] -- Up-to-date symlink: /home/user/Desktop/ur_pick/ros2_ws/install/onrobot_driver/include/onrobot_driver/Modbus/tests/googletest/googlemock/include/gmock/internal/gmock-port.h
[0.356s] -- Up-to-date symlink: /home/user/Desktop/ur_pick/ros2_ws/install/onrobot_driver/include/onrobot_driver/Modbus/tests/googletest/googlemock/include/gmock/internal/gmock-pp.h
[0.356s] -- Up-to-date symlink: /home/user/Desktop/ur_pick/ros2_ws/install/onrobot_driver/include/onrobot_driver/Modbus/tests/googletest/googlemock/src/gmock-all.cc
[0.356s] -- Up-to-date symlink: /home/user/Desktop/ur_pick/ros2_ws/install/onrobot_driver/include/onrobot_driver/Modbus/tests/googletest/googlemock/src/gmock-cardinalities.cc
[0.357s] -- Up-to-date symlink: /home/user/Desktop/ur_pick/ros2_ws/install/onrobot_driver/include/onrobot_driver/Modbus/tests/googletest/googlemock/src/gmock-internal-utils.cc
[0.357s] -- Up-to-date symlink: /home/user/Desktop/ur_pick/ros2_ws/install/onrobot_driver/include/onrobot_driver/Modbus/tests/googletest/googlemock/src/gmock-matchers.cc
[0.357s] -- Up-to-date symlink: /home/user/Desktop/ur_pick/ros2_ws/install/onrobot_driver/include/onrobot_driver/Modbus/tests/googletest/googlemock/src/gmock-spec-builders.cc
[0.357s] -- Up-to-date symlink: /home/user/Desktop/ur_pick/ros2_ws/install/onrobot_driver/include/onrobot_driver/Modbus/tests/googletest/googlemock/src/gmock.cc
[0.357s] -- Up-to-date symlink: /home/user/Desktop/ur_pick/ros2_ws/install/onrobot_driver/include/onrobot_driver/Modbus/tests/googletest/googlemock/src/gmock_main.cc
[0.357s] -- Up-to-date symlink: /home/user/Desktop/ur_pick/ros2_ws/install/onrobot_driver/include/onrobot_driver/Modbus/tests/googletest/googlemock/test/BUILD.bazel
[0.358s] -- Up-to-date symlink: /home/user/Desktop/ur_pick/ros2_ws/install/onrobot_driver/include/onrobot_driver/Modbus/tests/googletest/googlemock/test/gmock-actions_test.cc
[0.358s] -- Up-to-date symlink: /home/user/Desktop/ur_pick/ros2_ws/install/onrobot_driver/include/onrobot_driver/Modbus/tests/googletest/googlemock/test/gmock-cardinalities_test.cc
[0.358s] -- Up-to-date symlink: /home/user/Desktop/ur_pick/ros2_ws/install/onrobot_driver/include/onrobot_driver/Modbus/tests/googletest/googlemock/test/gmock-function-mocker_test.cc
[0.358s] -- Up-to-date symlink: /home/user/Desktop/ur_pick/ros2_ws/install/onrobot_driver/include/onrobot_driver/Modbus/tests/googletest/googlemock/test/gmock-internal-utils_test.cc
[0.358s] -- Up-to-date symlink: /home/user/Desktop/ur_pick/ros2_ws/install/onrobot_driver/include/onrobot_driver/Modbus/tests/googletest/googlemock/test/gmock-matchers-arithmetic_test.cc
[0.358s] -- Up-to-date symlink: /home/user/Desktop/ur_pick/ros2_ws/install/onrobot_driver/include/onrobot_driver/Modbus/tests/googletest/googlemock/test/gmock-matchers-comparisons_test.cc
[0.358s] -- Up-to-date symlink: /home/user/Desktop/ur_pick/ros2_ws/install/onrobot_driver/include/onrobot_driver/Modbus/tests/googletest/googlemock/test/gmock-matchers-containers_test.cc
[0.359s] -- Up-to-date symlink: /home/user/Desktop/ur_pick/ros2_ws/install/onrobot_driver/include/onrobot_driver/Modbus/tests/googletest/googlemock/test/gmock-matchers-misc_test.cc
[0.359s] -- Up-to-date symlink: /home/user/Desktop/ur_pick/ros2_ws/install/onrobot_driver/include/onrobot_driver/Modbus/tests/googletest/googlemock/test/gmock-matchers_test.h
[0.359s] -- Up-to-date symlink: /home/user/Desktop/ur_pick/ros2_ws/install/onrobot_driver/include/onrobot_driver/Modbus/tests/googletest/googlemock/test/gmock-more-actions_test.cc
[0.359s] -- Up-to-date symlink: /home/user/Desktop/ur_pick/ros2_ws/install/onrobot_driver/include/onrobot_driver/Modbus/tests/googletest/googlemock/test/gmock-nice-strict_test.cc
[0.359s] -- Up-to-date symlink: /home/user/Desktop/ur_pick/ros2_ws/install/onrobot_driver/include/onrobot_driver/Modbus/tests/googletest/googlemock/test/gmock-port_test.cc
[0.359s] -- Up-to-date symlink: /home/user/Desktop/ur_pick/ros2_ws/install/onrobot_driver/include/onrobot_driver/Modbus/tests/googletest/googlemock/test/gmock-pp-string_test.cc
[0.359s] -- Up-to-date symlink: /home/user/Desktop/ur_pick/ros2_ws/install/onrobot_driver/include/onrobot_driver/Modbus/tests/googletest/googlemock/test/gmock-pp_test.cc
[0.360s] -- Up-to-date symlink: /home/user/Desktop/ur_pick/ros2_ws/install/onrobot_driver/include/onrobot_driver/Modbus/tests/googletest/googlemock/test/gmock-spec-builders_test.cc
[0.360s] -- Up-to-date symlink: /home/user/Desktop/ur_pick/ros2_ws/install/onrobot_driver/include/onrobot_driver/Modbus/tests/googletest/googlemock/test/gmock_all_test.cc
[0.360s] -- Up-to-date symlink: /home/user/Desktop/ur_pick/ros2_ws/install/onrobot_driver/include/onrobot_driver/Modbus/tests/googletest/googlemock/test/gmock_ex_test.cc
[0.360s] -- Up-to-date symlink: /home/user/Desktop/ur_pick/ros2_ws/install/onrobot_driver/include/onrobot_driver/Modbus/tests/googletest/googlemock/test/gmock_leak_test.py
[0.360s] -- Up-to-date symlink: /home/user/Desktop/ur_pick/ros2_ws/install/onrobot_driver/include/onrobot_driver/Modbus/tests/googletest/googlemock/test/gmock_leak_test_.cc
[0.360s] -- Up-to-date symlink: /home/user/Desktop/ur_pick/ros2_ws/install/onrobot_driver/include/onrobot_driver/Modbus/tests/googletest/googlemock/test/gmock_link2_test.cc
[0.361s] -- Up-to-date symlink: /home/user/Desktop/ur_pick/ros2_ws/install/onrobot_driver/include/onrobot_driver/Modbus/tests/googletest/googlemock/test/gmock_link_test.cc
[0.361s] -- Up-to-date symlink: /home/user/Desktop/ur_pick/ros2_ws/install/onrobot_driver/include/onrobot_driver/Modbus/tests/googletest/googlemock/test/gmock_link_test.h
[0.361s] -- Up-to-date symlink: /home/user/Desktop/ur_pick/ros2_ws/install/onrobot_driver/include/onrobot_driver/Modbus/tests/googletest/googlemock/test/gmock_output_test.py
[0.361s] -- Up-to-date symlink: /home/user/Desktop/ur_pick/ros2_ws/install/onrobot_driver/include/onrobot_driver/Modbus/tests/googletest/googlemock/test/gmock_output_test_.cc
[0.361s] -- Up-to-date symlink: /home/user/Desktop/ur_pick/ros2_ws/install/onrobot_driver/include/onrobot_driver/Modbus/tests/googletest/googlemock/test/gmock_output_test_golden.txt
[0.361s] -- Up-to-date symlink: /home/user/Desktop/ur_pick/ros2_ws/install/onrobot_driver/include/onrobot_driver/Modbus/tests/googletest/googlemock/test/gmock_stress_test.cc
[0.361s] -- Up-to-date symlink: /home/user/Desktop/ur_pick/ros2_ws/install/onrobot_driver/include/onrobot_driver/Modbus/tests/googletest/googlemock/test/gmock_test.cc
[0.362s] -- Up-to-date symlink: /home/user/Desktop/ur_pick/ros2_ws/install/onrobot_driver/include/onrobot_driver/Modbus/tests/googletest/googlemock/test/gmock_test_utils.py
[0.362s] -- Up-to-date symlink: /home/user/Desktop/ur_pick/ros2_ws/install/onrobot_driver/include/onrobot_driver/Modbus/tests/googletest/googletest/CMakeLists.txt
[0.362s] -- Up-to-date symlink: /home/user/Desktop/ur_pick/ros2_ws/install/onrobot_driver/include/onrobot_driver/Modbus/tests/googletest/googletest/README.md
[0.362s] -- Up-to-date symlink: /home/user/Desktop/ur_pick/ros2_ws/install/onrobot_driver/include/onrobot_driver/Modbus/tests/googletest/googletest/cmake/Config.cmake.in
[0.362s] -- Up-to-date symlink: /home/user/Desktop/ur_pick/ros2_ws/install/onrobot_driver/include/onrobot_driver/Modbus/tests/googletest/googletest/cmake/gtest.pc.in
[0.362s] -- Up-to-date symlink: /home/user/Desktop/ur_pick/ros2_ws/install/onrobot_driver/include/onrobot_driver/Modbus/tests/googletest/googletest/cmake/gtest_main.pc.in
[0.362s] -- Up-to-date symlink: /home/user/Desktop/ur_pick/ros2_ws/install/onrobot_driver/include/onrobot_driver/Modbus/tests/googletest/googletest/cmake/internal_utils.cmake
[0.363s] -- Up-to-date symlink: /home/user/Desktop/ur_pick/ros2_ws/install/onrobot_driver/include/onrobot_driver/Modbus/tests/googletest/googletest/cmake/libgtest.la.in
[0.363s] -- Up-to-date symlink: /home/user/Desktop/ur_pick/ros2_ws/install/onrobot_driver/include/onrobot_driver/Modbus/tests/googletest/googletest/docs/README.md
[0.363s] -- Up-to-date symlink: /home/user/Desktop/ur_pick/ros2_ws/install/onrobot_driver/include/onrobot_driver/Modbus/tests/googletest/googletest/include/gtest/gtest-assertion-result.h
[0.363s] -- Up-to-date symlink: /home/user/Desktop/ur_pick/ros2_ws/install/onrobot_driver/include/onrobot_driver/Modbus/tests/googletest/googletest/include/gtest/gtest-death-test.h
[0.363s] -- Up-to-date symlink: /home/user/Desktop/ur_pick/ros2_ws/install/onrobot_driver/include/onrobot_driver/Modbus/tests/googletest/googletest/include/gtest/gtest-matchers.h
[0.363s] -- Up-to-date symlink: /home/user/Desktop/ur_pick/ros2_ws/install/onrobot_driver/include/onrobot_driver/Modbus/tests/googletest/googletest/include/gtest/gtest-message.h
[0.364s] -- Up-to-date symlink: /home/user/Desktop/ur_pick/ros2_ws/install/onrobot_driver/include/onrobot_driver/Modbus/tests/googletest/googletest/include/gtest/gtest-param-test.h
[0.364s] -- Up-to-date symlink: /home/user/Desktop/ur_pick/ros2_ws/install/onrobot_driver/include/onrobot_driver/Modbus/tests/googletest/googletest/include/gtest/gtest-printers.h
[0.364s] -- Up-to-date symlink: /home/user/Desktop/ur_pick/ros2_ws/install/onrobot_driver/include/onrobot_driver/Modbus/tests/googletest/googletest/include/gtest/gtest-spi.h
[0.364s] -- Up-to-date symlink: /home/user/Desktop/ur_pick/ros2_ws/install/onrobot_driver/include/onrobot_driver/Modbus/tests/googletest/googletest/include/gtest/gtest-test-part.h
[0.364s] -- Up-to-date symlink: /home/user/Desktop/ur_pick/ros2_ws/install/onrobot_driver/include/onrobot_driver/Modbus/tests/googletest/googletest/include/gtest/gtest-typed-test.h
[0.364s] -- Up-to-date symlink: /home/user/Desktop/ur_pick/ros2_ws/install/onrobot_driver/include/onrobot_driver/Modbus/tests/googletest/googletest/include/gtest/gtest.h
[0.364s] -- Up-to-date symlink: /home/user/Desktop/ur_pick/ros2_ws/install/onrobot_driver/include/onrobot_driver/Modbus/tests/googletest/googletest/include/gtest/gtest_pred_impl.h
[0.365s] -- Up-to-date symlink: /home/user/Desktop/ur_pick/ros2_ws/install/onrobot_driver/include/onrobot_driver/Modbus/tests/googletest/googletest/include/gtest/gtest_prod.h
[0.365s] -- Up-to-date symlink: /home/user/Desktop/ur_pick/ros2_ws/install/onrobot_driver/include/onrobot_driver/Modbus/tests/googletest/googletest/include/gtest/internal/custom/README.md
[0.365s] -- Up-to-date symlink: /home/user/Desktop/ur_pick/ros2_ws/install/onrobot_driver/include/onrobot_driver/Modbus/tests/googletest/googletest/include/gtest/internal/custom/gtest-port.h
[0.365s] -- Up-to-date symlink: /home/user/Desktop/ur_pick/ros2_ws/install/onrobot_driver/include/onrobot_driver/Modbus/tests/googletest/googletest/include/gtest/internal/custom/gtest-printers.h
[0.365s] -- Up-to-date symlink: /home/user/Desktop/ur_pick/ros2_ws/install/onrobot_driver/include/onrobot_driver/Modbus/tests/googletest/googletest/include/gtest/internal/custom/gtest.h
[0.366s] -- Up-to-date symlink: /home/user/Desktop/ur_pick/ros2_ws/install/onrobot_driver/include/onrobot_driver/Modbus/tests/googletest/googletest/include/gtest/internal/gtest-death-test-internal.h
[0.366s] -- Up-to-date symlink: /home/user/Desktop/ur_pick/ros2_ws/install/onrobot_driver/include/onrobot_driver/Modbus/tests/googletest/googletest/include/gtest/internal/gtest-filepath.h
[0.366s] -- Up-to-date symlink: /home/user/Desktop/ur_pick/ros2_ws/install/onrobot_driver/include/onrobot_driver/Modbus/tests/googletest/googletest/include/gtest/internal/gtest-internal.h
[0.366s] -- Up-to-date symlink: /home/user/Desktop/ur_pick/ros2_ws/install/onrobot_driver/include/onrobot_driver/Modbus/tests/googletest/googletest/include/gtest/internal/gtest-param-util.h
[0.366s] -- Up-to-date symlink: /home/user/Desktop/ur_pick/ros2_ws/install/onrobot_driver/include/onrobot_driver/Modbus/tests/googletest/googletest/include/gtest/internal/gtest-port-arch.h
[0.366s] -- Up-to-date symlink: /home/user/Desktop/ur_pick/ros2_ws/install/onrobot_driver/include/onrobot_driver/Modbus/tests/googletest/googletest/include/gtest/internal/gtest-port.h
[0.367s] -- Up-to-date symlink: /home/user/Desktop/ur_pick/ros2_ws/install/onrobot_driver/include/onrobot_driver/Modbus/tests/googletest/googletest/include/gtest/internal/gtest-string.h
[0.367s] -- Up-to-date symlink: /home/user/Desktop/ur_pick/ros2_ws/install/onrobot_driver/include/onrobot_driver/Modbus/tests/googletest/googletest/include/gtest/internal/gtest-type-util.h
[0.367s] -- Up-to-date symlink: /home/user/Desktop/ur_pick/ros2_ws/install/onrobot_driver/include/onrobot_driver/Modbus/tests/googletest/googletest/samples/prime_tables.h
[0.367s] -- Up-to-date symlink: /home/user/Desktop/ur_pick/ros2_ws/install/onrobot_driver/include/onrobot_driver/Modbus/tests/googletest/googletest/samples/sample1.cc
[0.367s] -- Up-to-date symlink: /home/user/Desktop/ur_pick/ros2_ws/install/onrobot_driver/include/onrobot_driver/Modbus/tests/googletest/googletest/samples/sample1.h
[0.367s] -- Up-to-date symlink: /home/user/Desktop/ur_pick/ros2_ws/install/onrobot_driver/include/onrobot_driver/Modbus/tests/googletest/googletest/samples/sample10_unittest.cc
[0.367s] -- Up-to-date symlink: /home/user/Desktop/ur_pick/ros2_ws/install/onrobot_driver/include/onrobot_driver/Modbus/tests/googletest/googletest/samples/sample1_unittest.cc
[0.368s] -- Up-to-date symlink: /home/user/Desktop/ur_pick/ros2_ws/install/onrobot_driver/include/onrobot_driver/Modbus/tests/googletest/googletest/samples/sample2.cc
[0.368s] -- Up-to-date symlink: /home/user/Desktop/ur_pick/ros2_ws/install/onrobot_driver/include/onrobot_driver/Modbus/tests/googletest/googletest/samples/sample2.h
[0.368s] -- Up-to-date symlink: /home/user/Desktop/ur_pick/ros2_ws/install/onrobot_driver/include/onrobot_driver/Modbus/tests/googletest/googletest/samples/sample2_unittest.cc
[0.368s] -- Up-to-date symlink: /home/user/Desktop/ur_pick/ros2_ws/install/onrobot_driver/include/onrobot_driver/Modbus/tests/googletest/googletest/samples/sample3-inl.h
[0.368s] -- Up-to-date symlink: /home/user/Desktop/ur_pick/ros2_ws/install/onrobot_driver/include/onrobot_driver/Modbus/tests/googletest/googletest/samples/sample3_unittest.cc
[0.368s] -- Up-to-date symlink: /home/user/Desktop/ur_pick/ros2_ws/install/onrobot_driver/include/onrobot_driver/Modbus/tests/googletest/googletest/samples/sample4.cc
[0.369s] -- Up-to-date symlink: /home/user/Desktop/ur_pick/ros2_ws/install/onrobot_driver/include/onrobot_driver/Modbus/tests/googletest/googletest/samples/sample4.h
[0.369s] -- Up-to-date symlink: /home/user/Desktop/ur_pick/ros2_ws/install/onrobot_driver/include/onrobot_driver/Modbus/tests/googletest/googletest/samples/sample4_unittest.cc
[0.369s] -- Up-to-date symlink: /home/user/Desktop/ur_pick/ros2_ws/install/onrobot_driver/include/onrobot_driver/Modbus/tests/googletest/googletest/samples/sample5_unittest.cc
[0.369s] -- Up-to-date symlink: /home/user/Desktop/ur_pick/ros2_ws/install/onrobot_driver/include/onrobot_driver/Modbus/tests/googletest/googletest/samples/sample6_unittest.cc
[0.369s] -- Up-to-date symlink: /home/user/Desktop/ur_pick/ros2_ws/install/onrobot_driver/include/onrobot_driver/Modbus/tests/googletest/googletest/samples/sample7_unittest.cc
[0.369s] -- Up-to-date symlink: /home/user/Desktop/ur_pick/ros2_ws/install/onrobot_driver/include/onrobot_driver/Modbus/tests/googletest/googletest/samples/sample8_unittest.cc
[0.369s] -- Up-to-date symlink: /home/user/Desktop/ur_pick/ros2_ws/install/onrobot_driver/include/onrobot_driver/Modbus/tests/googletest/googletest/samples/sample9_unittest.cc
[0.370s] -- Up-to-date symlink: /home/user/Desktop/ur_pick/ros2_ws/install/onrobot_driver/include/onrobot_driver/Modbus/tests/googletest/googletest/src/gtest-all.cc
[0.370s] -- Up-to-date symlink: /home/user/Desktop/ur_pick/ros2_ws/install/onrobot_driver/include/onrobot_driver/Modbus/tests/googletest/googletest/src/gtest-assertion-result.cc
[0.370s] -- Up-to-date symlink: /home/user/Desktop/ur_pick/ros2_ws/install/onrobot_driver/include/onrobot_driver/Modbus/tests/googletest/googletest/src/gtest-death-test.cc
[0.370s] -- Up-to-date symlink: /home/user/Desktop/ur_pick/ros2_ws/install/onrobot_driver/include/onrobot_driver/Modbus/tests/googletest/googletest/src/gtest-filepath.cc
[0.370s] -- Up-to-date symlink: /home/user/Desktop/ur_pick/ros2_ws/install/onrobot_driver/include/onrobot_driver/Modbus/tests/googletest/googletest/src/gtest-internal-inl.h
[0.370s] -- Up-to-date symlink: /home/user/Desktop/ur_pick/ros2_ws/install/onrobot_driver/include/onrobot_driver/Modbus/tests/googletest/googletest/src/gtest-matchers.cc
[0.370s] -- Up-to-date symlink: /home/user/Desktop/ur_pick/ros2_ws/install/onrobot_driver/include/onrobot_driver/Modbus/tests/googletest/googletest/src/gtest-port.cc
[0.371s] -- Up-to-date symlink: /home/user/Desktop/ur_pick/ros2_ws/install/onrobot_driver/include/onrobot_driver/Modbus/tests/googletest/googletest/src/gtest-printers.cc
[0.371s] -- Up-to-date symlink: /home/user/Desktop/ur_pick/ros2_ws/install/onrobot_driver/include/onrobot_driver/Modbus/tests/googletest/googletest/src/gtest-test-part.cc
[0.371s] -- Up-to-date symlink: /home/user/Desktop/ur_pick/ros2_ws/install/onrobot_driver/include/onrobot_driver/Modbus/tests/googletest/googletest/src/gtest-typed-test.cc
[0.371s] -- Up-to-date symlink: /home/user/Desktop/ur_pick/ros2_ws/install/onrobot_driver/include/onrobot_driver/Modbus/tests/googletest/googletest/src/gtest.cc
[0.371s] -- Up-to-date symlink: /home/user/Desktop/ur_pick/ros2_ws/install/onrobot_driver/include/onrobot_driver/Modbus/tests/googletest/googletest/src/gtest_main.cc
[0.371s] -- Up-to-date symlink: /home/user/Desktop/ur_pick/ros2_ws/install/onrobot_driver/include/onrobot_driver/Modbus/tests/googletest/googletest/test/BUILD.bazel
[0.372s] -- Up-to-date symlink: /home/user/Desktop/ur_pick/ros2_ws/install/onrobot_driver/include/onrobot_driver/Modbus/tests/googletest/googletest/test/googletest-break-on-failure-unittest.py
[0.372s] -- Up-to-date symlink: /home/user/Desktop/ur_pick/ros2_ws/install/onrobot_driver/include/onrobot_driver/Modbus/tests/googletest/googletest/test/googletest-break-on-failure-unittest_.cc
[0.372s] -- Up-to-date symlink: /home/user/Desktop/ur_pick/ros2_ws/install/onrobot_driver/include/onrobot_driver/Modbus/tests/googletest/googletest/test/googletest-catch-exceptions-test.py
[0.372s] -- Up-to-date symlink: /home/user/Desktop/ur_pick/ros2_ws/install/onrobot_driver/include/onrobot_driver/Modbus/tests/googletest/googletest/test/googletest-catch-exceptions-test_.cc
[0.372s] -- Up-to-date symlink: /home/user/Desktop/ur_pick/ros2_ws/install/onrobot_driver/include/onrobot_driver/Modbus/tests/googletest/googletest/test/googletest-color-test.py
[0.372s] -- Up-to-date symlink: /home/user/Desktop/ur_pick/ros2_ws/install/onrobot_driver/include/onrobot_driver/Modbus/tests/googletest/googletest/test/googletest-color-test_.cc
[0.372s] -- Up-to-date symlink: /home/user/Desktop/ur_pick/ros2_ws/install/onrobot_driver/include/onrobot_driver/Modbus/tests/googletest/googletest/test/googletest-death-test-test.cc
[0.373s] -- Up-to-date symlink: /home/user/Desktop/ur_pick/ros2_ws/install/onrobot_driver/include/onrobot_driver/Modbus/tests/googletest/googletest/test/googletest-death-test_ex_test.cc
[0.373s] -- Up-to-date symlink: /home/user/Desktop/ur_pick/ros2_ws/install/onrobot_driver/include/onrobot_driver/Modbus/tests/googletest/googletest/test/googletest-env-var-test.py
[0.373s] -- Up-to-date symlink: /home/user/Desktop/ur_pick/ros2_ws/install/onrobot_driver/include/onrobot_driver/Modbus/tests/googletest/googletest/test/googletest-env-var-test_.cc
[0.373s] -- Up-to-date symlink: /home/user/Desktop/ur_pick/ros2_ws/install/onrobot_driver/include/onrobot_driver/Modbus/tests/googletest/googletest/test/googletest-failfast-unittest.py
[0.373s] -- Up-to-date symlink: /home/user/Desktop/ur_pick/ros2_ws/install/onrobot_driver/include/onrobot_driver/Modbus/tests/googletest/googletest/test/googletest-failfast-unittest_.cc
[0.373s] -- Up-to-date symlink: /home/user/Desktop/ur_pick/ros2_ws/install/onrobot_driver/include/onrobot_driver/Modbus/tests/googletest/googletest/test/googletest-filepath-test.cc
[0.373s] -- Up-to-date symlink: /home/user/Desktop/ur_pick/ros2_ws/install/onrobot_driver/include/onrobot_driver/Modbus/tests/googletest/googletest/test/googletest-filter-unittest.py
[0.374s] -- Up-to-date symlink: /home/user/Desktop/ur_pick/ros2_ws/install/onrobot_driver/include/onrobot_driver/Modbus/tests/googletest/googletest/test/googletest-filter-unittest_.cc
[0.374s] -- Up-to-date symlink: /home/user/Desktop/ur_pick/ros2_ws/install/onrobot_driver/include/onrobot_driver/Modbus/tests/googletest/googletest/test/googletest-global-environment-unittest.py
[0.374s] -- Up-to-date symlink: /home/user/Desktop/ur_pick/ros2_ws/install/onrobot_driver/include/onrobot_driver/Modbus/tests/googletest/googletest/test/googletest-global-environment-unittest_.cc
[0.374s] -- Up-to-date symlink: /home/user/Desktop/ur_pick/ros2_ws/install/onrobot_driver/include/onrobot_driver/Modbus/tests/googletest/googletest/test/googletest-json-outfiles-test.py
[0.374s] -- Up-to-date symlink: /home/user/Desktop/ur_pick/ros2_ws/install/onrobot_driver/include/onrobot_driver/Modbus/tests/googletest/googletest/test/googletest-json-output-unittest.py
[0.374s] -- Up-to-date symlink: /home/user/Desktop/ur_pick/ros2_ws/install/onrobot_driver/include/onrobot_driver/Modbus/tests/googletest/googletest/test/googletest-list-tests-unittest.py
[0.375s] -- Up-to-date symlink: /home/user/Desktop/ur_pick/ros2_ws/install/onrobot_driver/include/onrobot_driver/Modbus/tests/googletest/googletest/test/googletest-list-tests-unittest_.cc
[0.375s] -- Up-to-date symlink: /home/user/Desktop/ur_pick/ros2_ws/install/onrobot_driver/include/onrobot_driver/Modbus/tests/googletest/googletest/test/googletest-listener-test.cc
[0.375s] -- Up-to-date symlink: /home/user/Desktop/ur_pick/ros2_ws/install/onrobot_driver/include/onrobot_driver/Modbus/tests/googletest/googletest/test/googletest-message-test.cc
[0.375s] -- Up-to-date symlink: /home/user/Desktop/ur_pick/ros2_ws/install/onrobot_driver/include/onrobot_driver/Modbus/tests/googletest/googletest/test/googletest-options-test.cc
[0.375s] -- Up-to-date symlink: /home/user/Desktop/ur_pick/ros2_ws/install/onrobot_driver/include/onrobot_driver/Modbus/tests/googletest/googletest/test/googletest-output-test-golden-lin.txt
[0.375s] -- Up-to-date symlink: /home/user/Desktop/ur_pick/ros2_ws/install/onrobot_driver/include/onrobot_driver/Modbus/tests/googletest/googletest/test/googletest-output-test.py
[0.375s] -- Up-to-date symlink: /home/user/Desktop/ur_pick/ros2_ws/install/onrobot_driver/include/onrobot_driver/Modbus/tests/googletest/googletest/test/googletest-output-test_.cc
[0.376s] -- Up-to-date symlink: /home/user/Desktop/ur_pick/ros2_ws/install/onrobot_driver/include/onrobot_driver/Modbus/tests/googletest/googletest/test/googletest-param-test-invalid-name1-test.py
[0.376s] -- Up-to-date symlink: /home/user/Desktop/ur_pick/ros2_ws/install/onrobot_driver/include/onrobot_driver/Modbus/tests/googletest/googletest/test/googletest-param-test-invalid-name1-test_.cc
[0.376s] -- Up-to-date symlink: /home/user/Desktop/ur_pick/ros2_ws/install/onrobot_driver/include/onrobot_driver/Modbus/tests/googletest/googletest/test/googletest-param-test-invalid-name2-test.py
[0.376s] -- Up-to-date symlink: /home/user/Desktop/ur_pick/ros2_ws/install/onrobot_driver/include/onrobot_driver/Modbus/tests/googletest/googletest/test/googletest-param-test-invalid-name2-test_.cc
[0.376s] -- Up-to-date symlink: /home/user/Desktop/ur_pick/ros2_ws/install/onrobot_driver/include/onrobot_driver/Modbus/tests/googletest/googletest/test/googletest-param-test-test.cc
[0.376s] -- Up-to-date symlink: /home/user/Desktop/ur_pick/ros2_ws/install/onrobot_driver/include/onrobot_driver/Modbus/tests/googletest/googletest/test/googletest-param-test-test.h
[0.376s] -- Up-to-date symlink: /home/user/Desktop/ur_pick/ros2_ws/install/onrobot_driver/include/onrobot_driver/Modbus/tests/googletest/googletest/test/googletest-param-test2-test.cc
[0.377s] -- Up-to-date symlink: /home/user/Desktop/ur_pick/ros2_ws/install/onrobot_driver/include/onrobot_driver/Modbus/tests/googletest/googletest/test/googletest-port-test.cc
[0.377s] -- Up-to-date symlink: /home/user/Desktop/ur_pick/ros2_ws/install/onrobot_driver/include/onrobot_driver/Modbus/tests/googletest/googletest/test/googletest-printers-test.cc
[0.377s] -- Up-to-date symlink: /home/user/Desktop/ur_pick/ros2_ws/install/onrobot_driver/include/onrobot_driver/Modbus/tests/googletest/googletest/test/googletest-setuptestsuite-test.py
[0.377s] -- Up-to-date symlink: /home/user/Desktop/ur_pick/ros2_ws/install/onrobot_driver/include/onrobot_driver/Modbus/tests/googletest/googletest/test/googletest-setuptestsuite-test_.cc
[0.377s] -- Up-to-date symlink: /home/user/Desktop/ur_pick/ros2_ws/install/onrobot_driver/include/onrobot_driver/Modbus/tests/googletest/googletest/test/googletest-shuffle-test.py
[0.377s] -- Up-to-date symlink: /home/user/Desktop/ur_pick/ros2_ws/install/onrobot_driver/include/onrobot_driver/Modbus/tests/googletest/googletest/test/googletest-shuffle-test_.cc
[0.378s] -- Up-to-date symlink: /home/user/Desktop/ur_pick/ros2_ws/install/onrobot_driver/include/onrobot_driver/Modbus/tests/googletest/googletest/test/googletest-test-part-test.cc
[0.378s] -- Up-to-date symlink: /home/user/Desktop/ur_pick/ros2_ws/install/onrobot_driver/include/onrobot_driver/Modbus/tests/googletest/googletest/test/googletest-throw-on-failure-test.py
[0.378s] -- Up-to-date symlink: /home/user/Desktop/ur_pick/ros2_ws/install/onrobot_driver/include/onrobot_driver/Modbus/tests/googletest/googletest/test/googletest-throw-on-failure-test_.cc
[0.378s] -- Up-to-date symlink: /home/user/Desktop/ur_pick/ros2_ws/install/onrobot_driver/include/onrobot_driver/Modbus/tests/googletest/googletest/test/googletest-uninitialized-test.py
[0.378s] -- Up-to-date symlink: /home/user/Desktop/ur_pick/ros2_ws/install/onrobot_driver/include/onrobot_driver/Modbus/tests/googletest/googletest/test/googletest-uninitialized-test_.cc
[0.378s] -- Up-to-date symlink: /home/user/Desktop/ur_pick/ros2_ws/install/onrobot_driver/include/onrobot_driver/Modbus/tests/googletest/googletest/test/gtest-typed-test2_test.cc
[0.378s] -- Up-to-date symlink: /home/user/Desktop/ur_pick/ros2_ws/install/onrobot_driver/include/onrobot_driver/Modbus/tests/googletest/googletest/test/gtest-typed-test_test.cc
[0.379s] -- Up-to-date symlink: /home/user/Desktop/ur_pick/ros2_ws/install/onrobot_driver/include/onrobot_driver/Modbus/tests/googletest/googletest/test/gtest-typed-test_test.h
[0.379s] -- Up-to-date symlink: /home/user/Desktop/ur_pick/ros2_ws/install/onrobot_driver/include/onrobot_driver/Modbus/tests/googletest/googletest/test/gtest-unittest-api_test.cc
[0.379s] -- Up-to-date symlink: /home/user/Desktop/ur_pick/ros2_ws/install/onrobot_driver/include/onrobot_driver/Modbus/tests/googletest/googletest/test/gtest_all_test.cc
[0.379s] -- Up-to-date symlink: /home/user/Desktop/ur_pick/ros2_ws/install/onrobot_driver/include/onrobot_driver/Modbus/tests/googletest/googletest/test/gtest_assert_by_exception_test.cc
[0.379s] -- Up-to-date symlink: /home/user/Desktop/ur_pick/ros2_ws/install/onrobot_driver/include/onrobot_driver/Modbus/tests/googletest/googletest/test/gtest_environment_test.cc
[0.379s] -- Up-to-date symlink: /home/user/Desktop/ur_pick/ros2_ws/install/onrobot_driver/include/onrobot_driver/Modbus/tests/googletest/googletest/test/gtest_help_test.py
[0.380s] -- Up-to-date symlink: /home/user/Desktop/ur_pick/ros2_ws/install/onrobot_driver/include/onrobot_driver/Modbus/tests/googletest/googletest/test/gtest_help_test_.cc
[0.380s] -- Up-to-date symlink: /home/user/Desktop/ur_pick/ros2_ws/install/onrobot_driver/include/onrobot_driver/Modbus/tests/googletest/googletest/test/gtest_json_test_utils.py
[0.380s] -- Up-to-date symlink: /home/user/Desktop/ur_pick/ros2_ws/install/onrobot_driver/include/onrobot_driver/Modbus/tests/googletest/googletest/test/gtest_list_output_unittest.py
[0.380s] -- Up-to-date symlink: /home/user/Desktop/ur_pick/ros2_ws/install/onrobot_driver/include/onrobot_driver/Modbus/tests/googletest/googletest/test/gtest_list_output_unittest_.cc
[0.380s] -- Up-to-date symlink: /home/user/Desktop/ur_pick/ros2_ws/install/onrobot_driver/include/onrobot_driver/Modbus/tests/googletest/googletest/test/gtest_main_unittest.cc
[0.380s] -- Up-to-date symlink: /home/user/Desktop/ur_pick/ros2_ws/install/onrobot_driver/include/onrobot_driver/Modbus/tests/googletest/googletest/test/gtest_no_test_unittest.cc
[0.380s] -- Up-to-date symlink: /home/user/Desktop/ur_pick/ros2_ws/install/onrobot_driver/include/onrobot_driver/Modbus/tests/googletest/googletest/test/gtest_pred_impl_unittest.cc
[0.381s] -- Up-to-date symlink: /home/user/Desktop/ur_pick/ros2_ws/install/onrobot_driver/include/onrobot_driver/Modbus/tests/googletest/googletest/test/gtest_premature_exit_test.cc
[0.381s] -- Up-to-date symlink: /home/user/Desktop/ur_pick/ros2_ws/install/onrobot_driver/include/onrobot_driver/Modbus/tests/googletest/googletest/test/gtest_prod_test.cc
[0.381s] -- Up-to-date symlink: /home/user/Desktop/ur_pick/ros2_ws/install/onrobot_driver/include/onrobot_driver/Modbus/tests/googletest/googletest/test/gtest_repeat_test.cc
[0.381s] -- Up-to-date symlink: /home/user/Desktop/ur_pick/ros2_ws/install/onrobot_driver/include/onrobot_driver/Modbus/tests/googletest/googletest/test/gtest_skip_check_output_test.py
[0.381s] -- Up-to-date symlink: /home/user/Desktop/ur_pick/ros2_ws/install/onrobot_driver/include/onrobot_driver/Modbus/tests/googletest/googletest/test/gtest_skip_environment_check_output_test.py
[0.381s] -- Up-to-date symlink: /home/user/Desktop/ur_pick/ros2_ws/install/onrobot_driver/include/onrobot_driver/Modbus/tests/googletest/googletest/test/gtest_skip_in_environment_setup_test.cc
[0.381s] -- Up-to-date symlink: /home/user/Desktop/ur_pick/ros2_ws/install/onrobot_driver/include/onrobot_driver/Modbus/tests/googletest/googletest/test/gtest_skip_test.cc
[0.382s] -- Up-to-date symlink: /home/user/Desktop/ur_pick/ros2_ws/install/onrobot_driver/include/onrobot_driver/Modbus/tests/googletest/googletest/test/gtest_sole_header_test.cc
[0.382s] -- Up-to-date symlink: /home/user/Desktop/ur_pick/ros2_ws/install/onrobot_driver/include/onrobot_driver/Modbus/tests/googletest/googletest/test/gtest_stress_test.cc
[0.382s] -- Up-to-date symlink: /home/user/Desktop/ur_pick/ros2_ws/install/onrobot_driver/include/onrobot_driver/Modbus/tests/googletest/googletest/test/gtest_test_macro_stack_footprint_test.cc
[0.382s] -- Up-to-date symlink: /home/user/Desktop/ur_pick/ros2_ws/install/onrobot_driver/include/onrobot_driver/Modbus/tests/googletest/googletest/test/gtest_test_utils.py
[0.382s] -- Up-to-date symlink: /home/user/Desktop/ur_pick/ros2_ws/install/onrobot_driver/include/onrobot_driver/Modbus/tests/googletest/googletest/test/gtest_testbridge_test.py
[0.382s] -- Up-to-date symlink: /home/user/Desktop/ur_pick/ros2_ws/install/onrobot_driver/include/onrobot_driver/Modbus/tests/googletest/googletest/test/gtest_testbridge_test_.cc
[0.382s] -- Up-to-date symlink: /home/user/Desktop/ur_pick/ros2_ws/install/onrobot_driver/include/onrobot_driver/Modbus/tests/googletest/googletest/test/gtest_throw_on_failure_ex_test.cc
[0.383s] -- Up-to-date symlink: /home/user/Desktop/ur_pick/ros2_ws/install/onrobot_driver/include/onrobot_driver/Modbus/tests/googletest/googletest/test/gtest_unittest.cc
[0.383s] -- Up-to-date symlink: /home/user/Desktop/ur_pick/ros2_ws/install/onrobot_driver/include/onrobot_driver/Modbus/tests/googletest/googletest/test/gtest_xml_outfile1_test_.cc
[0.383s] -- Up-to-date symlink: /home/user/Desktop/ur_pick/ros2_ws/install/onrobot_driver/include/onrobot_driver/Modbus/tests/googletest/googletest/test/gtest_xml_outfile2_test_.cc
[0.383s] -- Up-to-date symlink: /home/user/Desktop/ur_pick/ros2_ws/install/onrobot_driver/include/onrobot_driver/Modbus/tests/googletest/googletest/test/gtest_xml_outfiles_test.py
[0.383s] -- Up-to-date symlink: /home/user/Desktop/ur_pick/ros2_ws/install/onrobot_driver/include/onrobot_driver/Modbus/tests/googletest/googletest/test/gtest_xml_output_unittest.py
[0.383s] -- Up-to-date symlink: /home/user/Desktop/ur_pick/ros2_ws/install/onrobot_driver/include/onrobot_driver/Modbus/tests/googletest/googletest/test/gtest_xml_output_unittest_.cc
[0.384s] -- Up-to-date symlink: /home/user/Desktop/ur_pick/ros2_ws/install/onrobot_driver/include/onrobot_driver/Modbus/tests/googletest/googletest/test/gtest_xml_test_utils.py
[0.384s] -- Up-to-date symlink: /home/user/Desktop/ur_pick/ros2_ws/install/onrobot_driver/include/onrobot_driver/Modbus/tests/googletest/googletest/test/production.cc
[0.384s] -- Up-to-date symlink: /home/user/Desktop/ur_pick/ros2_ws/install/onrobot_driver/include/onrobot_driver/Modbus/tests/googletest/googletest/test/production.h
[0.384s] -- Up-to-date symlink: /home/user/Desktop/ur_pick/ros2_ws/install/onrobot_driver/include/onrobot_driver/Modbus/tests/main.cpp
[0.384s] -- Up-to-date symlink: /home/user/Desktop/ur_pick/ros2_ws/install/onrobot_driver/include/onrobot_driver/RG.hpp
[0.384s] -- Up-to-date symlink: /home/user/Desktop/ur_pick/ros2_ws/install/onrobot_driver/include/onrobot_driver/SerialConnectionWrapper.hpp
[0.384s] -- Up-to-date symlink: /home/user/Desktop/ur_pick/ros2_ws/install/onrobot_driver/include/onrobot_driver/TCPConnectionWrapper.hpp
[0.384s] -- Up-to-date symlink: /home/user/Desktop/ur_pick/ros2_ws/install/onrobot_driver/include/onrobot_driver/rg_hardware_interface.hpp
[0.385s] -- Up-to-date symlink: /home/user/Desktop/ur_pick/ros2_ws/install/onrobot_driver/share/onrobot_driver/launch/onrobot_control.launch.py
[0.385s] -- Up-to-date symlink: /home/user/Desktop/ur_pick/ros2_ws/install/onrobot_driver/share/onrobot_driver/config/rg_controllers.yaml
[0.385s] -- Up-to-date symlink: /home/user/Desktop/ur_pick/ros2_ws/install/onrobot_driver/share/ament_index/resource_index/package_run_dependencies/onrobot_driver
[0.385s] -- Up-to-date symlink: /home/user/Desktop/ur_pick/ros2_ws/install/onrobot_driver/share/ament_index/resource_index/parent_prefix_path/onrobot_driver
[0.386s] -- Up-to-date symlink: /home/user/Desktop/ur_pick/ros2_ws/install/onrobot_driver/share/onrobot_driver/environment/ament_prefix_path.sh
[0.386s] -- Up-to-date symlink: /home/user/Desktop/ur_pick/ros2_ws/install/onrobot_driver/share/onrobot_driver/environment/ament_prefix_path.dsv
[0.386s] -- Up-to-date symlink: /home/user/Desktop/ur_pick/ros2_ws/install/onrobot_driver/share/onrobot_driver/environment/path.sh
[0.386s] -- Up-to-date symlink: /home/user/Desktop/ur_pick/ros2_ws/install/onrobot_driver/share/onrobot_driver/environment/path.dsv
[0.386s] -- Up-to-date symlink: /home/user/Desktop/ur_pick/ros2_ws/install/onrobot_driver/share/onrobot_driver/local_setup.bash
[0.386s] -- Up-to-date symlink: /home/user/Desktop/ur_pick/ros2_ws/install/onrobot_driver/share/onrobot_driver/local_setup.sh
[0.386s] -- Up-to-date symlink: /home/user/Desktop/ur_pick/ros2_ws/install/onrobot_driver/share/onrobot_driver/local_setup.zsh
[0.387s] -- Up-to-date symlink: /home/user/Desktop/ur_pick/ros2_ws/install/onrobot_driver/share/onrobot_driver/local_setup.dsv
[0.387s] -- Symlinking: /home/user/Desktop/ur_pick/ros2_ws/install/onrobot_driver/share/onrobot_driver/package.dsv
[0.401s] -- Up-to-date symlink: /home/user/Desktop/ur_pick/ros2_ws/install/onrobot_driver/share/ament_index/resource_index/packages/onrobot_driver
[0.402s] -- Up-to-date symlink: /home/user/Desktop/ur_pick/ros2_ws/install/onrobot_driver/share/ament_index/resource_index/hardware_interface__pluginlib__plugin/onrobot_driver
[0.402s] -- Up-to-date symlink: /home/user/Desktop/ur_pick/ros2_ws/install/onrobot_driver/share/onrobot_driver/cmake/ament_cmake_export_include_directories-extras.cmake
[0.402s] -- Up-to-date symlink: /home/user/Desktop/ur_pick/ros2_ws/install/onrobot_driver/share/onrobot_driver/cmake/ament_cmake_export_libraries-extras.cmake
[0.403s] -- Up-to-date symlink: /home/user/Desktop/ur_pick/ros2_ws/install/onrobot_driver/share/onrobot_driver/cmake/ament_cmake_export_dependencies-extras.cmake
[0.403s] -- Up-to-date symlink: /home/user/Desktop/ur_pick/ros2_ws/install/onrobot_driver/share/onrobot_driver/cmake/onrobot_driverConfig.cmake
[0.403s] -- Up-to-date symlink: /home/user/Desktop/ur_pick/ros2_ws/install/onrobot_driver/share/onrobot_driver/cmake/onrobot_driverConfig-version.cmake
[0.404s] -- Up-to-date symlink: /home/user/Desktop/ur_pick/ros2_ws/install/onrobot_driver/share/onrobot_driver/package.xml
[0.408s] Invoked command in '/home/user/Desktop/ur_pick/ros2_ws/build/onrobot_driver' returned '0': AMENT_PREFIX_PATH=/home/user/Desktop/ur_pick/ros2_ws/install/onrobot_description:${AMENT_PREFIX_PATH} CMAKE_PREFIX_PATH=/home/user/Desktop/ur_pick/ros2_ws/install/onrobot_description:/opt/ros/humble /usr/bin/cmake --install /home/user/Desktop/ur_pick/ros2_ws/build/onrobot_driver
