[0.095s] DEBUG:colcon:Command line arguments: ['/usr/bin/colcon', 'build', '--symlink-install', '--event-handlers', 'console_cohesion+']
[0.095s] DEBUG:colcon:Parsed command line arguments: Namespace(log_base=None, log_level=None, verb_name='build', build_base='build', install_base='install', merge_install=False, symlink_install=True, test_result_base=None, continue_on_error=False, executor='parallel', parallel_workers=15, event_handlers=['console_cohesion+'], ignore_user_meta=False, metas=['./colcon.meta'], base_paths=['.'], packages_ignore=None, packages_ignore_regex=None, paths=None, packages_up_to=None, packages_up_to_regex=None, packages_above=None, packages_above_and_dependencies=None, packages_above_depth=None, packages_select_by_dep=None, packages_skip_by_dep=None, packages_skip_up_to=None, packages_select_build_failed=False, packages_skip_build_finished=False, packages_select_test_failures=False, packages_skip_test_passed=False, packages_select=None, packages_skip=None, packages_select_regex=None, packages_skip_regex=None, packages_start=None, packages_end=None, allow_overriding=[], cmake_args=None, cmake_target=None, cmake_target_skip_unavailable=False, cmake_clean_cache=False, cmake_clean_first=False, cmake_force_configure=False, ament_cmake_args=None, catkin_cmake_args=None, catkin_skip_building_tests=False, mixin_files=None, mixin=None, verb_parser=<colcon_mixin.mixin.mixin_argument.MixinArgumentDecorator object at 0x780cfd95b3a0>, verb_extension=<colcon_core.verb.build.BuildVerb object at 0x780cfdaa4400>, main=<bound method BuildVerb.main of <colcon_core.verb.build.BuildVerb object at 0x780cfdaa4400>>, mixin_verb=('build',))
[0.251s] Level 1:colcon.colcon_core.package_discovery:discover_packages(colcon_meta) check parameters
[0.251s] Level 1:colcon.colcon_core.package_discovery:discover_packages(recursive) check parameters
[0.251s] Level 1:colcon.colcon_core.package_discovery:discover_packages(ignore) check parameters
[0.251s] Level 1:colcon.colcon_core.package_discovery:discover_packages(path) check parameters
[0.251s] Level 1:colcon.colcon_core.package_discovery:discover_packages(colcon_meta) discover
[0.251s] Level 1:colcon.colcon_core.package_discovery:discover_packages(recursive) discover
[0.251s] INFO:colcon.colcon_core.package_discovery:Crawling recursively for packages in '/home/user/Desktop/ur_pick/ros2_ws'
[0.251s] Level 1:colcon.colcon_core.package_identification:_identify(.) by extensions ['ignore', 'ignore_ament_install']
[0.251s] Level 1:colcon.colcon_core.package_identification:_identify(.) by extension 'ignore'
[0.251s] Level 1:colcon.colcon_core.package_identification:_identify(.) by extension 'ignore_ament_install'
[0.251s] Level 1:colcon.colcon_core.package_identification:_identify(.) by extensions ['colcon_pkg']
[0.251s] Level 1:colcon.colcon_core.package_identification:_identify(.) by extension 'colcon_pkg'
[0.251s] Level 1:colcon.colcon_core.package_identification:_identify(.) by extensions ['colcon_meta']
[0.251s] Level 1:colcon.colcon_core.package_identification:_identify(.) by extension 'colcon_meta'
[0.251s] Level 1:colcon.colcon_core.package_identification:_identify(.) by extensions ['ros']
[0.251s] Level 1:colcon.colcon_core.package_identification:_identify(.) by extension 'ros'
[0.260s] Level 1:colcon.colcon_core.package_identification:_identify(.) by extensions ['cmake', 'python']
[0.260s] Level 1:colcon.colcon_core.package_identification:_identify(.) by extension 'cmake'
[0.260s] Level 1:colcon.colcon_core.package_identification:_identify(.) by extension 'python'
[0.260s] Level 1:colcon.colcon_core.package_identification:_identify(.) by extensions ['python_setup_py']
[0.260s] Level 1:colcon.colcon_core.package_identification:_identify(.) by extension 'python_setup_py'
[0.260s] Level 1:colcon.colcon_core.package_identification:_identify(build) by extensions ['ignore', 'ignore_ament_install']
[0.260s] Level 1:colcon.colcon_core.package_identification:_identify(build) by extension 'ignore'
[0.260s] Level 1:colcon.colcon_core.package_identification:_identify(build) ignored
[0.260s] Level 1:colcon.colcon_core.package_identification:_identify(install) by extensions ['ignore', 'ignore_ament_install']
[0.260s] Level 1:colcon.colcon_core.package_identification:_identify(install) by extension 'ignore'
[0.260s] Level 1:colcon.colcon_core.package_identification:_identify(install) ignored
[0.260s] Level 1:colcon.colcon_core.package_identification:_identify(log) by extensions ['ignore', 'ignore_ament_install']
[0.260s] Level 1:colcon.colcon_core.package_identification:_identify(log) by extension 'ignore'
[0.260s] Level 1:colcon.colcon_core.package_identification:_identify(log) ignored
[0.261s] Level 1:colcon.colcon_core.package_identification:_identify(src) by extensions ['ignore', 'ignore_ament_install']
[0.261s] Level 1:colcon.colcon_core.package_identification:_identify(src) by extension 'ignore'
[0.261s] Level 1:colcon.colcon_core.package_identification:_identify(src) by extension 'ignore_ament_install'
[0.261s] Level 1:colcon.colcon_core.package_identification:_identify(src) by extensions ['colcon_pkg']
[0.261s] Level 1:colcon.colcon_core.package_identification:_identify(src) by extension 'colcon_pkg'
[0.261s] Level 1:colcon.colcon_core.package_identification:_identify(src) by extensions ['colcon_meta']
[0.261s] Level 1:colcon.colcon_core.package_identification:_identify(src) by extension 'colcon_meta'
[0.261s] Level 1:colcon.colcon_core.package_identification:_identify(src) by extensions ['ros']
[0.261s] Level 1:colcon.colcon_core.package_identification:_identify(src) by extension 'ros'
[0.261s] Level 1:colcon.colcon_core.package_identification:_identify(src) by extensions ['cmake', 'python']
[0.261s] Level 1:colcon.colcon_core.package_identification:_identify(src) by extension 'cmake'
[0.261s] Level 1:colcon.colcon_core.package_identification:_identify(src) by extension 'python'
[0.261s] Level 1:colcon.colcon_core.package_identification:_identify(src) by extensions ['python_setup_py']
[0.261s] Level 1:colcon.colcon_core.package_identification:_identify(src) by extension 'python_setup_py'
[0.261s] Level 1:colcon.colcon_core.package_identification:_identify(src/UR_OnRobot_ROS2) by extensions ['ignore', 'ignore_ament_install']
[0.261s] Level 1:colcon.colcon_core.package_identification:_identify(src/UR_OnRobot_ROS2) by extension 'ignore'
[0.261s] Level 1:colcon.colcon_core.package_identification:_identify(src/UR_OnRobot_ROS2) by extension 'ignore_ament_install'
[0.261s] Level 1:colcon.colcon_core.package_identification:_identify(src/UR_OnRobot_ROS2) by extensions ['colcon_pkg']
[0.261s] Level 1:colcon.colcon_core.package_identification:_identify(src/UR_OnRobot_ROS2) by extension 'colcon_pkg'
[0.261s] Level 1:colcon.colcon_core.package_identification:_identify(src/UR_OnRobot_ROS2) by extensions ['colcon_meta']
[0.261s] Level 1:colcon.colcon_core.package_identification:_identify(src/UR_OnRobot_ROS2) by extension 'colcon_meta'
[0.261s] Level 1:colcon.colcon_core.package_identification:_identify(src/UR_OnRobot_ROS2) by extensions ['ros']
[0.261s] Level 1:colcon.colcon_core.package_identification:_identify(src/UR_OnRobot_ROS2) by extension 'ros'
[0.262s] Level 1:colcon.colcon_core.package_identification:_identify(src/UR_OnRobot_ROS2) by extensions ['cmake', 'python']
[0.262s] Level 1:colcon.colcon_core.package_identification:_identify(src/UR_OnRobot_ROS2) by extension 'cmake'
[0.262s] Level 1:colcon.colcon_core.package_identification:_identify(src/UR_OnRobot_ROS2) by extension 'python'
[0.262s] Level 1:colcon.colcon_core.package_identification:_identify(src/UR_OnRobot_ROS2) by extensions ['python_setup_py']
[0.262s] Level 1:colcon.colcon_core.package_identification:_identify(src/UR_OnRobot_ROS2) by extension 'python_setup_py'
[0.262s] Level 1:colcon.colcon_core.package_identification:_identify(src/UR_OnRobot_ROS2/doc) by extensions ['ignore', 'ignore_ament_install']
[0.262s] Level 1:colcon.colcon_core.package_identification:_identify(src/UR_OnRobot_ROS2/doc) by extension 'ignore'
[0.262s] Level 1:colcon.colcon_core.package_identification:_identify(src/UR_OnRobot_ROS2/doc) by extension 'ignore_ament_install'
[0.262s] Level 1:colcon.colcon_core.package_identification:_identify(src/UR_OnRobot_ROS2/doc) by extensions ['colcon_pkg']
[0.262s] Level 1:colcon.colcon_core.package_identification:_identify(src/UR_OnRobot_ROS2/doc) by extension 'colcon_pkg'
[0.262s] Level 1:colcon.colcon_core.package_identification:_identify(src/UR_OnRobot_ROS2/doc) by extensions ['colcon_meta']
[0.262s] Level 1:colcon.colcon_core.package_identification:_identify(src/UR_OnRobot_ROS2/doc) by extension 'colcon_meta'
[0.262s] Level 1:colcon.colcon_core.package_identification:_identify(src/UR_OnRobot_ROS2/doc) by extensions ['ros']
[0.262s] Level 1:colcon.colcon_core.package_identification:_identify(src/UR_OnRobot_ROS2/doc) by extension 'ros'
[0.262s] Level 1:colcon.colcon_core.package_identification:_identify(src/UR_OnRobot_ROS2/doc) by extensions ['cmake', 'python']
[0.262s] Level 1:colcon.colcon_core.package_identification:_identify(src/UR_OnRobot_ROS2/doc) by extension 'cmake'
[0.262s] Level 1:colcon.colcon_core.package_identification:_identify(src/UR_OnRobot_ROS2/doc) by extension 'python'
[0.262s] Level 1:colcon.colcon_core.package_identification:_identify(src/UR_OnRobot_ROS2/doc) by extensions ['python_setup_py']
[0.262s] Level 1:colcon.colcon_core.package_identification:_identify(src/UR_OnRobot_ROS2/doc) by extension 'python_setup_py'
[0.262s] Level 1:colcon.colcon_core.package_identification:_identify(src/UR_OnRobot_ROS2/doc/images) by extensions ['ignore', 'ignore_ament_install']
[0.262s] Level 1:colcon.colcon_core.package_identification:_identify(src/UR_OnRobot_ROS2/doc/images) by extension 'ignore'
[0.262s] Level 1:colcon.colcon_core.package_identification:_identify(src/UR_OnRobot_ROS2/doc/images) by extension 'ignore_ament_install'
[0.262s] Level 1:colcon.colcon_core.package_identification:_identify(src/UR_OnRobot_ROS2/doc/images) by extensions ['colcon_pkg']
[0.262s] Level 1:colcon.colcon_core.package_identification:_identify(src/UR_OnRobot_ROS2/doc/images) by extension 'colcon_pkg'
[0.262s] Level 1:colcon.colcon_core.package_identification:_identify(src/UR_OnRobot_ROS2/doc/images) by extensions ['colcon_meta']
[0.263s] Level 1:colcon.colcon_core.package_identification:_identify(src/UR_OnRobot_ROS2/doc/images) by extension 'colcon_meta'
[0.263s] Level 1:colcon.colcon_core.package_identification:_identify(src/UR_OnRobot_ROS2/doc/images) by extensions ['ros']
[0.263s] Level 1:colcon.colcon_core.package_identification:_identify(src/UR_OnRobot_ROS2/doc/images) by extension 'ros'
[0.263s] Level 1:colcon.colcon_core.package_identification:_identify(src/UR_OnRobot_ROS2/doc/images) by extensions ['cmake', 'python']
[0.263s] Level 1:colcon.colcon_core.package_identification:_identify(src/UR_OnRobot_ROS2/doc/images) by extension 'cmake'
[0.263s] Level 1:colcon.colcon_core.package_identification:_identify(src/UR_OnRobot_ROS2/doc/images) by extension 'python'
[0.263s] Level 1:colcon.colcon_core.package_identification:_identify(src/UR_OnRobot_ROS2/doc/images) by extensions ['python_setup_py']
[0.263s] Level 1:colcon.colcon_core.package_identification:_identify(src/UR_OnRobot_ROS2/doc/images) by extension 'python_setup_py'
[0.263s] Level 1:colcon.colcon_core.package_identification:_identify(src/UR_OnRobot_ROS2/ur_onrobot_control) by extensions ['ignore', 'ignore_ament_install']
[0.263s] Level 1:colcon.colcon_core.package_identification:_identify(src/UR_OnRobot_ROS2/ur_onrobot_control) by extension 'ignore'
[0.263s] Level 1:colcon.colcon_core.package_identification:_identify(src/UR_OnRobot_ROS2/ur_onrobot_control) by extension 'ignore_ament_install'
[0.263s] Level 1:colcon.colcon_core.package_identification:_identify(src/UR_OnRobot_ROS2/ur_onrobot_control) by extensions ['colcon_pkg']
[0.263s] Level 1:colcon.colcon_core.package_identification:_identify(src/UR_OnRobot_ROS2/ur_onrobot_control) by extension 'colcon_pkg'
[0.263s] Level 1:colcon.colcon_core.package_identification:_identify(src/UR_OnRobot_ROS2/ur_onrobot_control) by extensions ['colcon_meta']
[0.263s] Level 1:colcon.colcon_core.package_identification:_identify(src/UR_OnRobot_ROS2/ur_onrobot_control) by extension 'colcon_meta'
[0.263s] Level 1:colcon.colcon_core.package_identification:_identify(src/UR_OnRobot_ROS2/ur_onrobot_control) by extensions ['ros']
[0.263s] Level 1:colcon.colcon_core.package_identification:_identify(src/UR_OnRobot_ROS2/ur_onrobot_control) by extension 'ros'
[0.265s] DEBUG:colcon.colcon_core.package_identification:Package 'src/UR_OnRobot_ROS2/ur_onrobot_control' with type 'ros.ament_cmake' and name 'ur_onrobot_control'
[0.265s] Level 1:colcon.colcon_core.package_identification:_identify(src/UR_OnRobot_ROS2/ur_onrobot_description) by extensions ['ignore', 'ignore_ament_install']
[0.265s] Level 1:colcon.colcon_core.package_identification:_identify(src/UR_OnRobot_ROS2/ur_onrobot_description) by extension 'ignore'
[0.265s] Level 1:colcon.colcon_core.package_identification:_identify(src/UR_OnRobot_ROS2/ur_onrobot_description) by extension 'ignore_ament_install'
[0.265s] Level 1:colcon.colcon_core.package_identification:_identify(src/UR_OnRobot_ROS2/ur_onrobot_description) by extensions ['colcon_pkg']
[0.265s] Level 1:colcon.colcon_core.package_identification:_identify(src/UR_OnRobot_ROS2/ur_onrobot_description) by extension 'colcon_pkg'
[0.265s] Level 1:colcon.colcon_core.package_identification:_identify(src/UR_OnRobot_ROS2/ur_onrobot_description) by extensions ['colcon_meta']
[0.265s] Level 1:colcon.colcon_core.package_identification:_identify(src/UR_OnRobot_ROS2/ur_onrobot_description) by extension 'colcon_meta'
[0.265s] Level 1:colcon.colcon_core.package_identification:_identify(src/UR_OnRobot_ROS2/ur_onrobot_description) by extensions ['ros']
[0.265s] Level 1:colcon.colcon_core.package_identification:_identify(src/UR_OnRobot_ROS2/ur_onrobot_description) by extension 'ros'
[0.266s] DEBUG:colcon.colcon_core.package_identification:Package 'src/UR_OnRobot_ROS2/ur_onrobot_description' with type 'ros.ament_cmake' and name 'ur_onrobot_description'
[0.266s] Level 1:colcon.colcon_core.package_identification:_identify(src/UR_OnRobot_ROS2/ur_onrobot_moveit_config) by extensions ['ignore', 'ignore_ament_install']
[0.266s] Level 1:colcon.colcon_core.package_identification:_identify(src/UR_OnRobot_ROS2/ur_onrobot_moveit_config) by extension 'ignore'
[0.266s] Level 1:colcon.colcon_core.package_identification:_identify(src/UR_OnRobot_ROS2/ur_onrobot_moveit_config) by extension 'ignore_ament_install'
[0.266s] Level 1:colcon.colcon_core.package_identification:_identify(src/UR_OnRobot_ROS2/ur_onrobot_moveit_config) by extensions ['colcon_pkg']
[0.266s] Level 1:colcon.colcon_core.package_identification:_identify(src/UR_OnRobot_ROS2/ur_onrobot_moveit_config) by extension 'colcon_pkg'
[0.266s] Level 1:colcon.colcon_core.package_identification:_identify(src/UR_OnRobot_ROS2/ur_onrobot_moveit_config) by extensions ['colcon_meta']
[0.266s] Level 1:colcon.colcon_core.package_identification:_identify(src/UR_OnRobot_ROS2/ur_onrobot_moveit_config) by extension 'colcon_meta'
[0.266s] Level 1:colcon.colcon_core.package_identification:_identify(src/UR_OnRobot_ROS2/ur_onrobot_moveit_config) by extensions ['ros']
[0.266s] Level 1:colcon.colcon_core.package_identification:_identify(src/UR_OnRobot_ROS2/ur_onrobot_moveit_config) by extension 'ros'
[0.267s] DEBUG:colcon.colcon_core.package_identification:Package 'src/UR_OnRobot_ROS2/ur_onrobot_moveit_config' with type 'ros.ament_cmake' and name 'ur_onrobot_moveit_config'
[0.267s] Level 1:colcon.colcon_core.package_identification:_identify(src/moveit2_tutorials_ur_onrobot) by extensions ['ignore', 'ignore_ament_install']
[0.267s] Level 1:colcon.colcon_core.package_identification:_identify(src/moveit2_tutorials_ur_onrobot) by extension 'ignore'
[0.267s] Level 1:colcon.colcon_core.package_identification:_identify(src/moveit2_tutorials_ur_onrobot) by extension 'ignore_ament_install'
[0.267s] Level 1:colcon.colcon_core.package_identification:_identify(src/moveit2_tutorials_ur_onrobot) by extensions ['colcon_pkg']
[0.267s] Level 1:colcon.colcon_core.package_identification:_identify(src/moveit2_tutorials_ur_onrobot) by extension 'colcon_pkg'
[0.267s] Level 1:colcon.colcon_core.package_identification:_identify(src/moveit2_tutorials_ur_onrobot) by extensions ['colcon_meta']
[0.267s] Level 1:colcon.colcon_core.package_identification:_identify(src/moveit2_tutorials_ur_onrobot) by extension 'colcon_meta'
[0.267s] Level 1:colcon.colcon_core.package_identification:_identify(src/moveit2_tutorials_ur_onrobot) by extensions ['ros']
[0.267s] Level 1:colcon.colcon_core.package_identification:_identify(src/moveit2_tutorials_ur_onrobot) by extension 'ros'
[0.267s] Level 1:colcon.colcon_core.package_identification:_identify(src/moveit2_tutorials_ur_onrobot) by extensions ['cmake', 'python']
[0.268s] Level 1:colcon.colcon_core.package_identification:_identify(src/moveit2_tutorials_ur_onrobot) by extension 'cmake'
[0.268s] Level 1:colcon.colcon_core.package_identification:_identify(src/moveit2_tutorials_ur_onrobot) by extension 'python'
[0.268s] Level 1:colcon.colcon_core.package_identification:_identify(src/moveit2_tutorials_ur_onrobot) by extensions ['python_setup_py']
[0.268s] Level 1:colcon.colcon_core.package_identification:_identify(src/moveit2_tutorials_ur_onrobot) by extension 'python_setup_py'
[0.268s] Level 1:colcon.colcon_core.package_identification:_identify(src/moveit2_tutorials_ur_onrobot/docs) by extensions ['ignore', 'ignore_ament_install']
[0.268s] Level 1:colcon.colcon_core.package_identification:_identify(src/moveit2_tutorials_ur_onrobot/docs) by extension 'ignore'
[0.268s] Level 1:colcon.colcon_core.package_identification:_identify(src/moveit2_tutorials_ur_onrobot/docs) by extension 'ignore_ament_install'
[0.268s] Level 1:colcon.colcon_core.package_identification:_identify(src/moveit2_tutorials_ur_onrobot/docs) by extensions ['colcon_pkg']
[0.268s] Level 1:colcon.colcon_core.package_identification:_identify(src/moveit2_tutorials_ur_onrobot/docs) by extension 'colcon_pkg'
[0.268s] Level 1:colcon.colcon_core.package_identification:_identify(src/moveit2_tutorials_ur_onrobot/docs) by extensions ['colcon_meta']
[0.268s] Level 1:colcon.colcon_core.package_identification:_identify(src/moveit2_tutorials_ur_onrobot/docs) by extension 'colcon_meta'
[0.268s] Level 1:colcon.colcon_core.package_identification:_identify(src/moveit2_tutorials_ur_onrobot/docs) by extensions ['ros']
[0.268s] Level 1:colcon.colcon_core.package_identification:_identify(src/moveit2_tutorials_ur_onrobot/docs) by extension 'ros'
[0.268s] Level 1:colcon.colcon_core.package_identification:_identify(src/moveit2_tutorials_ur_onrobot/docs) by extensions ['cmake', 'python']
[0.268s] Level 1:colcon.colcon_core.package_identification:_identify(src/moveit2_tutorials_ur_onrobot/docs) by extension 'cmake'
[0.268s] Level 1:colcon.colcon_core.package_identification:_identify(src/moveit2_tutorials_ur_onrobot/docs) by extension 'python'
[0.268s] Level 1:colcon.colcon_core.package_identification:_identify(src/moveit2_tutorials_ur_onrobot/docs) by extensions ['python_setup_py']
[0.268s] Level 1:colcon.colcon_core.package_identification:_identify(src/moveit2_tutorials_ur_onrobot/docs) by extension 'python_setup_py'
[0.268s] Level 1:colcon.colcon_core.package_identification:_identify(src/moveit2_tutorials_ur_onrobot/docs/gifs) by extensions ['ignore', 'ignore_ament_install']
[0.268s] Level 1:colcon.colcon_core.package_identification:_identify(src/moveit2_tutorials_ur_onrobot/docs/gifs) by extension 'ignore'
[0.268s] Level 1:colcon.colcon_core.package_identification:_identify(src/moveit2_tutorials_ur_onrobot/docs/gifs) by extension 'ignore_ament_install'
[0.268s] Level 1:colcon.colcon_core.package_identification:_identify(src/moveit2_tutorials_ur_onrobot/docs/gifs) by extensions ['colcon_pkg']
[0.268s] Level 1:colcon.colcon_core.package_identification:_identify(src/moveit2_tutorials_ur_onrobot/docs/gifs) by extension 'colcon_pkg'
[0.268s] Level 1:colcon.colcon_core.package_identification:_identify(src/moveit2_tutorials_ur_onrobot/docs/gifs) by extensions ['colcon_meta']
[0.268s] Level 1:colcon.colcon_core.package_identification:_identify(src/moveit2_tutorials_ur_onrobot/docs/gifs) by extension 'colcon_meta'
[0.268s] Level 1:colcon.colcon_core.package_identification:_identify(src/moveit2_tutorials_ur_onrobot/docs/gifs) by extensions ['ros']
[0.268s] Level 1:colcon.colcon_core.package_identification:_identify(src/moveit2_tutorials_ur_onrobot/docs/gifs) by extension 'ros'
[0.269s] Level 1:colcon.colcon_core.package_identification:_identify(src/moveit2_tutorials_ur_onrobot/docs/gifs) by extensions ['cmake', 'python']
[0.269s] Level 1:colcon.colcon_core.package_identification:_identify(src/moveit2_tutorials_ur_onrobot/docs/gifs) by extension 'cmake'
[0.269s] Level 1:colcon.colcon_core.package_identification:_identify(src/moveit2_tutorials_ur_onrobot/docs/gifs) by extension 'python'
[0.269s] Level 1:colcon.colcon_core.package_identification:_identify(src/moveit2_tutorials_ur_onrobot/docs/gifs) by extensions ['python_setup_py']
[0.269s] Level 1:colcon.colcon_core.package_identification:_identify(src/moveit2_tutorials_ur_onrobot/docs/gifs) by extension 'python_setup_py'
[0.269s] Level 1:colcon.colcon_core.package_identification:_identify(src/moveit2_tutorials_ur_onrobot/ur_onrobot_hello_moveit) by extensions ['ignore', 'ignore_ament_install']
[0.269s] Level 1:colcon.colcon_core.package_identification:_identify(src/moveit2_tutorials_ur_onrobot/ur_onrobot_hello_moveit) by extension 'ignore'
[0.269s] Level 1:colcon.colcon_core.package_identification:_identify(src/moveit2_tutorials_ur_onrobot/ur_onrobot_hello_moveit) by extension 'ignore_ament_install'
[0.269s] Level 1:colcon.colcon_core.package_identification:_identify(src/moveit2_tutorials_ur_onrobot/ur_onrobot_hello_moveit) by extensions ['colcon_pkg']
[0.269s] Level 1:colcon.colcon_core.package_identification:_identify(src/moveit2_tutorials_ur_onrobot/ur_onrobot_hello_moveit) by extension 'colcon_pkg'
[0.269s] Level 1:colcon.colcon_core.package_identification:_identify(src/moveit2_tutorials_ur_onrobot/ur_onrobot_hello_moveit) by extensions ['colcon_meta']
[0.269s] Level 1:colcon.colcon_core.package_identification:_identify(src/moveit2_tutorials_ur_onrobot/ur_onrobot_hello_moveit) by extension 'colcon_meta'
[0.269s] Level 1:colcon.colcon_core.package_identification:_identify(src/moveit2_tutorials_ur_onrobot/ur_onrobot_hello_moveit) by extensions ['ros']
[0.269s] Level 1:colcon.colcon_core.package_identification:_identify(src/moveit2_tutorials_ur_onrobot/ur_onrobot_hello_moveit) by extension 'ros'
[0.270s] DEBUG:colcon.colcon_core.package_identification:Package 'src/moveit2_tutorials_ur_onrobot/ur_onrobot_hello_moveit' with type 'ros.ament_cmake' and name 'ur_onrobot_hello_moveit'
[0.270s] Level 1:colcon.colcon_core.package_identification:_identify(src/moveit2_tutorials_ur_onrobot/ur_onrobot_mtc) by extensions ['ignore', 'ignore_ament_install']
[0.270s] Level 1:colcon.colcon_core.package_identification:_identify(src/moveit2_tutorials_ur_onrobot/ur_onrobot_mtc) by extension 'ignore'
[0.270s] Level 1:colcon.colcon_core.package_identification:_identify(src/moveit2_tutorials_ur_onrobot/ur_onrobot_mtc) by extension 'ignore_ament_install'
[0.270s] Level 1:colcon.colcon_core.package_identification:_identify(src/moveit2_tutorials_ur_onrobot/ur_onrobot_mtc) by extensions ['colcon_pkg']
[0.270s] Level 1:colcon.colcon_core.package_identification:_identify(src/moveit2_tutorials_ur_onrobot/ur_onrobot_mtc) by extension 'colcon_pkg'
[0.270s] Level 1:colcon.colcon_core.package_identification:_identify(src/moveit2_tutorials_ur_onrobot/ur_onrobot_mtc) by extensions ['colcon_meta']
[0.270s] Level 1:colcon.colcon_core.package_identification:_identify(src/moveit2_tutorials_ur_onrobot/ur_onrobot_mtc) by extension 'colcon_meta'
[0.270s] Level 1:colcon.colcon_core.package_identification:_identify(src/moveit2_tutorials_ur_onrobot/ur_onrobot_mtc) by extensions ['ros']
[0.270s] Level 1:colcon.colcon_core.package_identification:_identify(src/moveit2_tutorials_ur_onrobot/ur_onrobot_mtc) by extension 'ros'
[0.271s] DEBUG:colcon.colcon_core.package_identification:Package 'src/moveit2_tutorials_ur_onrobot/ur_onrobot_mtc' with type 'ros.ament_cmake' and name 'ur_onrobot_mtc'
[0.271s] Level 1:colcon.colcon_core.package_identification:_identify(src/onrobot_description) by extensions ['ignore', 'ignore_ament_install']
[0.271s] Level 1:colcon.colcon_core.package_identification:_identify(src/onrobot_description) by extension 'ignore'
[0.271s] Level 1:colcon.colcon_core.package_identification:_identify(src/onrobot_description) by extension 'ignore_ament_install'
[0.271s] Level 1:colcon.colcon_core.package_identification:_identify(src/onrobot_description) by extensions ['colcon_pkg']
[0.271s] Level 1:colcon.colcon_core.package_identification:_identify(src/onrobot_description) by extension 'colcon_pkg'
[0.271s] Level 1:colcon.colcon_core.package_identification:_identify(src/onrobot_description) by extensions ['colcon_meta']
[0.271s] Level 1:colcon.colcon_core.package_identification:_identify(src/onrobot_description) by extension 'colcon_meta'
[0.271s] Level 1:colcon.colcon_core.package_identification:_identify(src/onrobot_description) by extensions ['ros']
[0.271s] Level 1:colcon.colcon_core.package_identification:_identify(src/onrobot_description) by extension 'ros'
[0.272s] DEBUG:colcon.colcon_core.package_identification:Package 'src/onrobot_description' with type 'ros.ament_cmake' and name 'onrobot_description'
[0.272s] Level 1:colcon.colcon_core.package_identification:_identify(src/onrobot_driver) by extensions ['ignore', 'ignore_ament_install']
[0.272s] Level 1:colcon.colcon_core.package_identification:_identify(src/onrobot_driver) by extension 'ignore'
[0.272s] Level 1:colcon.colcon_core.package_identification:_identify(src/onrobot_driver) by extension 'ignore_ament_install'
[0.272s] Level 1:colcon.colcon_core.package_identification:_identify(src/onrobot_driver) by extensions ['colcon_pkg']
[0.272s] Level 1:colcon.colcon_core.package_identification:_identify(src/onrobot_driver) by extension 'colcon_pkg'
[0.272s] Level 1:colcon.colcon_core.package_identification:_identify(src/onrobot_driver) by extensions ['colcon_meta']
[0.272s] Level 1:colcon.colcon_core.package_identification:_identify(src/onrobot_driver) by extension 'colcon_meta'
[0.272s] Level 1:colcon.colcon_core.package_identification:_identify(src/onrobot_driver) by extensions ['ros']
[0.272s] Level 1:colcon.colcon_core.package_identification:_identify(src/onrobot_driver) by extension 'ros'
[0.274s] DEBUG:colcon.colcon_core.package_identification:Package 'src/onrobot_driver' with type 'ros.ament_cmake' and name 'onrobot_driver'
[0.275s] Level 1:colcon.colcon_core.package_discovery:discover_packages(recursive) using defaults
[0.275s] Level 1:colcon.colcon_core.package_discovery:discover_packages(ignore) discover
[0.275s] Level 1:colcon.colcon_core.package_discovery:discover_packages(ignore) using defaults
[0.275s] Level 1:colcon.colcon_core.package_discovery:discover_packages(path) discover
[0.275s] Level 1:colcon.colcon_core.package_discovery:discover_packages(path) using defaults
[0.300s] Level 1:colcon.colcon_core.package_discovery:discover_packages(prefix_path) check parameters
[0.300s] Level 1:colcon.colcon_core.package_discovery:discover_packages(prefix_path) discover
[0.302s] DEBUG:colcon.colcon_installed_package_information.package_discovery:Found 369 installed packages in /opt/ros/humble
[0.304s] Level 1:colcon.colcon_core.package_discovery:discover_packages(prefix_path) using defaults
[0.343s] Level 5:colcon.colcon_core.verb:set package 'onrobot_description' build argument 'cmake_args' from command line to 'None'
[0.343s] Level 5:colcon.colcon_core.verb:set package 'onrobot_description' build argument 'cmake_target' from command line to 'None'
[0.343s] Level 5:colcon.colcon_core.verb:set package 'onrobot_description' build argument 'cmake_target_skip_unavailable' from command line to 'False'
[0.343s] Level 5:colcon.colcon_core.verb:set package 'onrobot_description' build argument 'cmake_clean_cache' from command line to 'False'
[0.343s] Level 5:colcon.colcon_core.verb:set package 'onrobot_description' build argument 'cmake_clean_first' from command line to 'False'
[0.343s] Level 5:colcon.colcon_core.verb:set package 'onrobot_description' build argument 'cmake_force_configure' from command line to 'False'
[0.343s] Level 5:colcon.colcon_core.verb:set package 'onrobot_description' build argument 'ament_cmake_args' from command line to 'None'
[0.343s] Level 5:colcon.colcon_core.verb:set package 'onrobot_description' build argument 'catkin_cmake_args' from command line to 'None'
[0.343s] Level 5:colcon.colcon_core.verb:set package 'onrobot_description' build argument 'catkin_skip_building_tests' from command line to 'False'
[0.343s] DEBUG:colcon.colcon_core.verb:Building package 'onrobot_description' with the following arguments: {'ament_cmake_args': None, 'build_base': '/home/user/Desktop/ur_pick/ros2_ws/build/onrobot_description', 'catkin_cmake_args': None, 'catkin_skip_building_tests': False, 'cmake_args': None, 'cmake_clean_cache': False, 'cmake_clean_first': False, 'cmake_force_configure': False, 'cmake_target': None, 'cmake_target_skip_unavailable': False, 'install_base': '/home/user/Desktop/ur_pick/ros2_ws/install/onrobot_description', 'merge_install': False, 'path': '/home/user/Desktop/ur_pick/ros2_ws/src/onrobot_description', 'symlink_install': True, 'test_result_base': None}
[0.344s] Level 5:colcon.colcon_core.verb:set package 'onrobot_driver' build argument 'cmake_args' from command line to 'None'
[0.344s] Level 5:colcon.colcon_core.verb:set package 'onrobot_driver' build argument 'cmake_target' from command line to 'None'
[0.344s] Level 5:colcon.colcon_core.verb:set package 'onrobot_driver' build argument 'cmake_target_skip_unavailable' from command line to 'False'
[0.344s] Level 5:colcon.colcon_core.verb:set package 'onrobot_driver' build argument 'cmake_clean_cache' from command line to 'False'
[0.344s] Level 5:colcon.colcon_core.verb:set package 'onrobot_driver' build argument 'cmake_clean_first' from command line to 'False'
[0.344s] Level 5:colcon.colcon_core.verb:set package 'onrobot_driver' build argument 'cmake_force_configure' from command line to 'False'
[0.344s] Level 5:colcon.colcon_core.verb:set package 'onrobot_driver' build argument 'ament_cmake_args' from command line to 'None'
[0.344s] Level 5:colcon.colcon_core.verb:set package 'onrobot_driver' build argument 'catkin_cmake_args' from command line to 'None'
[0.344s] Level 5:colcon.colcon_core.verb:set package 'onrobot_driver' build argument 'catkin_skip_building_tests' from command line to 'False'
[0.344s] DEBUG:colcon.colcon_core.verb:Building package 'onrobot_driver' with the following arguments: {'ament_cmake_args': None, 'build_base': '/home/user/Desktop/ur_pick/ros2_ws/build/onrobot_driver', 'catkin_cmake_args': None, 'catkin_skip_building_tests': False, 'cmake_args': None, 'cmake_clean_cache': False, 'cmake_clean_first': False, 'cmake_force_configure': False, 'cmake_target': None, 'cmake_target_skip_unavailable': False, 'install_base': '/home/user/Desktop/ur_pick/ros2_ws/install/onrobot_driver', 'merge_install': False, 'path': '/home/user/Desktop/ur_pick/ros2_ws/src/onrobot_driver', 'symlink_install': True, 'test_result_base': None}
[0.344s] Level 5:colcon.colcon_core.verb:set package 'ur_onrobot_description' build argument 'cmake_args' from command line to 'None'
[0.344s] Level 5:colcon.colcon_core.verb:set package 'ur_onrobot_description' build argument 'cmake_target' from command line to 'None'
[0.344s] Level 5:colcon.colcon_core.verb:set package 'ur_onrobot_description' build argument 'cmake_target_skip_unavailable' from command line to 'False'
[0.344s] Level 5:colcon.colcon_core.verb:set package 'ur_onrobot_description' build argument 'cmake_clean_cache' from command line to 'False'
[0.344s] Level 5:colcon.colcon_core.verb:set package 'ur_onrobot_description' build argument 'cmake_clean_first' from command line to 'False'
[0.344s] Level 5:colcon.colcon_core.verb:set package 'ur_onrobot_description' build argument 'cmake_force_configure' from command line to 'False'
[0.344s] Level 5:colcon.colcon_core.verb:set package 'ur_onrobot_description' build argument 'ament_cmake_args' from command line to 'None'
[0.344s] Level 5:colcon.colcon_core.verb:set package 'ur_onrobot_description' build argument 'catkin_cmake_args' from command line to 'None'
[0.344s] Level 5:colcon.colcon_core.verb:set package 'ur_onrobot_description' build argument 'catkin_skip_building_tests' from command line to 'False'
[0.344s] DEBUG:colcon.colcon_core.verb:Building package 'ur_onrobot_description' with the following arguments: {'ament_cmake_args': None, 'build_base': '/home/user/Desktop/ur_pick/ros2_ws/build/ur_onrobot_description', 'catkin_cmake_args': None, 'catkin_skip_building_tests': False, 'cmake_args': None, 'cmake_clean_cache': False, 'cmake_clean_first': False, 'cmake_force_configure': False, 'cmake_target': None, 'cmake_target_skip_unavailable': False, 'install_base': '/home/user/Desktop/ur_pick/ros2_ws/install/ur_onrobot_description', 'merge_install': False, 'path': '/home/user/Desktop/ur_pick/ros2_ws/src/UR_OnRobot_ROS2/ur_onrobot_description', 'symlink_install': True, 'test_result_base': None}
[0.345s] Level 5:colcon.colcon_core.verb:set package 'ur_onrobot_control' build argument 'cmake_args' from command line to 'None'
[0.345s] Level 5:colcon.colcon_core.verb:set package 'ur_onrobot_control' build argument 'cmake_target' from command line to 'None'
[0.345s] Level 5:colcon.colcon_core.verb:set package 'ur_onrobot_control' build argument 'cmake_target_skip_unavailable' from command line to 'False'
[0.345s] Level 5:colcon.colcon_core.verb:set package 'ur_onrobot_control' build argument 'cmake_clean_cache' from command line to 'False'
[0.345s] Level 5:colcon.colcon_core.verb:set package 'ur_onrobot_control' build argument 'cmake_clean_first' from command line to 'False'
[0.345s] Level 5:colcon.colcon_core.verb:set package 'ur_onrobot_control' build argument 'cmake_force_configure' from command line to 'False'
[0.345s] Level 5:colcon.colcon_core.verb:set package 'ur_onrobot_control' build argument 'ament_cmake_args' from command line to 'None'
[0.345s] Level 5:colcon.colcon_core.verb:set package 'ur_onrobot_control' build argument 'catkin_cmake_args' from command line to 'None'
[0.345s] Level 5:colcon.colcon_core.verb:set package 'ur_onrobot_control' build argument 'catkin_skip_building_tests' from command line to 'False'
[0.345s] DEBUG:colcon.colcon_core.verb:Building package 'ur_onrobot_control' with the following arguments: {'ament_cmake_args': None, 'build_base': '/home/user/Desktop/ur_pick/ros2_ws/build/ur_onrobot_control', 'catkin_cmake_args': None, 'catkin_skip_building_tests': False, 'cmake_args': None, 'cmake_clean_cache': False, 'cmake_clean_first': False, 'cmake_force_configure': False, 'cmake_target': None, 'cmake_target_skip_unavailable': False, 'install_base': '/home/user/Desktop/ur_pick/ros2_ws/install/ur_onrobot_control', 'merge_install': False, 'path': '/home/user/Desktop/ur_pick/ros2_ws/src/UR_OnRobot_ROS2/ur_onrobot_control', 'symlink_install': True, 'test_result_base': None}
[0.345s] Level 5:colcon.colcon_core.verb:set package 'ur_onrobot_moveit_config' build argument 'cmake_args' from command line to 'None'
[0.345s] Level 5:colcon.colcon_core.verb:set package 'ur_onrobot_moveit_config' build argument 'cmake_target' from command line to 'None'
[0.345s] Level 5:colcon.colcon_core.verb:set package 'ur_onrobot_moveit_config' build argument 'cmake_target_skip_unavailable' from command line to 'False'
[0.345s] Level 5:colcon.colcon_core.verb:set package 'ur_onrobot_moveit_config' build argument 'cmake_clean_cache' from command line to 'False'
[0.345s] Level 5:colcon.colcon_core.verb:set package 'ur_onrobot_moveit_config' build argument 'cmake_clean_first' from command line to 'False'
[0.345s] Level 5:colcon.colcon_core.verb:set package 'ur_onrobot_moveit_config' build argument 'cmake_force_configure' from command line to 'False'
[0.345s] Level 5:colcon.colcon_core.verb:set package 'ur_onrobot_moveit_config' build argument 'ament_cmake_args' from command line to 'None'
[0.345s] Level 5:colcon.colcon_core.verb:set package 'ur_onrobot_moveit_config' build argument 'catkin_cmake_args' from command line to 'None'
[0.345s] Level 5:colcon.colcon_core.verb:set package 'ur_onrobot_moveit_config' build argument 'catkin_skip_building_tests' from command line to 'False'
[0.345s] DEBUG:colcon.colcon_core.verb:Building package 'ur_onrobot_moveit_config' with the following arguments: {'ament_cmake_args': None, 'build_base': '/home/user/Desktop/ur_pick/ros2_ws/build/ur_onrobot_moveit_config', 'catkin_cmake_args': None, 'catkin_skip_building_tests': False, 'cmake_args': None, 'cmake_clean_cache': False, 'cmake_clean_first': False, 'cmake_force_configure': False, 'cmake_target': None, 'cmake_target_skip_unavailable': False, 'install_base': '/home/user/Desktop/ur_pick/ros2_ws/install/ur_onrobot_moveit_config', 'merge_install': False, 'path': '/home/user/Desktop/ur_pick/ros2_ws/src/UR_OnRobot_ROS2/ur_onrobot_moveit_config', 'symlink_install': True, 'test_result_base': None}
[0.345s] Level 5:colcon.colcon_core.verb:set package 'ur_onrobot_hello_moveit' build argument 'cmake_args' from command line to 'None'
[0.345s] Level 5:colcon.colcon_core.verb:set package 'ur_onrobot_hello_moveit' build argument 'cmake_target' from command line to 'None'
[0.345s] Level 5:colcon.colcon_core.verb:set package 'ur_onrobot_hello_moveit' build argument 'cmake_target_skip_unavailable' from command line to 'False'
[0.345s] Level 5:colcon.colcon_core.verb:set package 'ur_onrobot_hello_moveit' build argument 'cmake_clean_cache' from command line to 'False'
[0.345s] Level 5:colcon.colcon_core.verb:set package 'ur_onrobot_hello_moveit' build argument 'cmake_clean_first' from command line to 'False'
[0.345s] Level 5:colcon.colcon_core.verb:set package 'ur_onrobot_hello_moveit' build argument 'cmake_force_configure' from command line to 'False'
[0.346s] Level 5:colcon.colcon_core.verb:set package 'ur_onrobot_hello_moveit' build argument 'ament_cmake_args' from command line to 'None'
[0.346s] Level 5:colcon.colcon_core.verb:set package 'ur_onrobot_hello_moveit' build argument 'catkin_cmake_args' from command line to 'None'
[0.346s] Level 5:colcon.colcon_core.verb:set package 'ur_onrobot_hello_moveit' build argument 'catkin_skip_building_tests' from command line to 'False'
[0.346s] DEBUG:colcon.colcon_core.verb:Building package 'ur_onrobot_hello_moveit' with the following arguments: {'ament_cmake_args': None, 'build_base': '/home/user/Desktop/ur_pick/ros2_ws/build/ur_onrobot_hello_moveit', 'catkin_cmake_args': None, 'catkin_skip_building_tests': False, 'cmake_args': None, 'cmake_clean_cache': False, 'cmake_clean_first': False, 'cmake_force_configure': False, 'cmake_target': None, 'cmake_target_skip_unavailable': False, 'install_base': '/home/user/Desktop/ur_pick/ros2_ws/install/ur_onrobot_hello_moveit', 'merge_install': False, 'path': '/home/user/Desktop/ur_pick/ros2_ws/src/moveit2_tutorials_ur_onrobot/ur_onrobot_hello_moveit', 'symlink_install': True, 'test_result_base': None}
[0.346s] Level 5:colcon.colcon_core.verb:set package 'ur_onrobot_mtc' build argument 'cmake_args' from command line to 'None'
[0.346s] Level 5:colcon.colcon_core.verb:set package 'ur_onrobot_mtc' build argument 'cmake_target' from command line to 'None'
[0.346s] Level 5:colcon.colcon_core.verb:set package 'ur_onrobot_mtc' build argument 'cmake_target_skip_unavailable' from command line to 'False'
[0.346s] Level 5:colcon.colcon_core.verb:set package 'ur_onrobot_mtc' build argument 'cmake_clean_cache' from command line to 'False'
[0.346s] Level 5:colcon.colcon_core.verb:set package 'ur_onrobot_mtc' build argument 'cmake_clean_first' from command line to 'False'
[0.346s] Level 5:colcon.colcon_core.verb:set package 'ur_onrobot_mtc' build argument 'cmake_force_configure' from command line to 'False'
[0.346s] Level 5:colcon.colcon_core.verb:set package 'ur_onrobot_mtc' build argument 'ament_cmake_args' from command line to 'None'
[0.346s] Level 5:colcon.colcon_core.verb:set package 'ur_onrobot_mtc' build argument 'catkin_cmake_args' from command line to 'None'
[0.346s] Level 5:colcon.colcon_core.verb:set package 'ur_onrobot_mtc' build argument 'catkin_skip_building_tests' from command line to 'False'
[0.346s] DEBUG:colcon.colcon_core.verb:Building package 'ur_onrobot_mtc' with the following arguments: {'ament_cmake_args': None, 'build_base': '/home/user/Desktop/ur_pick/ros2_ws/build/ur_onrobot_mtc', 'catkin_cmake_args': None, 'catkin_skip_building_tests': False, 'cmake_args': None, 'cmake_clean_cache': False, 'cmake_clean_first': False, 'cmake_force_configure': False, 'cmake_target': None, 'cmake_target_skip_unavailable': False, 'install_base': '/home/user/Desktop/ur_pick/ros2_ws/install/ur_onrobot_mtc', 'merge_install': False, 'path': '/home/user/Desktop/ur_pick/ros2_ws/src/moveit2_tutorials_ur_onrobot/ur_onrobot_mtc', 'symlink_install': True, 'test_result_base': None}
[0.346s] INFO:colcon.colcon_core.executor:Executing jobs using 'parallel' executor
[0.347s] DEBUG:colcon.colcon_parallel_executor.executor.parallel:run_until_complete
[0.347s] INFO:colcon.colcon_ros.task.ament_cmake.build:Building ROS package in '/home/user/Desktop/ur_pick/ros2_ws/src/onrobot_description' with build type 'ament_cmake'
[0.347s] INFO:colcon.colcon_cmake.task.cmake.build:Building CMake package in '/home/user/Desktop/ur_pick/ros2_ws/src/onrobot_description'
[0.350s] INFO:colcon.colcon_core.plugin_system:Skipping extension 'colcon_core.shell.bat': Not used on non-Windows systems
[0.350s] INFO:colcon.colcon_core.shell:Skip shell extension 'powershell' for command environment: Not usable outside of PowerShell
[0.350s] DEBUG:colcon.colcon_core.shell:Skip shell extension 'dsv' for command environment
[0.361s] DEBUG:colcon.colcon_core.event_handler.log_command:Invoking command in '/home/user/Desktop/ur_pick/ros2_ws/build/onrobot_description': CMAKE_PREFIX_PATH=/opt/ros/humble /usr/bin/cmake --build /home/user/Desktop/ur_pick/ros2_ws/build/onrobot_description -- -j15 -l15
[0.414s] DEBUG:colcon.colcon_core.event_handler.log_command:Invoked command in '/home/user/Desktop/ur_pick/ros2_ws/build/onrobot_description' returned '0': CMAKE_PREFIX_PATH=/opt/ros/humble /usr/bin/cmake --build /home/user/Desktop/ur_pick/ros2_ws/build/onrobot_description -- -j15 -l15
[0.428s] DEBUG:colcon.colcon_core.event_handler.log_command:Invoking command in '/home/user/Desktop/ur_pick/ros2_ws/build/onrobot_description': CMAKE_PREFIX_PATH=/opt/ros/humble /usr/bin/cmake --install /home/user/Desktop/ur_pick/ros2_ws/build/onrobot_description
[0.465s] Level 1:colcon.colcon_core.environment:create_environment_scripts_only(onrobot_description)
[0.466s] DEBUG:colcon.colcon_core.event_handler.log_command:Invoked command in '/home/user/Desktop/ur_pick/ros2_ws/build/onrobot_description' returned '0': CMAKE_PREFIX_PATH=/opt/ros/humble /usr/bin/cmake --install /home/user/Desktop/ur_pick/ros2_ws/build/onrobot_description
[0.469s] Level 1:colcon.colcon_core.environment:checking '/home/user/Desktop/ur_pick/ros2_ws/install/onrobot_description' for CMake module files
[0.470s] Level 1:colcon.colcon_core.environment:checking '/home/user/Desktop/ur_pick/ros2_ws/install/onrobot_description' for CMake config files
[0.471s] Level 1:colcon.colcon_core.shell:create_environment_hook('onrobot_description', 'cmake_prefix_path')
[0.471s] INFO:colcon.colcon_core.shell:Creating environment hook '/home/user/Desktop/ur_pick/ros2_ws/install/onrobot_description/share/onrobot_description/hook/cmake_prefix_path.ps1'
[0.472s] INFO:colcon.colcon_core.shell:Creating environment descriptor '/home/user/Desktop/ur_pick/ros2_ws/install/onrobot_description/share/onrobot_description/hook/cmake_prefix_path.dsv'
[0.473s] INFO:colcon.colcon_core.shell:Creating environment hook '/home/user/Desktop/ur_pick/ros2_ws/install/onrobot_description/share/onrobot_description/hook/cmake_prefix_path.sh'
[0.474s] Level 1:colcon.colcon_core.environment:checking '/home/user/Desktop/ur_pick/ros2_ws/install/onrobot_description/bin'
[0.474s] Level 1:colcon.colcon_core.environment:checking '/home/user/Desktop/ur_pick/ros2_ws/install/onrobot_description/lib/pkgconfig/onrobot_description.pc'
[0.474s] Level 1:colcon.colcon_core.environment:checking '/home/user/Desktop/ur_pick/ros2_ws/install/onrobot_description/lib/python3.10/site-packages'
[0.474s] Level 1:colcon.colcon_core.environment:checking '/home/user/Desktop/ur_pick/ros2_ws/install/onrobot_description/bin'
[0.475s] INFO:colcon.colcon_core.shell:Creating package script '/home/user/Desktop/ur_pick/ros2_ws/install/onrobot_description/share/onrobot_description/package.ps1'
[0.475s] INFO:colcon.colcon_core.shell:Creating package descriptor '/home/user/Desktop/ur_pick/ros2_ws/install/onrobot_description/share/onrobot_description/package.dsv'
[0.476s] INFO:colcon.colcon_core.shell:Creating package script '/home/user/Desktop/ur_pick/ros2_ws/install/onrobot_description/share/onrobot_description/package.sh'
[0.476s] INFO:colcon.colcon_core.shell:Creating package script '/home/user/Desktop/ur_pick/ros2_ws/install/onrobot_description/share/onrobot_description/package.bash'
[0.477s] INFO:colcon.colcon_core.shell:Creating package script '/home/user/Desktop/ur_pick/ros2_ws/install/onrobot_description/share/onrobot_description/package.zsh'
[0.477s] Level 1:colcon.colcon_core.environment:create_file_with_runtime_dependencies(/home/user/Desktop/ur_pick/ros2_ws/install/onrobot_description/share/colcon-core/packages/onrobot_description)
[0.478s] Level 1:colcon.colcon_core.environment:create_environment_scripts_only(onrobot_description)
[0.478s] Level 1:colcon.colcon_core.environment:checking '/home/user/Desktop/ur_pick/ros2_ws/install/onrobot_description' for CMake module files
[0.478s] Level 1:colcon.colcon_core.environment:checking '/home/user/Desktop/ur_pick/ros2_ws/install/onrobot_description' for CMake config files
[0.479s] Level 1:colcon.colcon_core.shell:create_environment_hook('onrobot_description', 'cmake_prefix_path')
[0.479s] INFO:colcon.colcon_core.shell:Creating environment hook '/home/user/Desktop/ur_pick/ros2_ws/install/onrobot_description/share/onrobot_description/hook/cmake_prefix_path.ps1'
[0.479s] INFO:colcon.colcon_core.shell:Creating environment descriptor '/home/user/Desktop/ur_pick/ros2_ws/install/onrobot_description/share/onrobot_description/hook/cmake_prefix_path.dsv'
[0.480s] INFO:colcon.colcon_core.shell:Creating environment hook '/home/user/Desktop/ur_pick/ros2_ws/install/onrobot_description/share/onrobot_description/hook/cmake_prefix_path.sh'
[0.480s] Level 1:colcon.colcon_core.environment:checking '/home/user/Desktop/ur_pick/ros2_ws/install/onrobot_description/bin'
[0.480s] Level 1:colcon.colcon_core.environment:checking '/home/user/Desktop/ur_pick/ros2_ws/install/onrobot_description/lib/pkgconfig/onrobot_description.pc'
[0.480s] Level 1:colcon.colcon_core.environment:checking '/home/user/Desktop/ur_pick/ros2_ws/install/onrobot_description/lib/python3.10/site-packages'
[0.480s] Level 1:colcon.colcon_core.environment:checking '/home/user/Desktop/ur_pick/ros2_ws/install/onrobot_description/bin'
[0.481s] INFO:colcon.colcon_core.shell:Creating package script '/home/user/Desktop/ur_pick/ros2_ws/install/onrobot_description/share/onrobot_description/package.ps1'
[0.481s] INFO:colcon.colcon_core.shell:Creating package descriptor '/home/user/Desktop/ur_pick/ros2_ws/install/onrobot_description/share/onrobot_description/package.dsv'
[0.481s] INFO:colcon.colcon_core.shell:Creating package script '/home/user/Desktop/ur_pick/ros2_ws/install/onrobot_description/share/onrobot_description/package.sh'
[0.482s] INFO:colcon.colcon_core.shell:Creating package script '/home/user/Desktop/ur_pick/ros2_ws/install/onrobot_description/share/onrobot_description/package.bash'
[0.482s] INFO:colcon.colcon_core.shell:Creating package script '/home/user/Desktop/ur_pick/ros2_ws/install/onrobot_description/share/onrobot_description/package.zsh'
[0.482s] Level 1:colcon.colcon_core.environment:create_file_with_runtime_dependencies(/home/user/Desktop/ur_pick/ros2_ws/install/onrobot_description/share/colcon-core/packages/onrobot_description)
[0.483s] INFO:colcon.colcon_ros.task.ament_cmake.build:Building ROS package in '/home/user/Desktop/ur_pick/ros2_ws/src/onrobot_driver' with build type 'ament_cmake'
[0.483s] INFO:colcon.colcon_cmake.task.cmake.build:Building CMake package in '/home/user/Desktop/ur_pick/ros2_ws/src/onrobot_driver'
[0.483s] INFO:colcon.colcon_core.shell:Skip shell extension 'powershell' for command environment: Not usable outside of PowerShell
[0.483s] DEBUG:colcon.colcon_core.shell:Skip shell extension 'dsv' for command environment
[0.487s] INFO:colcon.colcon_ros.task.ament_cmake.build:Building ROS package in '/home/user/Desktop/ur_pick/ros2_ws/src/UR_OnRobot_ROS2/ur_onrobot_description' with build type 'ament_cmake'
[0.487s] INFO:colcon.colcon_cmake.task.cmake.build:Building CMake package in '/home/user/Desktop/ur_pick/ros2_ws/src/UR_OnRobot_ROS2/ur_onrobot_description'
[0.487s] INFO:colcon.colcon_core.shell:Skip shell extension 'powershell' for command environment: Not usable outside of PowerShell
[0.487s] DEBUG:colcon.colcon_core.shell:Skip shell extension 'dsv' for command environment
[0.495s] DEBUG:colcon.colcon_core.event_handler.log_command:Invoking command in '/home/user/Desktop/ur_pick/ros2_ws/build/onrobot_driver': AMENT_PREFIX_PATH=/home/user/Desktop/ur_pick/ros2_ws/install/onrobot_description:${AMENT_PREFIX_PATH} CMAKE_PREFIX_PATH=/home/user/Desktop/ur_pick/ros2_ws/install/onrobot_description:/opt/ros/humble /usr/bin/cmake --build /home/user/Desktop/ur_pick/ros2_ws/build/onrobot_driver -- -j15 -l15
[0.498s] DEBUG:colcon.colcon_core.event_handler.log_command:Invoking command in '/home/user/Desktop/ur_pick/ros2_ws/build/ur_onrobot_description': AMENT_PREFIX_PATH=/home/user/Desktop/ur_pick/ros2_ws/install/onrobot_description:${AMENT_PREFIX_PATH} CMAKE_PREFIX_PATH=/home/user/Desktop/ur_pick/ros2_ws/install/onrobot_description:/opt/ros/humble /usr/bin/cmake --build /home/user/Desktop/ur_pick/ros2_ws/build/ur_onrobot_description -- -j15 -l15
[0.551s] DEBUG:colcon.colcon_core.event_handler.log_command:Invoked command in '/home/user/Desktop/ur_pick/ros2_ws/build/ur_onrobot_description' returned '0': AMENT_PREFIX_PATH=/home/user/Desktop/ur_pick/ros2_ws/install/onrobot_description:${AMENT_PREFIX_PATH} CMAKE_PREFIX_PATH=/home/user/Desktop/ur_pick/ros2_ws/install/onrobot_description:/opt/ros/humble /usr/bin/cmake --build /home/user/Desktop/ur_pick/ros2_ws/build/ur_onrobot_description -- -j15 -l15
[0.553s] DEBUG:colcon.colcon_core.event_handler.log_command:Invoking command in '/home/user/Desktop/ur_pick/ros2_ws/build/ur_onrobot_description': AMENT_PREFIX_PATH=/home/user/Desktop/ur_pick/ros2_ws/install/onrobot_description:${AMENT_PREFIX_PATH} CMAKE_PREFIX_PATH=/home/user/Desktop/ur_pick/ros2_ws/install/onrobot_description:/opt/ros/humble /usr/bin/cmake --install /home/user/Desktop/ur_pick/ros2_ws/build/ur_onrobot_description
[0.583s] Level 1:colcon.colcon_core.environment:create_environment_scripts_only(ur_onrobot_description)
[0.584s] DEBUG:colcon.colcon_core.event_handler.log_command:Invoked command in '/home/user/Desktop/ur_pick/ros2_ws/build/ur_onrobot_description' returned '0': AMENT_PREFIX_PATH=/home/user/Desktop/ur_pick/ros2_ws/install/onrobot_description:${AMENT_PREFIX_PATH} CMAKE_PREFIX_PATH=/home/user/Desktop/ur_pick/ros2_ws/install/onrobot_description:/opt/ros/humble /usr/bin/cmake --install /home/user/Desktop/ur_pick/ros2_ws/build/ur_onrobot_description
[0.584s] Level 1:colcon.colcon_core.environment:checking '/home/user/Desktop/ur_pick/ros2_ws/install/ur_onrobot_description' for CMake module files
[0.585s] Level 1:colcon.colcon_core.environment:checking '/home/user/Desktop/ur_pick/ros2_ws/install/ur_onrobot_description' for CMake config files
[0.586s] Level 1:colcon.colcon_core.shell:create_environment_hook('ur_onrobot_description', 'cmake_prefix_path')
[0.587s] INFO:colcon.colcon_core.shell:Creating environment hook '/home/user/Desktop/ur_pick/ros2_ws/install/ur_onrobot_description/share/ur_onrobot_description/hook/cmake_prefix_path.ps1'
[0.587s] INFO:colcon.colcon_core.shell:Creating environment descriptor '/home/user/Desktop/ur_pick/ros2_ws/install/ur_onrobot_description/share/ur_onrobot_description/hook/cmake_prefix_path.dsv'
[0.588s] INFO:colcon.colcon_core.shell:Creating environment hook '/home/user/Desktop/ur_pick/ros2_ws/install/ur_onrobot_description/share/ur_onrobot_description/hook/cmake_prefix_path.sh'
[0.589s] Level 1:colcon.colcon_core.environment:checking '/home/user/Desktop/ur_pick/ros2_ws/install/ur_onrobot_description/bin'
[0.589s] Level 1:colcon.colcon_core.environment:checking '/home/user/Desktop/ur_pick/ros2_ws/install/ur_onrobot_description/lib/pkgconfig/ur_onrobot_description.pc'
[0.589s] Level 1:colcon.colcon_core.environment:checking '/home/user/Desktop/ur_pick/ros2_ws/install/ur_onrobot_description/lib/python3.10/site-packages'
[0.590s] Level 1:colcon.colcon_core.environment:checking '/home/user/Desktop/ur_pick/ros2_ws/install/ur_onrobot_description/bin'
[0.590s] INFO:colcon.colcon_core.shell:Creating package script '/home/user/Desktop/ur_pick/ros2_ws/install/ur_onrobot_description/share/ur_onrobot_description/package.ps1'
[0.591s] INFO:colcon.colcon_core.shell:Creating package descriptor '/home/user/Desktop/ur_pick/ros2_ws/install/ur_onrobot_description/share/ur_onrobot_description/package.dsv'
[0.591s] INFO:colcon.colcon_core.shell:Creating package script '/home/user/Desktop/ur_pick/ros2_ws/install/ur_onrobot_description/share/ur_onrobot_description/package.sh'
[0.591s] INFO:colcon.colcon_core.shell:Creating package script '/home/user/Desktop/ur_pick/ros2_ws/install/ur_onrobot_description/share/ur_onrobot_description/package.bash'
[0.592s] INFO:colcon.colcon_core.shell:Creating package script '/home/user/Desktop/ur_pick/ros2_ws/install/ur_onrobot_description/share/ur_onrobot_description/package.zsh'
[0.592s] Level 1:colcon.colcon_core.environment:create_file_with_runtime_dependencies(/home/user/Desktop/ur_pick/ros2_ws/install/ur_onrobot_description/share/colcon-core/packages/ur_onrobot_description)
[0.592s] Level 1:colcon.colcon_core.environment:create_environment_scripts_only(ur_onrobot_description)
[0.593s] Level 1:colcon.colcon_core.environment:checking '/home/user/Desktop/ur_pick/ros2_ws/install/ur_onrobot_description' for CMake module files
[0.593s] Level 1:colcon.colcon_core.environment:checking '/home/user/Desktop/ur_pick/ros2_ws/install/ur_onrobot_description' for CMake config files
[0.593s] Level 1:colcon.colcon_core.shell:create_environment_hook('ur_onrobot_description', 'cmake_prefix_path')
[0.594s] INFO:colcon.colcon_core.shell:Creating environment hook '/home/user/Desktop/ur_pick/ros2_ws/install/ur_onrobot_description/share/ur_onrobot_description/hook/cmake_prefix_path.ps1'
[0.594s] INFO:colcon.colcon_core.shell:Creating environment descriptor '/home/user/Desktop/ur_pick/ros2_ws/install/ur_onrobot_description/share/ur_onrobot_description/hook/cmake_prefix_path.dsv'
[0.594s] INFO:colcon.colcon_core.shell:Creating environment hook '/home/user/Desktop/ur_pick/ros2_ws/install/ur_onrobot_description/share/ur_onrobot_description/hook/cmake_prefix_path.sh'
[0.595s] Level 1:colcon.colcon_core.environment:checking '/home/user/Desktop/ur_pick/ros2_ws/install/ur_onrobot_description/bin'
[0.595s] Level 1:colcon.colcon_core.environment:checking '/home/user/Desktop/ur_pick/ros2_ws/install/ur_onrobot_description/lib/pkgconfig/ur_onrobot_description.pc'
[0.595s] Level 1:colcon.colcon_core.environment:checking '/home/user/Desktop/ur_pick/ros2_ws/install/ur_onrobot_description/lib/python3.10/site-packages'
[0.595s] Level 1:colcon.colcon_core.environment:checking '/home/user/Desktop/ur_pick/ros2_ws/install/ur_onrobot_description/bin'
[0.595s] INFO:colcon.colcon_core.shell:Creating package script '/home/user/Desktop/ur_pick/ros2_ws/install/ur_onrobot_description/share/ur_onrobot_description/package.ps1'
[0.596s] INFO:colcon.colcon_core.shell:Creating package descriptor '/home/user/Desktop/ur_pick/ros2_ws/install/ur_onrobot_description/share/ur_onrobot_description/package.dsv'
[0.596s] INFO:colcon.colcon_core.shell:Creating package script '/home/user/Desktop/ur_pick/ros2_ws/install/ur_onrobot_description/share/ur_onrobot_description/package.sh'
[0.596s] INFO:colcon.colcon_core.shell:Creating package script '/home/user/Desktop/ur_pick/ros2_ws/install/ur_onrobot_description/share/ur_onrobot_description/package.bash'
[0.597s] INFO:colcon.colcon_core.shell:Creating package script '/home/user/Desktop/ur_pick/ros2_ws/install/ur_onrobot_description/share/ur_onrobot_description/package.zsh'
[0.597s] Level 1:colcon.colcon_core.environment:create_file_with_runtime_dependencies(/home/user/Desktop/ur_pick/ros2_ws/install/ur_onrobot_description/share/colcon-core/packages/ur_onrobot_description)
[0.701s] DEBUG:colcon.colcon_core.event_handler.log_command:Invoked command in '/home/user/Desktop/ur_pick/ros2_ws/build/onrobot_driver' returned '0': AMENT_PREFIX_PATH=/home/user/Desktop/ur_pick/ros2_ws/install/onrobot_description:${AMENT_PREFIX_PATH} CMAKE_PREFIX_PATH=/home/user/Desktop/ur_pick/ros2_ws/install/onrobot_description:/opt/ros/humble /usr/bin/cmake --build /home/user/Desktop/ur_pick/ros2_ws/build/onrobot_driver -- -j15 -l15
[0.703s] DEBUG:colcon.colcon_core.event_handler.log_command:Invoking command in '/home/user/Desktop/ur_pick/ros2_ws/build/onrobot_driver': AMENT_PREFIX_PATH=/home/user/Desktop/ur_pick/ros2_ws/install/onrobot_description:${AMENT_PREFIX_PATH} CMAKE_PREFIX_PATH=/home/user/Desktop/ur_pick/ros2_ws/install/onrobot_description:/opt/ros/humble /usr/bin/cmake --install /home/user/Desktop/ur_pick/ros2_ws/build/onrobot_driver
[0.891s] Level 1:colcon.colcon_core.environment:create_environment_scripts_only(onrobot_driver)
[0.892s] DEBUG:colcon.colcon_core.event_handler.log_command:Invoked command in '/home/user/Desktop/ur_pick/ros2_ws/build/onrobot_driver' returned '0': AMENT_PREFIX_PATH=/home/user/Desktop/ur_pick/ros2_ws/install/onrobot_description:${AMENT_PREFIX_PATH} CMAKE_PREFIX_PATH=/home/user/Desktop/ur_pick/ros2_ws/install/onrobot_description:/opt/ros/humble /usr/bin/cmake --install /home/user/Desktop/ur_pick/ros2_ws/build/onrobot_driver
[0.892s] Level 1:colcon.colcon_core.environment:checking '/home/user/Desktop/ur_pick/ros2_ws/install/onrobot_driver' for CMake module files
[0.893s] Level 1:colcon.colcon_core.environment:checking '/home/user/Desktop/ur_pick/ros2_ws/install/onrobot_driver' for CMake config files
[0.894s] Level 1:colcon.colcon_core.shell:create_environment_hook('onrobot_driver', 'cmake_prefix_path')
[0.894s] INFO:colcon.colcon_core.shell:Creating environment hook '/home/user/Desktop/ur_pick/ros2_ws/install/onrobot_driver/share/onrobot_driver/hook/cmake_prefix_path.ps1'
[0.895s] INFO:colcon.colcon_core.shell:Creating environment descriptor '/home/user/Desktop/ur_pick/ros2_ws/install/onrobot_driver/share/onrobot_driver/hook/cmake_prefix_path.dsv'
[0.895s] INFO:colcon.colcon_core.shell:Creating environment hook '/home/user/Desktop/ur_pick/ros2_ws/install/onrobot_driver/share/onrobot_driver/hook/cmake_prefix_path.sh'
[0.896s] Level 1:colcon.colcon_core.environment:checking '/home/user/Desktop/ur_pick/ros2_ws/install/onrobot_driver/lib'
[0.896s] Level 1:colcon.colcon_core.shell:create_environment_hook('onrobot_driver', 'ld_library_path_lib')
[0.896s] INFO:colcon.colcon_core.shell:Creating environment hook '/home/user/Desktop/ur_pick/ros2_ws/install/onrobot_driver/share/onrobot_driver/hook/ld_library_path_lib.ps1'
[0.897s] INFO:colcon.colcon_core.shell:Creating environment descriptor '/home/user/Desktop/ur_pick/ros2_ws/install/onrobot_driver/share/onrobot_driver/hook/ld_library_path_lib.dsv'
[0.897s] INFO:colcon.colcon_core.shell:Creating environment hook '/home/user/Desktop/ur_pick/ros2_ws/install/onrobot_driver/share/onrobot_driver/hook/ld_library_path_lib.sh'
[0.898s] Level 1:colcon.colcon_core.environment:checking '/home/user/Desktop/ur_pick/ros2_ws/install/onrobot_driver/bin'
[0.898s] Level 1:colcon.colcon_core.environment:checking '/home/user/Desktop/ur_pick/ros2_ws/install/onrobot_driver/lib/pkgconfig/onrobot_driver.pc'
[0.898s] Level 1:colcon.colcon_core.environment:checking '/home/user/Desktop/ur_pick/ros2_ws/install/onrobot_driver/lib/python3.10/site-packages'
[0.899s] Level 1:colcon.colcon_core.environment:checking '/home/user/Desktop/ur_pick/ros2_ws/install/onrobot_driver/bin'
[0.899s] INFO:colcon.colcon_core.shell:Creating package script '/home/user/Desktop/ur_pick/ros2_ws/install/onrobot_driver/share/onrobot_driver/package.ps1'
[0.899s] INFO:colcon.colcon_core.shell:Creating package descriptor '/home/user/Desktop/ur_pick/ros2_ws/install/onrobot_driver/share/onrobot_driver/package.dsv'
[0.900s] INFO:colcon.colcon_core.shell:Creating package script '/home/user/Desktop/ur_pick/ros2_ws/install/onrobot_driver/share/onrobot_driver/package.sh'
[0.900s] INFO:colcon.colcon_core.shell:Creating package script '/home/user/Desktop/ur_pick/ros2_ws/install/onrobot_driver/share/onrobot_driver/package.bash'
[0.900s] INFO:colcon.colcon_core.shell:Creating package script '/home/user/Desktop/ur_pick/ros2_ws/install/onrobot_driver/share/onrobot_driver/package.zsh'
[0.900s] Level 1:colcon.colcon_core.environment:create_file_with_runtime_dependencies(/home/user/Desktop/ur_pick/ros2_ws/install/onrobot_driver/share/colcon-core/packages/onrobot_driver)
[0.901s] Level 1:colcon.colcon_core.environment:create_environment_scripts_only(onrobot_driver)
[0.901s] Level 1:colcon.colcon_core.environment:checking '/home/user/Desktop/ur_pick/ros2_ws/install/onrobot_driver' for CMake module files
[0.902s] Level 1:colcon.colcon_core.environment:checking '/home/user/Desktop/ur_pick/ros2_ws/install/onrobot_driver' for CMake config files
[0.902s] Level 1:colcon.colcon_core.shell:create_environment_hook('onrobot_driver', 'cmake_prefix_path')
[0.902s] INFO:colcon.colcon_core.shell:Creating environment hook '/home/user/Desktop/ur_pick/ros2_ws/install/onrobot_driver/share/onrobot_driver/hook/cmake_prefix_path.ps1'
[0.902s] INFO:colcon.colcon_core.shell:Creating environment descriptor '/home/user/Desktop/ur_pick/ros2_ws/install/onrobot_driver/share/onrobot_driver/hook/cmake_prefix_path.dsv'
[0.903s] INFO:colcon.colcon_core.shell:Creating environment hook '/home/user/Desktop/ur_pick/ros2_ws/install/onrobot_driver/share/onrobot_driver/hook/cmake_prefix_path.sh'
[0.903s] Level 1:colcon.colcon_core.environment:checking '/home/user/Desktop/ur_pick/ros2_ws/install/onrobot_driver/lib'
[0.903s] Level 1:colcon.colcon_core.shell:create_environment_hook('onrobot_driver', 'ld_library_path_lib')
[0.903s] INFO:colcon.colcon_core.shell:Creating environment hook '/home/user/Desktop/ur_pick/ros2_ws/install/onrobot_driver/share/onrobot_driver/hook/ld_library_path_lib.ps1'
[0.904s] INFO:colcon.colcon_core.shell:Creating environment descriptor '/home/user/Desktop/ur_pick/ros2_ws/install/onrobot_driver/share/onrobot_driver/hook/ld_library_path_lib.dsv'
[0.904s] INFO:colcon.colcon_core.shell:Creating environment hook '/home/user/Desktop/ur_pick/ros2_ws/install/onrobot_driver/share/onrobot_driver/hook/ld_library_path_lib.sh'
[0.904s] Level 1:colcon.colcon_core.environment:checking '/home/user/Desktop/ur_pick/ros2_ws/install/onrobot_driver/bin'
[0.904s] Level 1:colcon.colcon_core.environment:checking '/home/user/Desktop/ur_pick/ros2_ws/install/onrobot_driver/lib/pkgconfig/onrobot_driver.pc'
[0.904s] Level 1:colcon.colcon_core.environment:checking '/home/user/Desktop/ur_pick/ros2_ws/install/onrobot_driver/lib/python3.10/site-packages'
[0.905s] Level 1:colcon.colcon_core.environment:checking '/home/user/Desktop/ur_pick/ros2_ws/install/onrobot_driver/bin'
[0.905s] INFO:colcon.colcon_core.shell:Creating package script '/home/user/Desktop/ur_pick/ros2_ws/install/onrobot_driver/share/onrobot_driver/package.ps1'
[0.905s] INFO:colcon.colcon_core.shell:Creating package descriptor '/home/user/Desktop/ur_pick/ros2_ws/install/onrobot_driver/share/onrobot_driver/package.dsv'
[0.906s] INFO:colcon.colcon_core.shell:Creating package script '/home/user/Desktop/ur_pick/ros2_ws/install/onrobot_driver/share/onrobot_driver/package.sh'
[0.906s] INFO:colcon.colcon_core.shell:Creating package script '/home/user/Desktop/ur_pick/ros2_ws/install/onrobot_driver/share/onrobot_driver/package.bash'
[0.906s] INFO:colcon.colcon_core.shell:Creating package script '/home/user/Desktop/ur_pick/ros2_ws/install/onrobot_driver/share/onrobot_driver/package.zsh'
[0.907s] Level 1:colcon.colcon_core.environment:create_file_with_runtime_dependencies(/home/user/Desktop/ur_pick/ros2_ws/install/onrobot_driver/share/colcon-core/packages/onrobot_driver)
[0.907s] INFO:colcon.colcon_ros.task.ament_cmake.build:Building ROS package in '/home/user/Desktop/ur_pick/ros2_ws/src/UR_OnRobot_ROS2/ur_onrobot_control' with build type 'ament_cmake'
[0.907s] INFO:colcon.colcon_cmake.task.cmake.build:Building CMake package in '/home/user/Desktop/ur_pick/ros2_ws/src/UR_OnRobot_ROS2/ur_onrobot_control'
[0.907s] INFO:colcon.colcon_core.shell:Skip shell extension 'powershell' for command environment: Not usable outside of PowerShell
[0.907s] DEBUG:colcon.colcon_core.shell:Skip shell extension 'dsv' for command environment
[0.926s] DEBUG:colcon.colcon_core.event_handler.log_command:Invoking command in '/home/user/Desktop/ur_pick/ros2_ws/build/ur_onrobot_control': AMENT_PREFIX_PATH=/home/user/Desktop/ur_pick/ros2_ws/install/ur_onrobot_description:/home/user/Desktop/ur_pick/ros2_ws/install/onrobot_driver:/home/user/Desktop/ur_pick/ros2_ws/install/onrobot_description:${AMENT_PREFIX_PATH} CMAKE_PREFIX_PATH=/home/user/Desktop/ur_pick/ros2_ws/install/ur_onrobot_description:/home/user/Desktop/ur_pick/ros2_ws/install/onrobot_driver:/home/user/Desktop/ur_pick/ros2_ws/install/onrobot_description:/opt/ros/humble LD_LIBRARY_PATH=/home/user/Desktop/ur_pick/ros2_ws/install/onrobot_driver/lib:${LD_LIBRARY_PATH} /usr/bin/cmake --build /home/user/Desktop/ur_pick/ros2_ws/build/ur_onrobot_control -- -j15 -l15
[0.984s] DEBUG:colcon.colcon_core.event_handler.log_command:Invoked command in '/home/user/Desktop/ur_pick/ros2_ws/build/ur_onrobot_control' returned '0': AMENT_PREFIX_PATH=/home/user/Desktop/ur_pick/ros2_ws/install/ur_onrobot_description:/home/user/Desktop/ur_pick/ros2_ws/install/onrobot_driver:/home/user/Desktop/ur_pick/ros2_ws/install/onrobot_description:${AMENT_PREFIX_PATH} CMAKE_PREFIX_PATH=/home/user/Desktop/ur_pick/ros2_ws/install/ur_onrobot_description:/home/user/Desktop/ur_pick/ros2_ws/install/onrobot_driver:/home/user/Desktop/ur_pick/ros2_ws/install/onrobot_description:/opt/ros/humble LD_LIBRARY_PATH=/home/user/Desktop/ur_pick/ros2_ws/install/onrobot_driver/lib:${LD_LIBRARY_PATH} /usr/bin/cmake --build /home/user/Desktop/ur_pick/ros2_ws/build/ur_onrobot_control -- -j15 -l15
[0.985s] DEBUG:colcon.colcon_core.event_handler.log_command:Invoking command in '/home/user/Desktop/ur_pick/ros2_ws/build/ur_onrobot_control': AMENT_PREFIX_PATH=/home/user/Desktop/ur_pick/ros2_ws/install/ur_onrobot_description:/home/user/Desktop/ur_pick/ros2_ws/install/onrobot_driver:/home/user/Desktop/ur_pick/ros2_ws/install/onrobot_description:${AMENT_PREFIX_PATH} CMAKE_PREFIX_PATH=/home/user/Desktop/ur_pick/ros2_ws/install/ur_onrobot_description:/home/user/Desktop/ur_pick/ros2_ws/install/onrobot_driver:/home/user/Desktop/ur_pick/ros2_ws/install/onrobot_description:/opt/ros/humble LD_LIBRARY_PATH=/home/user/Desktop/ur_pick/ros2_ws/install/onrobot_driver/lib:${LD_LIBRARY_PATH} /usr/bin/cmake --install /home/user/Desktop/ur_pick/ros2_ws/build/ur_onrobot_control
[1.017s] Level 1:colcon.colcon_core.environment:create_environment_scripts_only(ur_onrobot_control)
[1.017s] Level 1:colcon.colcon_core.environment:checking '/home/user/Desktop/ur_pick/ros2_ws/install/ur_onrobot_control' for CMake module files
[1.018s] DEBUG:colcon.colcon_core.event_handler.log_command:Invoked command in '/home/user/Desktop/ur_pick/ros2_ws/build/ur_onrobot_control' returned '0': AMENT_PREFIX_PATH=/home/user/Desktop/ur_pick/ros2_ws/install/ur_onrobot_description:/home/user/Desktop/ur_pick/ros2_ws/install/onrobot_driver:/home/user/Desktop/ur_pick/ros2_ws/install/onrobot_description:${AMENT_PREFIX_PATH} CMAKE_PREFIX_PATH=/home/user/Desktop/ur_pick/ros2_ws/install/ur_onrobot_description:/home/user/Desktop/ur_pick/ros2_ws/install/onrobot_driver:/home/user/Desktop/ur_pick/ros2_ws/install/onrobot_description:/opt/ros/humble LD_LIBRARY_PATH=/home/user/Desktop/ur_pick/ros2_ws/install/onrobot_driver/lib:${LD_LIBRARY_PATH} /usr/bin/cmake --install /home/user/Desktop/ur_pick/ros2_ws/build/ur_onrobot_control
[1.018s] Level 1:colcon.colcon_core.environment:checking '/home/user/Desktop/ur_pick/ros2_ws/install/ur_onrobot_control' for CMake config files
[1.019s] Level 1:colcon.colcon_core.shell:create_environment_hook('ur_onrobot_control', 'cmake_prefix_path')
[1.019s] INFO:colcon.colcon_core.shell:Creating environment hook '/home/user/Desktop/ur_pick/ros2_ws/install/ur_onrobot_control/share/ur_onrobot_control/hook/cmake_prefix_path.ps1'
[1.020s] INFO:colcon.colcon_core.shell:Creating environment descriptor '/home/user/Desktop/ur_pick/ros2_ws/install/ur_onrobot_control/share/ur_onrobot_control/hook/cmake_prefix_path.dsv'
[1.020s] INFO:colcon.colcon_core.shell:Creating environment hook '/home/user/Desktop/ur_pick/ros2_ws/install/ur_onrobot_control/share/ur_onrobot_control/hook/cmake_prefix_path.sh'
[1.021s] Level 1:colcon.colcon_core.environment:checking '/home/user/Desktop/ur_pick/ros2_ws/install/ur_onrobot_control/bin'
[1.021s] Level 1:colcon.colcon_core.environment:checking '/home/user/Desktop/ur_pick/ros2_ws/install/ur_onrobot_control/lib/pkgconfig/ur_onrobot_control.pc'
[1.021s] Level 1:colcon.colcon_core.environment:checking '/home/user/Desktop/ur_pick/ros2_ws/install/ur_onrobot_control/lib/python3.10/site-packages'
[1.022s] Level 1:colcon.colcon_core.environment:checking '/home/user/Desktop/ur_pick/ros2_ws/install/ur_onrobot_control/bin'
[1.022s] INFO:colcon.colcon_core.shell:Creating package script '/home/user/Desktop/ur_pick/ros2_ws/install/ur_onrobot_control/share/ur_onrobot_control/package.ps1'
[1.023s] INFO:colcon.colcon_core.shell:Creating package descriptor '/home/user/Desktop/ur_pick/ros2_ws/install/ur_onrobot_control/share/ur_onrobot_control/package.dsv'
[1.023s] INFO:colcon.colcon_core.shell:Creating package script '/home/user/Desktop/ur_pick/ros2_ws/install/ur_onrobot_control/share/ur_onrobot_control/package.sh'
[1.023s] INFO:colcon.colcon_core.shell:Creating package script '/home/user/Desktop/ur_pick/ros2_ws/install/ur_onrobot_control/share/ur_onrobot_control/package.bash'
[1.024s] INFO:colcon.colcon_core.shell:Creating package script '/home/user/Desktop/ur_pick/ros2_ws/install/ur_onrobot_control/share/ur_onrobot_control/package.zsh'
[1.024s] Level 1:colcon.colcon_core.environment:create_file_with_runtime_dependencies(/home/user/Desktop/ur_pick/ros2_ws/install/ur_onrobot_control/share/colcon-core/packages/ur_onrobot_control)
[1.024s] Level 1:colcon.colcon_core.environment:create_environment_scripts_only(ur_onrobot_control)
[1.025s] Level 1:colcon.colcon_core.environment:checking '/home/user/Desktop/ur_pick/ros2_ws/install/ur_onrobot_control' for CMake module files
[1.025s] Level 1:colcon.colcon_core.environment:checking '/home/user/Desktop/ur_pick/ros2_ws/install/ur_onrobot_control' for CMake config files
[1.025s] Level 1:colcon.colcon_core.shell:create_environment_hook('ur_onrobot_control', 'cmake_prefix_path')
[1.025s] INFO:colcon.colcon_core.shell:Creating environment hook '/home/user/Desktop/ur_pick/ros2_ws/install/ur_onrobot_control/share/ur_onrobot_control/hook/cmake_prefix_path.ps1'
[1.026s] INFO:colcon.colcon_core.shell:Creating environment descriptor '/home/user/Desktop/ur_pick/ros2_ws/install/ur_onrobot_control/share/ur_onrobot_control/hook/cmake_prefix_path.dsv'
[1.026s] INFO:colcon.colcon_core.shell:Creating environment hook '/home/user/Desktop/ur_pick/ros2_ws/install/ur_onrobot_control/share/ur_onrobot_control/hook/cmake_prefix_path.sh'
[1.026s] Level 1:colcon.colcon_core.environment:checking '/home/user/Desktop/ur_pick/ros2_ws/install/ur_onrobot_control/bin'
[1.026s] Level 1:colcon.colcon_core.environment:checking '/home/user/Desktop/ur_pick/ros2_ws/install/ur_onrobot_control/lib/pkgconfig/ur_onrobot_control.pc'
[1.027s] Level 1:colcon.colcon_core.environment:checking '/home/user/Desktop/ur_pick/ros2_ws/install/ur_onrobot_control/lib/python3.10/site-packages'
[1.027s] Level 1:colcon.colcon_core.environment:checking '/home/user/Desktop/ur_pick/ros2_ws/install/ur_onrobot_control/bin'
[1.027s] INFO:colcon.colcon_core.shell:Creating package script '/home/user/Desktop/ur_pick/ros2_ws/install/ur_onrobot_control/share/ur_onrobot_control/package.ps1'
[1.027s] INFO:colcon.colcon_core.shell:Creating package descriptor '/home/user/Desktop/ur_pick/ros2_ws/install/ur_onrobot_control/share/ur_onrobot_control/package.dsv'
[1.028s] INFO:colcon.colcon_core.shell:Creating package script '/home/user/Desktop/ur_pick/ros2_ws/install/ur_onrobot_control/share/ur_onrobot_control/package.sh'
[1.028s] INFO:colcon.colcon_core.shell:Creating package script '/home/user/Desktop/ur_pick/ros2_ws/install/ur_onrobot_control/share/ur_onrobot_control/package.bash'
[1.028s] INFO:colcon.colcon_core.shell:Creating package script '/home/user/Desktop/ur_pick/ros2_ws/install/ur_onrobot_control/share/ur_onrobot_control/package.zsh'
[1.029s] Level 1:colcon.colcon_core.environment:create_file_with_runtime_dependencies(/home/user/Desktop/ur_pick/ros2_ws/install/ur_onrobot_control/share/colcon-core/packages/ur_onrobot_control)
[1.029s] INFO:colcon.colcon_ros.task.ament_cmake.build:Building ROS package in '/home/user/Desktop/ur_pick/ros2_ws/src/UR_OnRobot_ROS2/ur_onrobot_moveit_config' with build type 'ament_cmake'
[1.029s] INFO:colcon.colcon_cmake.task.cmake.build:Building CMake package in '/home/user/Desktop/ur_pick/ros2_ws/src/UR_OnRobot_ROS2/ur_onrobot_moveit_config'
[1.029s] INFO:colcon.colcon_core.shell:Skip shell extension 'powershell' for command environment: Not usable outside of PowerShell
[1.029s] DEBUG:colcon.colcon_core.shell:Skip shell extension 'dsv' for command environment
[1.047s] DEBUG:colcon.colcon_core.event_handler.log_command:Invoking command in '/home/user/Desktop/ur_pick/ros2_ws/build/ur_onrobot_moveit_config': AMENT_PREFIX_PATH=/home/user/Desktop/ur_pick/ros2_ws/install/ur_onrobot_control:/home/user/Desktop/ur_pick/ros2_ws/install/ur_onrobot_description:/home/user/Desktop/ur_pick/ros2_ws/install/onrobot_driver:/home/user/Desktop/ur_pick/ros2_ws/install/onrobot_description:${AMENT_PREFIX_PATH} CMAKE_PREFIX_PATH=/home/user/Desktop/ur_pick/ros2_ws/install/ur_onrobot_control:/home/user/Desktop/ur_pick/ros2_ws/install/ur_onrobot_description:/home/user/Desktop/ur_pick/ros2_ws/install/onrobot_driver:/home/user/Desktop/ur_pick/ros2_ws/install/onrobot_description:/opt/ros/humble LD_LIBRARY_PATH=/home/user/Desktop/ur_pick/ros2_ws/install/onrobot_driver/lib:${LD_LIBRARY_PATH} /usr/bin/cmake /home/user/Desktop/ur_pick/ros2_ws/src/UR_OnRobot_ROS2/ur_onrobot_moveit_config -DAMENT_CMAKE_SYMLINK_INSTALL=1 -DCMAKE_INSTALL_PREFIX=/home/user/Desktop/ur_pick/ros2_ws/install/ur_onrobot_moveit_config
[1.844s] DEBUG:colcon.colcon_core.event_handler.log_command:Invoked command in '/home/user/Desktop/ur_pick/ros2_ws/build/ur_onrobot_moveit_config' returned '0': AMENT_PREFIX_PATH=/home/user/Desktop/ur_pick/ros2_ws/install/ur_onrobot_control:/home/user/Desktop/ur_pick/ros2_ws/install/ur_onrobot_description:/home/user/Desktop/ur_pick/ros2_ws/install/onrobot_driver:/home/user/Desktop/ur_pick/ros2_ws/install/onrobot_description:${AMENT_PREFIX_PATH} CMAKE_PREFIX_PATH=/home/user/Desktop/ur_pick/ros2_ws/install/ur_onrobot_control:/home/user/Desktop/ur_pick/ros2_ws/install/ur_onrobot_description:/home/user/Desktop/ur_pick/ros2_ws/install/onrobot_driver:/home/user/Desktop/ur_pick/ros2_ws/install/onrobot_description:/opt/ros/humble LD_LIBRARY_PATH=/home/user/Desktop/ur_pick/ros2_ws/install/onrobot_driver/lib:${LD_LIBRARY_PATH} /usr/bin/cmake /home/user/Desktop/ur_pick/ros2_ws/src/UR_OnRobot_ROS2/ur_onrobot_moveit_config -DAMENT_CMAKE_SYMLINK_INSTALL=1 -DCMAKE_INSTALL_PREFIX=/home/user/Desktop/ur_pick/ros2_ws/install/ur_onrobot_moveit_config
[1.845s] DEBUG:colcon.colcon_core.event_handler.log_command:Invoking command in '/home/user/Desktop/ur_pick/ros2_ws/build/ur_onrobot_moveit_config': AMENT_PREFIX_PATH=/home/user/Desktop/ur_pick/ros2_ws/install/ur_onrobot_control:/home/user/Desktop/ur_pick/ros2_ws/install/ur_onrobot_description:/home/user/Desktop/ur_pick/ros2_ws/install/onrobot_driver:/home/user/Desktop/ur_pick/ros2_ws/install/onrobot_description:${AMENT_PREFIX_PATH} CMAKE_PREFIX_PATH=/home/user/Desktop/ur_pick/ros2_ws/install/ur_onrobot_control:/home/user/Desktop/ur_pick/ros2_ws/install/ur_onrobot_description:/home/user/Desktop/ur_pick/ros2_ws/install/onrobot_driver:/home/user/Desktop/ur_pick/ros2_ws/install/onrobot_description:/opt/ros/humble LD_LIBRARY_PATH=/home/user/Desktop/ur_pick/ros2_ws/install/onrobot_driver/lib:${LD_LIBRARY_PATH} /usr/bin/cmake --build /home/user/Desktop/ur_pick/ros2_ws/build/ur_onrobot_moveit_config -- -j15 -l15
[2.203s] DEBUG:colcon.colcon_core.event_handler.log_command:Invoked command in '/home/user/Desktop/ur_pick/ros2_ws/build/ur_onrobot_moveit_config' returned '0': AMENT_PREFIX_PATH=/home/user/Desktop/ur_pick/ros2_ws/install/ur_onrobot_control:/home/user/Desktop/ur_pick/ros2_ws/install/ur_onrobot_description:/home/user/Desktop/ur_pick/ros2_ws/install/onrobot_driver:/home/user/Desktop/ur_pick/ros2_ws/install/onrobot_description:${AMENT_PREFIX_PATH} CMAKE_PREFIX_PATH=/home/user/Desktop/ur_pick/ros2_ws/install/ur_onrobot_control:/home/user/Desktop/ur_pick/ros2_ws/install/ur_onrobot_description:/home/user/Desktop/ur_pick/ros2_ws/install/onrobot_driver:/home/user/Desktop/ur_pick/ros2_ws/install/onrobot_description:/opt/ros/humble LD_LIBRARY_PATH=/home/user/Desktop/ur_pick/ros2_ws/install/onrobot_driver/lib:${LD_LIBRARY_PATH} /usr/bin/cmake --build /home/user/Desktop/ur_pick/ros2_ws/build/ur_onrobot_moveit_config -- -j15 -l15
[2.205s] DEBUG:colcon.colcon_core.event_handler.log_command:Invoking command in '/home/user/Desktop/ur_pick/ros2_ws/build/ur_onrobot_moveit_config': AMENT_PREFIX_PATH=/home/user/Desktop/ur_pick/ros2_ws/install/ur_onrobot_control:/home/user/Desktop/ur_pick/ros2_ws/install/ur_onrobot_description:/home/user/Desktop/ur_pick/ros2_ws/install/onrobot_driver:/home/user/Desktop/ur_pick/ros2_ws/install/onrobot_description:${AMENT_PREFIX_PATH} CMAKE_PREFIX_PATH=/home/user/Desktop/ur_pick/ros2_ws/install/ur_onrobot_control:/home/user/Desktop/ur_pick/ros2_ws/install/ur_onrobot_description:/home/user/Desktop/ur_pick/ros2_ws/install/onrobot_driver:/home/user/Desktop/ur_pick/ros2_ws/install/onrobot_description:/opt/ros/humble LD_LIBRARY_PATH=/home/user/Desktop/ur_pick/ros2_ws/install/onrobot_driver/lib:${LD_LIBRARY_PATH} /usr/bin/cmake --install /home/user/Desktop/ur_pick/ros2_ws/build/ur_onrobot_moveit_config
[2.729s] Level 1:colcon.colcon_core.environment:create_environment_scripts_only(ur_onrobot_moveit_config)
[2.729s] Level 1:colcon.colcon_core.environment:checking '/home/user/Desktop/ur_pick/ros2_ws/install/ur_onrobot_moveit_config' for CMake module files
[2.730s] DEBUG:colcon.colcon_core.event_handler.log_command:Invoked command in '/home/user/Desktop/ur_pick/ros2_ws/build/ur_onrobot_moveit_config' returned '0': AMENT_PREFIX_PATH=/home/user/Desktop/ur_pick/ros2_ws/install/ur_onrobot_control:/home/user/Desktop/ur_pick/ros2_ws/install/ur_onrobot_description:/home/user/Desktop/ur_pick/ros2_ws/install/onrobot_driver:/home/user/Desktop/ur_pick/ros2_ws/install/onrobot_description:${AMENT_PREFIX_PATH} CMAKE_PREFIX_PATH=/home/user/Desktop/ur_pick/ros2_ws/install/ur_onrobot_control:/home/user/Desktop/ur_pick/ros2_ws/install/ur_onrobot_description:/home/user/Desktop/ur_pick/ros2_ws/install/onrobot_driver:/home/user/Desktop/ur_pick/ros2_ws/install/onrobot_description:/opt/ros/humble LD_LIBRARY_PATH=/home/user/Desktop/ur_pick/ros2_ws/install/onrobot_driver/lib:${LD_LIBRARY_PATH} /usr/bin/cmake --install /home/user/Desktop/ur_pick/ros2_ws/build/ur_onrobot_moveit_config
[2.731s] Level 1:colcon.colcon_core.environment:checking '/home/user/Desktop/ur_pick/ros2_ws/install/ur_onrobot_moveit_config' for CMake config files
[2.732s] Level 1:colcon.colcon_core.shell:create_environment_hook('ur_onrobot_moveit_config', 'cmake_prefix_path')
[2.732s] INFO:colcon.colcon_core.shell:Creating environment hook '/home/user/Desktop/ur_pick/ros2_ws/install/ur_onrobot_moveit_config/share/ur_onrobot_moveit_config/hook/cmake_prefix_path.ps1'
[2.733s] INFO:colcon.colcon_core.shell:Creating environment descriptor '/home/user/Desktop/ur_pick/ros2_ws/install/ur_onrobot_moveit_config/share/ur_onrobot_moveit_config/hook/cmake_prefix_path.dsv'
[2.733s] INFO:colcon.colcon_core.shell:Creating environment hook '/home/user/Desktop/ur_pick/ros2_ws/install/ur_onrobot_moveit_config/share/ur_onrobot_moveit_config/hook/cmake_prefix_path.sh'
[2.734s] Level 1:colcon.colcon_core.environment:checking '/home/user/Desktop/ur_pick/ros2_ws/install/ur_onrobot_moveit_config/bin'
[2.734s] Level 1:colcon.colcon_core.environment:checking '/home/user/Desktop/ur_pick/ros2_ws/install/ur_onrobot_moveit_config/lib/pkgconfig/ur_onrobot_moveit_config.pc'
[2.735s] Level 1:colcon.colcon_core.environment:checking '/home/user/Desktop/ur_pick/ros2_ws/install/ur_onrobot_moveit_config/lib/python3.10/site-packages'
[2.735s] Level 1:colcon.colcon_core.environment:checking '/home/user/Desktop/ur_pick/ros2_ws/install/ur_onrobot_moveit_config/bin'
[2.735s] INFO:colcon.colcon_core.shell:Creating package script '/home/user/Desktop/ur_pick/ros2_ws/install/ur_onrobot_moveit_config/share/ur_onrobot_moveit_config/package.ps1'
[2.736s] INFO:colcon.colcon_core.shell:Creating package descriptor '/home/user/Desktop/ur_pick/ros2_ws/install/ur_onrobot_moveit_config/share/ur_onrobot_moveit_config/package.dsv'
[2.737s] INFO:colcon.colcon_core.shell:Creating package script '/home/user/Desktop/ur_pick/ros2_ws/install/ur_onrobot_moveit_config/share/ur_onrobot_moveit_config/package.sh'
[2.737s] INFO:colcon.colcon_core.shell:Creating package script '/home/user/Desktop/ur_pick/ros2_ws/install/ur_onrobot_moveit_config/share/ur_onrobot_moveit_config/package.bash'
[2.737s] INFO:colcon.colcon_core.shell:Creating package script '/home/user/Desktop/ur_pick/ros2_ws/install/ur_onrobot_moveit_config/share/ur_onrobot_moveit_config/package.zsh'
[2.738s] Level 1:colcon.colcon_core.environment:create_file_with_runtime_dependencies(/home/user/Desktop/ur_pick/ros2_ws/install/ur_onrobot_moveit_config/share/colcon-core/packages/ur_onrobot_moveit_config)
[2.739s] Level 1:colcon.colcon_core.environment:create_environment_scripts_only(ur_onrobot_moveit_config)
[2.739s] Level 1:colcon.colcon_core.environment:checking '/home/user/Desktop/ur_pick/ros2_ws/install/ur_onrobot_moveit_config' for CMake module files
[2.740s] Level 1:colcon.colcon_core.environment:checking '/home/user/Desktop/ur_pick/ros2_ws/install/ur_onrobot_moveit_config' for CMake config files
[2.740s] Level 1:colcon.colcon_core.shell:create_environment_hook('ur_onrobot_moveit_config', 'cmake_prefix_path')
[2.740s] INFO:colcon.colcon_core.shell:Creating environment hook '/home/user/Desktop/ur_pick/ros2_ws/install/ur_onrobot_moveit_config/share/ur_onrobot_moveit_config/hook/cmake_prefix_path.ps1'
[2.741s] INFO:colcon.colcon_core.shell:Creating environment descriptor '/home/user/Desktop/ur_pick/ros2_ws/install/ur_onrobot_moveit_config/share/ur_onrobot_moveit_config/hook/cmake_prefix_path.dsv'
[2.741s] INFO:colcon.colcon_core.shell:Creating environment hook '/home/user/Desktop/ur_pick/ros2_ws/install/ur_onrobot_moveit_config/share/ur_onrobot_moveit_config/hook/cmake_prefix_path.sh'
[2.742s] Level 1:colcon.colcon_core.environment:checking '/home/user/Desktop/ur_pick/ros2_ws/install/ur_onrobot_moveit_config/bin'
[2.742s] Level 1:colcon.colcon_core.environment:checking '/home/user/Desktop/ur_pick/ros2_ws/install/ur_onrobot_moveit_config/lib/pkgconfig/ur_onrobot_moveit_config.pc'
[2.743s] Level 1:colcon.colcon_core.environment:checking '/home/user/Desktop/ur_pick/ros2_ws/install/ur_onrobot_moveit_config/lib/python3.10/site-packages'
[2.743s] Level 1:colcon.colcon_core.environment:checking '/home/user/Desktop/ur_pick/ros2_ws/install/ur_onrobot_moveit_config/bin'
[2.743s] INFO:colcon.colcon_core.shell:Creating package script '/home/user/Desktop/ur_pick/ros2_ws/install/ur_onrobot_moveit_config/share/ur_onrobot_moveit_config/package.ps1'
[2.744s] INFO:colcon.colcon_core.shell:Creating package descriptor '/home/user/Desktop/ur_pick/ros2_ws/install/ur_onrobot_moveit_config/share/ur_onrobot_moveit_config/package.dsv'
[2.745s] INFO:colcon.colcon_core.shell:Creating package script '/home/user/Desktop/ur_pick/ros2_ws/install/ur_onrobot_moveit_config/share/ur_onrobot_moveit_config/package.sh'
[2.745s] INFO:colcon.colcon_core.shell:Creating package script '/home/user/Desktop/ur_pick/ros2_ws/install/ur_onrobot_moveit_config/share/ur_onrobot_moveit_config/package.bash'
[2.746s] INFO:colcon.colcon_core.shell:Creating package script '/home/user/Desktop/ur_pick/ros2_ws/install/ur_onrobot_moveit_config/share/ur_onrobot_moveit_config/package.zsh'
[2.746s] Level 1:colcon.colcon_core.environment:create_file_with_runtime_dependencies(/home/user/Desktop/ur_pick/ros2_ws/install/ur_onrobot_moveit_config/share/colcon-core/packages/ur_onrobot_moveit_config)
[2.747s] INFO:colcon.colcon_ros.task.ament_cmake.build:Building ROS package in '/home/user/Desktop/ur_pick/ros2_ws/src/moveit2_tutorials_ur_onrobot/ur_onrobot_hello_moveit' with build type 'ament_cmake'
[2.747s] INFO:colcon.colcon_cmake.task.cmake.build:Building CMake package in '/home/user/Desktop/ur_pick/ros2_ws/src/moveit2_tutorials_ur_onrobot/ur_onrobot_hello_moveit'
[2.747s] INFO:colcon.colcon_core.shell:Skip shell extension 'powershell' for command environment: Not usable outside of PowerShell
[2.747s] DEBUG:colcon.colcon_core.shell:Skip shell extension 'dsv' for command environment
[2.751s] INFO:colcon.colcon_ros.task.ament_cmake.build:Building ROS package in '/home/user/Desktop/ur_pick/ros2_ws/src/moveit2_tutorials_ur_onrobot/ur_onrobot_mtc' with build type 'ament_cmake'
[2.751s] INFO:colcon.colcon_cmake.task.cmake.build:Building CMake package in '/home/user/Desktop/ur_pick/ros2_ws/src/moveit2_tutorials_ur_onrobot/ur_onrobot_mtc'
[2.751s] INFO:colcon.colcon_core.shell:Skip shell extension 'powershell' for command environment: Not usable outside of PowerShell
[2.751s] DEBUG:colcon.colcon_core.shell:Skip shell extension 'dsv' for command environment
[2.769s] DEBUG:colcon.colcon_core.event_handler.log_command:Invoking command in '/home/user/Desktop/ur_pick/ros2_ws/build/ur_onrobot_hello_moveit': AMENT_PREFIX_PATH=/home/user/Desktop/ur_pick/ros2_ws/install/ur_onrobot_moveit_config:/home/user/Desktop/ur_pick/ros2_ws/install/ur_onrobot_control:/home/user/Desktop/ur_pick/ros2_ws/install/ur_onrobot_description:/home/user/Desktop/ur_pick/ros2_ws/install/onrobot_driver:/home/user/Desktop/ur_pick/ros2_ws/install/onrobot_description:${AMENT_PREFIX_PATH} CMAKE_PREFIX_PATH=/home/user/Desktop/ur_pick/ros2_ws/install/ur_onrobot_moveit_config:/home/user/Desktop/ur_pick/ros2_ws/install/ur_onrobot_control:/home/user/Desktop/ur_pick/ros2_ws/install/ur_onrobot_description:/home/user/Desktop/ur_pick/ros2_ws/install/onrobot_driver:/home/user/Desktop/ur_pick/ros2_ws/install/onrobot_description:/opt/ros/humble LD_LIBRARY_PATH=/home/user/Desktop/ur_pick/ros2_ws/install/onrobot_driver/lib:${LD_LIBRARY_PATH} PYTHONPATH=/home/user/Desktop/ur_pick/ros2_ws/install/ur_onrobot_moveit_config/local/lib/python3.10/dist-packages:${PYTHONPATH} /usr/bin/cmake --build /home/user/Desktop/ur_pick/ros2_ws/build/ur_onrobot_hello_moveit -- -j15 -l15
[2.772s] DEBUG:colcon.colcon_core.event_handler.log_command:Invoking command in '/home/user/Desktop/ur_pick/ros2_ws/build/ur_onrobot_mtc': AMENT_PREFIX_PATH=/home/user/Desktop/ur_pick/ros2_ws/install/ur_onrobot_moveit_config:/home/user/Desktop/ur_pick/ros2_ws/install/ur_onrobot_control:/home/user/Desktop/ur_pick/ros2_ws/install/ur_onrobot_description:/home/user/Desktop/ur_pick/ros2_ws/install/onrobot_driver:/home/user/Desktop/ur_pick/ros2_ws/install/onrobot_description:${AMENT_PREFIX_PATH} CMAKE_PREFIX_PATH=/home/user/Desktop/ur_pick/ros2_ws/install/ur_onrobot_moveit_config:/home/user/Desktop/ur_pick/ros2_ws/install/ur_onrobot_control:/home/user/Desktop/ur_pick/ros2_ws/install/ur_onrobot_description:/home/user/Desktop/ur_pick/ros2_ws/install/onrobot_driver:/home/user/Desktop/ur_pick/ros2_ws/install/onrobot_description:/opt/ros/humble LD_LIBRARY_PATH=/home/user/Desktop/ur_pick/ros2_ws/install/onrobot_driver/lib:${LD_LIBRARY_PATH} PYTHONPATH=/home/user/Desktop/ur_pick/ros2_ws/install/ur_onrobot_moveit_config/local/lib/python3.10/dist-packages:${PYTHONPATH} /usr/bin/cmake --build /home/user/Desktop/ur_pick/ros2_ws/build/ur_onrobot_mtc -- -j15 -l15
[2.908s] DEBUG:colcon.colcon_core.event_handler.log_command:Invoked command in '/home/user/Desktop/ur_pick/ros2_ws/build/ur_onrobot_mtc' returned '0': AMENT_PREFIX_PATH=/home/user/Desktop/ur_pick/ros2_ws/install/ur_onrobot_moveit_config:/home/user/Desktop/ur_pick/ros2_ws/install/ur_onrobot_control:/home/user/Desktop/ur_pick/ros2_ws/install/ur_onrobot_description:/home/user/Desktop/ur_pick/ros2_ws/install/onrobot_driver:/home/user/Desktop/ur_pick/ros2_ws/install/onrobot_description:${AMENT_PREFIX_PATH} CMAKE_PREFIX_PATH=/home/user/Desktop/ur_pick/ros2_ws/install/ur_onrobot_moveit_config:/home/user/Desktop/ur_pick/ros2_ws/install/ur_onrobot_control:/home/user/Desktop/ur_pick/ros2_ws/install/ur_onrobot_description:/home/user/Desktop/ur_pick/ros2_ws/install/onrobot_driver:/home/user/Desktop/ur_pick/ros2_ws/install/onrobot_description:/opt/ros/humble LD_LIBRARY_PATH=/home/user/Desktop/ur_pick/ros2_ws/install/onrobot_driver/lib:${LD_LIBRARY_PATH} PYTHONPATH=/home/user/Desktop/ur_pick/ros2_ws/install/ur_onrobot_moveit_config/local/lib/python3.10/dist-packages:${PYTHONPATH} /usr/bin/cmake --build /home/user/Desktop/ur_pick/ros2_ws/build/ur_onrobot_mtc -- -j15 -l15
[2.911s] DEBUG:colcon.colcon_core.event_handler.log_command:Invoking command in '/home/user/Desktop/ur_pick/ros2_ws/build/ur_onrobot_mtc': AMENT_PREFIX_PATH=/home/user/Desktop/ur_pick/ros2_ws/install/ur_onrobot_moveit_config:/home/user/Desktop/ur_pick/ros2_ws/install/ur_onrobot_control:/home/user/Desktop/ur_pick/ros2_ws/install/ur_onrobot_description:/home/user/Desktop/ur_pick/ros2_ws/install/onrobot_driver:/home/user/Desktop/ur_pick/ros2_ws/install/onrobot_description:${AMENT_PREFIX_PATH} CMAKE_PREFIX_PATH=/home/user/Desktop/ur_pick/ros2_ws/install/ur_onrobot_moveit_config:/home/user/Desktop/ur_pick/ros2_ws/install/ur_onrobot_control:/home/user/Desktop/ur_pick/ros2_ws/install/ur_onrobot_description:/home/user/Desktop/ur_pick/ros2_ws/install/onrobot_driver:/home/user/Desktop/ur_pick/ros2_ws/install/onrobot_description:/opt/ros/humble LD_LIBRARY_PATH=/home/user/Desktop/ur_pick/ros2_ws/install/onrobot_driver/lib:${LD_LIBRARY_PATH} PYTHONPATH=/home/user/Desktop/ur_pick/ros2_ws/install/ur_onrobot_moveit_config/local/lib/python3.10/dist-packages:${PYTHONPATH} /usr/bin/cmake --install /home/user/Desktop/ur_pick/ros2_ws/build/ur_onrobot_mtc
[2.916s] DEBUG:colcon.colcon_core.event_handler.log_command:Invoked command in '/home/user/Desktop/ur_pick/ros2_ws/build/ur_onrobot_hello_moveit' returned '0': AMENT_PREFIX_PATH=/home/user/Desktop/ur_pick/ros2_ws/install/ur_onrobot_moveit_config:/home/user/Desktop/ur_pick/ros2_ws/install/ur_onrobot_control:/home/user/Desktop/ur_pick/ros2_ws/install/ur_onrobot_description:/home/user/Desktop/ur_pick/ros2_ws/install/onrobot_driver:/home/user/Desktop/ur_pick/ros2_ws/install/onrobot_description:${AMENT_PREFIX_PATH} CMAKE_PREFIX_PATH=/home/user/Desktop/ur_pick/ros2_ws/install/ur_onrobot_moveit_config:/home/user/Desktop/ur_pick/ros2_ws/install/ur_onrobot_control:/home/user/Desktop/ur_pick/ros2_ws/install/ur_onrobot_description:/home/user/Desktop/ur_pick/ros2_ws/install/onrobot_driver:/home/user/Desktop/ur_pick/ros2_ws/install/onrobot_description:/opt/ros/humble LD_LIBRARY_PATH=/home/user/Desktop/ur_pick/ros2_ws/install/onrobot_driver/lib:${LD_LIBRARY_PATH} PYTHONPATH=/home/user/Desktop/ur_pick/ros2_ws/install/ur_onrobot_moveit_config/local/lib/python3.10/dist-packages:${PYTHONPATH} /usr/bin/cmake --build /home/user/Desktop/ur_pick/ros2_ws/build/ur_onrobot_hello_moveit -- -j15 -l15
[2.918s] DEBUG:colcon.colcon_core.event_handler.log_command:Invoking command in '/home/user/Desktop/ur_pick/ros2_ws/build/ur_onrobot_hello_moveit': AMENT_PREFIX_PATH=/home/user/Desktop/ur_pick/ros2_ws/install/ur_onrobot_moveit_config:/home/user/Desktop/ur_pick/ros2_ws/install/ur_onrobot_control:/home/user/Desktop/ur_pick/ros2_ws/install/ur_onrobot_description:/home/user/Desktop/ur_pick/ros2_ws/install/onrobot_driver:/home/user/Desktop/ur_pick/ros2_ws/install/onrobot_description:${AMENT_PREFIX_PATH} CMAKE_PREFIX_PATH=/home/user/Desktop/ur_pick/ros2_ws/install/ur_onrobot_moveit_config:/home/user/Desktop/ur_pick/ros2_ws/install/ur_onrobot_control:/home/user/Desktop/ur_pick/ros2_ws/install/ur_onrobot_description:/home/user/Desktop/ur_pick/ros2_ws/install/onrobot_driver:/home/user/Desktop/ur_pick/ros2_ws/install/onrobot_description:/opt/ros/humble LD_LIBRARY_PATH=/home/user/Desktop/ur_pick/ros2_ws/install/onrobot_driver/lib:${LD_LIBRARY_PATH} PYTHONPATH=/home/user/Desktop/ur_pick/ros2_ws/install/ur_onrobot_moveit_config/local/lib/python3.10/dist-packages:${PYTHONPATH} /usr/bin/cmake --install /home/user/Desktop/ur_pick/ros2_ws/build/ur_onrobot_hello_moveit
[3.168s] Level 1:colcon.colcon_core.environment:create_environment_scripts_only(ur_onrobot_hello_moveit)
[3.168s] DEBUG:colcon.colcon_core.event_handler.log_command:Invoked command in '/home/user/Desktop/ur_pick/ros2_ws/build/ur_onrobot_hello_moveit' returned '0': AMENT_PREFIX_PATH=/home/user/Desktop/ur_pick/ros2_ws/install/ur_onrobot_moveit_config:/home/user/Desktop/ur_pick/ros2_ws/install/ur_onrobot_control:/home/user/Desktop/ur_pick/ros2_ws/install/ur_onrobot_description:/home/user/Desktop/ur_pick/ros2_ws/install/onrobot_driver:/home/user/Desktop/ur_pick/ros2_ws/install/onrobot_description:${AMENT_PREFIX_PATH} CMAKE_PREFIX_PATH=/home/user/Desktop/ur_pick/ros2_ws/install/ur_onrobot_moveit_config:/home/user/Desktop/ur_pick/ros2_ws/install/ur_onrobot_control:/home/user/Desktop/ur_pick/ros2_ws/install/ur_onrobot_description:/home/user/Desktop/ur_pick/ros2_ws/install/onrobot_driver:/home/user/Desktop/ur_pick/ros2_ws/install/onrobot_description:/opt/ros/humble LD_LIBRARY_PATH=/home/user/Desktop/ur_pick/ros2_ws/install/onrobot_driver/lib:${LD_LIBRARY_PATH} PYTHONPATH=/home/user/Desktop/ur_pick/ros2_ws/install/ur_onrobot_moveit_config/local/lib/python3.10/dist-packages:${PYTHONPATH} /usr/bin/cmake --install /home/user/Desktop/ur_pick/ros2_ws/build/ur_onrobot_hello_moveit
[3.169s] Level 1:colcon.colcon_core.environment:checking '/home/user/Desktop/ur_pick/ros2_ws/install/ur_onrobot_hello_moveit' for CMake module files
[3.170s] Level 1:colcon.colcon_core.environment:checking '/home/user/Desktop/ur_pick/ros2_ws/install/ur_onrobot_hello_moveit' for CMake config files
[3.171s] Level 1:colcon.colcon_core.shell:create_environment_hook('ur_onrobot_hello_moveit', 'cmake_prefix_path')
[3.171s] INFO:colcon.colcon_core.shell:Creating environment hook '/home/user/Desktop/ur_pick/ros2_ws/install/ur_onrobot_hello_moveit/share/ur_onrobot_hello_moveit/hook/cmake_prefix_path.ps1'
[3.172s] INFO:colcon.colcon_core.shell:Creating environment descriptor '/home/user/Desktop/ur_pick/ros2_ws/install/ur_onrobot_hello_moveit/share/ur_onrobot_hello_moveit/hook/cmake_prefix_path.dsv'
[3.172s] INFO:colcon.colcon_core.shell:Creating environment hook '/home/user/Desktop/ur_pick/ros2_ws/install/ur_onrobot_hello_moveit/share/ur_onrobot_hello_moveit/hook/cmake_prefix_path.sh'
[3.173s] Level 1:colcon.colcon_core.environment:checking '/home/user/Desktop/ur_pick/ros2_ws/install/ur_onrobot_hello_moveit/lib'
[3.173s] Level 1:colcon.colcon_core.environment:checking '/home/user/Desktop/ur_pick/ros2_ws/install/ur_onrobot_hello_moveit/bin'
[3.173s] Level 1:colcon.colcon_core.environment:checking '/home/user/Desktop/ur_pick/ros2_ws/install/ur_onrobot_hello_moveit/lib/pkgconfig/ur_onrobot_hello_moveit.pc'
[3.173s] Level 1:colcon.colcon_core.environment:checking '/home/user/Desktop/ur_pick/ros2_ws/install/ur_onrobot_hello_moveit/lib/python3.10/site-packages'
[3.173s] Level 1:colcon.colcon_core.environment:checking '/home/user/Desktop/ur_pick/ros2_ws/install/ur_onrobot_hello_moveit/bin'
[3.174s] INFO:colcon.colcon_core.shell:Creating package script '/home/user/Desktop/ur_pick/ros2_ws/install/ur_onrobot_hello_moveit/share/ur_onrobot_hello_moveit/package.ps1'
[3.174s] INFO:colcon.colcon_core.shell:Creating package descriptor '/home/user/Desktop/ur_pick/ros2_ws/install/ur_onrobot_hello_moveit/share/ur_onrobot_hello_moveit/package.dsv'
[3.174s] INFO:colcon.colcon_core.shell:Creating package script '/home/user/Desktop/ur_pick/ros2_ws/install/ur_onrobot_hello_moveit/share/ur_onrobot_hello_moveit/package.sh'
[3.175s] INFO:colcon.colcon_core.shell:Creating package script '/home/user/Desktop/ur_pick/ros2_ws/install/ur_onrobot_hello_moveit/share/ur_onrobot_hello_moveit/package.bash'
[3.175s] INFO:colcon.colcon_core.shell:Creating package script '/home/user/Desktop/ur_pick/ros2_ws/install/ur_onrobot_hello_moveit/share/ur_onrobot_hello_moveit/package.zsh'
[3.175s] Level 1:colcon.colcon_core.environment:create_file_with_runtime_dependencies(/home/user/Desktop/ur_pick/ros2_ws/install/ur_onrobot_hello_moveit/share/colcon-core/packages/ur_onrobot_hello_moveit)
[3.176s] Level 1:colcon.colcon_core.environment:create_environment_scripts_only(ur_onrobot_hello_moveit)
[3.176s] Level 1:colcon.colcon_core.environment:checking '/home/user/Desktop/ur_pick/ros2_ws/install/ur_onrobot_hello_moveit' for CMake module files
[3.176s] Level 1:colcon.colcon_core.environment:checking '/home/user/Desktop/ur_pick/ros2_ws/install/ur_onrobot_hello_moveit' for CMake config files
[3.177s] Level 1:colcon.colcon_core.shell:create_environment_hook('ur_onrobot_hello_moveit', 'cmake_prefix_path')
[3.177s] INFO:colcon.colcon_core.shell:Creating environment hook '/home/user/Desktop/ur_pick/ros2_ws/install/ur_onrobot_hello_moveit/share/ur_onrobot_hello_moveit/hook/cmake_prefix_path.ps1'
[3.178s] INFO:colcon.colcon_core.shell:Creating environment descriptor '/home/user/Desktop/ur_pick/ros2_ws/install/ur_onrobot_hello_moveit/share/ur_onrobot_hello_moveit/hook/cmake_prefix_path.dsv'
[3.178s] INFO:colcon.colcon_core.shell:Creating environment hook '/home/user/Desktop/ur_pick/ros2_ws/install/ur_onrobot_hello_moveit/share/ur_onrobot_hello_moveit/hook/cmake_prefix_path.sh'
[3.178s] Level 1:colcon.colcon_core.environment:checking '/home/user/Desktop/ur_pick/ros2_ws/install/ur_onrobot_hello_moveit/lib'
[3.179s] Level 1:colcon.colcon_core.environment:checking '/home/user/Desktop/ur_pick/ros2_ws/install/ur_onrobot_hello_moveit/bin'
[3.179s] Level 1:colcon.colcon_core.environment:checking '/home/user/Desktop/ur_pick/ros2_ws/install/ur_onrobot_hello_moveit/lib/pkgconfig/ur_onrobot_hello_moveit.pc'
[3.179s] Level 1:colcon.colcon_core.environment:checking '/home/user/Desktop/ur_pick/ros2_ws/install/ur_onrobot_hello_moveit/lib/python3.10/site-packages'
[3.179s] Level 1:colcon.colcon_core.environment:checking '/home/user/Desktop/ur_pick/ros2_ws/install/ur_onrobot_hello_moveit/bin'
[3.179s] INFO:colcon.colcon_core.shell:Creating package script '/home/user/Desktop/ur_pick/ros2_ws/install/ur_onrobot_hello_moveit/share/ur_onrobot_hello_moveit/package.ps1'
[3.180s] INFO:colcon.colcon_core.shell:Creating package descriptor '/home/user/Desktop/ur_pick/ros2_ws/install/ur_onrobot_hello_moveit/share/ur_onrobot_hello_moveit/package.dsv'
[3.180s] INFO:colcon.colcon_core.shell:Creating package script '/home/user/Desktop/ur_pick/ros2_ws/install/ur_onrobot_hello_moveit/share/ur_onrobot_hello_moveit/package.sh'
[3.180s] INFO:colcon.colcon_core.shell:Creating package script '/home/user/Desktop/ur_pick/ros2_ws/install/ur_onrobot_hello_moveit/share/ur_onrobot_hello_moveit/package.bash'
[3.181s] INFO:colcon.colcon_core.shell:Creating package script '/home/user/Desktop/ur_pick/ros2_ws/install/ur_onrobot_hello_moveit/share/ur_onrobot_hello_moveit/package.zsh'
[3.181s] Level 1:colcon.colcon_core.environment:create_file_with_runtime_dependencies(/home/user/Desktop/ur_pick/ros2_ws/install/ur_onrobot_hello_moveit/share/colcon-core/packages/ur_onrobot_hello_moveit)
[3.182s] Level 1:colcon.colcon_core.environment:create_environment_scripts_only(ur_onrobot_mtc)
[3.182s] Level 1:colcon.colcon_core.environment:checking '/home/user/Desktop/ur_pick/ros2_ws/install/ur_onrobot_mtc' for CMake module files
[3.183s] DEBUG:colcon.colcon_core.event_handler.log_command:Invoked command in '/home/user/Desktop/ur_pick/ros2_ws/build/ur_onrobot_mtc' returned '0': AMENT_PREFIX_PATH=/home/user/Desktop/ur_pick/ros2_ws/install/ur_onrobot_moveit_config:/home/user/Desktop/ur_pick/ros2_ws/install/ur_onrobot_control:/home/user/Desktop/ur_pick/ros2_ws/install/ur_onrobot_description:/home/user/Desktop/ur_pick/ros2_ws/install/onrobot_driver:/home/user/Desktop/ur_pick/ros2_ws/install/onrobot_description:${AMENT_PREFIX_PATH} CMAKE_PREFIX_PATH=/home/user/Desktop/ur_pick/ros2_ws/install/ur_onrobot_moveit_config:/home/user/Desktop/ur_pick/ros2_ws/install/ur_onrobot_control:/home/user/Desktop/ur_pick/ros2_ws/install/ur_onrobot_description:/home/user/Desktop/ur_pick/ros2_ws/install/onrobot_driver:/home/user/Desktop/ur_pick/ros2_ws/install/onrobot_description:/opt/ros/humble LD_LIBRARY_PATH=/home/user/Desktop/ur_pick/ros2_ws/install/onrobot_driver/lib:${LD_LIBRARY_PATH} PYTHONPATH=/home/user/Desktop/ur_pick/ros2_ws/install/ur_onrobot_moveit_config/local/lib/python3.10/dist-packages:${PYTHONPATH} /usr/bin/cmake --install /home/user/Desktop/ur_pick/ros2_ws/build/ur_onrobot_mtc
[3.183s] Level 1:colcon.colcon_core.environment:checking '/home/user/Desktop/ur_pick/ros2_ws/install/ur_onrobot_mtc' for CMake config files
[3.183s] Level 1:colcon.colcon_core.shell:create_environment_hook('ur_onrobot_mtc', 'cmake_prefix_path')
[3.183s] INFO:colcon.colcon_core.shell:Creating environment hook '/home/user/Desktop/ur_pick/ros2_ws/install/ur_onrobot_mtc/share/ur_onrobot_mtc/hook/cmake_prefix_path.ps1'
[3.184s] INFO:colcon.colcon_core.shell:Creating environment descriptor '/home/user/Desktop/ur_pick/ros2_ws/install/ur_onrobot_mtc/share/ur_onrobot_mtc/hook/cmake_prefix_path.dsv'
[3.184s] INFO:colcon.colcon_core.shell:Creating environment hook '/home/user/Desktop/ur_pick/ros2_ws/install/ur_onrobot_mtc/share/ur_onrobot_mtc/hook/cmake_prefix_path.sh'
[3.184s] Level 1:colcon.colcon_core.environment:checking '/home/user/Desktop/ur_pick/ros2_ws/install/ur_onrobot_mtc/lib'
[3.185s] Level 1:colcon.colcon_core.environment:checking '/home/user/Desktop/ur_pick/ros2_ws/install/ur_onrobot_mtc/bin'
[3.185s] Level 1:colcon.colcon_core.environment:checking '/home/user/Desktop/ur_pick/ros2_ws/install/ur_onrobot_mtc/lib/pkgconfig/ur_onrobot_mtc.pc'
[3.185s] Level 1:colcon.colcon_core.environment:checking '/home/user/Desktop/ur_pick/ros2_ws/install/ur_onrobot_mtc/lib/python3.10/site-packages'
[3.185s] Level 1:colcon.colcon_core.environment:checking '/home/user/Desktop/ur_pick/ros2_ws/install/ur_onrobot_mtc/bin'
[3.185s] INFO:colcon.colcon_core.shell:Creating package script '/home/user/Desktop/ur_pick/ros2_ws/install/ur_onrobot_mtc/share/ur_onrobot_mtc/package.ps1'
[3.186s] INFO:colcon.colcon_core.shell:Creating package descriptor '/home/user/Desktop/ur_pick/ros2_ws/install/ur_onrobot_mtc/share/ur_onrobot_mtc/package.dsv'
[3.186s] INFO:colcon.colcon_core.shell:Creating package script '/home/user/Desktop/ur_pick/ros2_ws/install/ur_onrobot_mtc/share/ur_onrobot_mtc/package.sh'
[3.186s] INFO:colcon.colcon_core.shell:Creating package script '/home/user/Desktop/ur_pick/ros2_ws/install/ur_onrobot_mtc/share/ur_onrobot_mtc/package.bash'
[3.187s] INFO:colcon.colcon_core.shell:Creating package script '/home/user/Desktop/ur_pick/ros2_ws/install/ur_onrobot_mtc/share/ur_onrobot_mtc/package.zsh'
[3.187s] Level 1:colcon.colcon_core.environment:create_file_with_runtime_dependencies(/home/user/Desktop/ur_pick/ros2_ws/install/ur_onrobot_mtc/share/colcon-core/packages/ur_onrobot_mtc)
[3.187s] Level 1:colcon.colcon_core.environment:create_environment_scripts_only(ur_onrobot_mtc)
[3.187s] Level 1:colcon.colcon_core.environment:checking '/home/user/Desktop/ur_pick/ros2_ws/install/ur_onrobot_mtc' for CMake module files
[3.188s] Level 1:colcon.colcon_core.environment:checking '/home/user/Desktop/ur_pick/ros2_ws/install/ur_onrobot_mtc' for CMake config files
[3.188s] Level 1:colcon.colcon_core.shell:create_environment_hook('ur_onrobot_mtc', 'cmake_prefix_path')
[3.188s] INFO:colcon.colcon_core.shell:Creating environment hook '/home/user/Desktop/ur_pick/ros2_ws/install/ur_onrobot_mtc/share/ur_onrobot_mtc/hook/cmake_prefix_path.ps1'
[3.189s] INFO:colcon.colcon_core.shell:Creating environment descriptor '/home/user/Desktop/ur_pick/ros2_ws/install/ur_onrobot_mtc/share/ur_onrobot_mtc/hook/cmake_prefix_path.dsv'
[3.189s] INFO:colcon.colcon_core.shell:Creating environment hook '/home/user/Desktop/ur_pick/ros2_ws/install/ur_onrobot_mtc/share/ur_onrobot_mtc/hook/cmake_prefix_path.sh'
[3.189s] Level 1:colcon.colcon_core.environment:checking '/home/user/Desktop/ur_pick/ros2_ws/install/ur_onrobot_mtc/lib'
[3.189s] Level 1:colcon.colcon_core.environment:checking '/home/user/Desktop/ur_pick/ros2_ws/install/ur_onrobot_mtc/bin'
[3.189s] Level 1:colcon.colcon_core.environment:checking '/home/user/Desktop/ur_pick/ros2_ws/install/ur_onrobot_mtc/lib/pkgconfig/ur_onrobot_mtc.pc'
[3.189s] Level 1:colcon.colcon_core.environment:checking '/home/user/Desktop/ur_pick/ros2_ws/install/ur_onrobot_mtc/lib/python3.10/site-packages'
[3.190s] Level 1:colcon.colcon_core.environment:checking '/home/user/Desktop/ur_pick/ros2_ws/install/ur_onrobot_mtc/bin'
[3.190s] INFO:colcon.colcon_core.shell:Creating package script '/home/user/Desktop/ur_pick/ros2_ws/install/ur_onrobot_mtc/share/ur_onrobot_mtc/package.ps1'
[3.190s] INFO:colcon.colcon_core.shell:Creating package descriptor '/home/user/Desktop/ur_pick/ros2_ws/install/ur_onrobot_mtc/share/ur_onrobot_mtc/package.dsv'
[3.191s] INFO:colcon.colcon_core.shell:Creating package script '/home/user/Desktop/ur_pick/ros2_ws/install/ur_onrobot_mtc/share/ur_onrobot_mtc/package.sh'
[3.191s] INFO:colcon.colcon_core.shell:Creating package script '/home/user/Desktop/ur_pick/ros2_ws/install/ur_onrobot_mtc/share/ur_onrobot_mtc/package.bash'
[3.191s] INFO:colcon.colcon_core.shell:Creating package script '/home/user/Desktop/ur_pick/ros2_ws/install/ur_onrobot_mtc/share/ur_onrobot_mtc/package.zsh'
[3.192s] Level 1:colcon.colcon_core.environment:create_file_with_runtime_dependencies(/home/user/Desktop/ur_pick/ros2_ws/install/ur_onrobot_mtc/share/colcon-core/packages/ur_onrobot_mtc)
[3.192s] DEBUG:colcon.colcon_parallel_executor.executor.parallel:closing loop
[3.192s] DEBUG:colcon.colcon_parallel_executor.executor.parallel:loop closed
[3.192s] DEBUG:colcon.colcon_parallel_executor.executor.parallel:run_until_complete finished with '0'
[3.192s] DEBUG:colcon.colcon_core.event_reactor:joining thread
[3.200s] INFO:colcon.colcon_core.plugin_system:Skipping extension 'colcon_notification.desktop_notification.notify_send': Could not find 'notify-send'
[3.200s] INFO:colcon.colcon_core.plugin_system:Skipping extension 'colcon_notification.desktop_notification.terminal_notifier': Not used on non-Darwin systems
[3.200s] INFO:colcon.colcon_core.plugin_system:Skipping extension 'colcon_notification.desktop_notification.win32': Not used on non-Windows systems
[3.200s] INFO:colcon.colcon_notification.desktop_notification:Sending desktop notification using 'notify2'
[3.225s] DEBUG:colcon.colcon_core.event_reactor:joined thread
[3.226s] INFO:colcon.colcon_core.shell:Creating prefix script '/home/user/Desktop/ur_pick/ros2_ws/install/local_setup.ps1'
[3.227s] INFO:colcon.colcon_core.shell:Creating prefix util module '/home/user/Desktop/ur_pick/ros2_ws/install/_local_setup_util_ps1.py'
[3.229s] INFO:colcon.colcon_core.shell:Creating prefix chain script '/home/user/Desktop/ur_pick/ros2_ws/install/setup.ps1'
[3.230s] INFO:colcon.colcon_core.shell:Creating prefix script '/home/user/Desktop/ur_pick/ros2_ws/install/local_setup.sh'
[3.231s] INFO:colcon.colcon_core.shell:Creating prefix util module '/home/user/Desktop/ur_pick/ros2_ws/install/_local_setup_util_sh.py'
[3.231s] INFO:colcon.colcon_core.shell:Creating prefix chain script '/home/user/Desktop/ur_pick/ros2_ws/install/setup.sh'
[3.232s] INFO:colcon.colcon_core.shell:Creating prefix script '/home/user/Desktop/ur_pick/ros2_ws/install/local_setup.bash'
[3.232s] INFO:colcon.colcon_core.shell:Creating prefix chain script '/home/user/Desktop/ur_pick/ros2_ws/install/setup.bash'
[3.233s] INFO:colcon.colcon_core.shell:Creating prefix script '/home/user/Desktop/ur_pick/ros2_ws/install/local_setup.zsh'
[3.233s] INFO:colcon.colcon_core.shell:Creating prefix chain script '/home/user/Desktop/ur_pick/ros2_ws/install/setup.zsh'
